ws,wt,wc,wcl,wd,dm,Score_FGM_mean,Score_FGM_max,Score_FRENET_mean,Score_FRENET_max,duration_s_mean,collision_flag_sum,fgm_min_d_mean,fre_min_d_mean,fgm_ratio_mean,frenet_ratio_mean
0.93,2.02,1.36,2.2,2.46,0.48,34.849392075385765,38.58026913178772,31.470567203626963,33.560821419203556,13.64875,0,0.0028291699999999998,0.0083260425,0.29490393868949116,0.7050960613105088
0.99,2.18,1.47,2.33,2.63,0.54,34.484443679043075,38.54623973396893,31.427790665827935,35.64735845584386,13.60875,0,0.0049339975000000005,0.00754690375,0.25522409151164005,0.74477590848836
1.5,2.47,1.69,2.56,2.82,0.58,34.443281231542,39.939050874073935,31.0891403789086,32.97991066027932,13.73375,0,0.00375007125,0.00778096875,0.2626420961199735,0.7373579038800264
1.75,1.6,0.98,1.32,0.53,0.47,34.40292434991511,37.801932649155304,35.58943999997883,37.41956162429524,11.725,0,0.0036316375,0.01781580375,0.36738709248360124,0.6326129075163988
1.12,2.38,1.66,2.44,2.8,0.54,34.37672244310965,37.927876897157695,31.26315760248061,35.16195214383926,13.525,0,0.00428713,0.007953294999999999,0.28983060215175704,0.710169397848243
0.83,2.59,1.74,2.67,2.86,0.59,34.293529507751956,37.34401094197656,31.461087365298116,34.555304038643605,13.43875,0,0.0037430287500000003,0.008062355,0.28731957008111775,0.7126804299188823
0.8,2.4,1.65,2.56,2.79,0.57,34.26081161420446,38.182244494247115,31.642669905538227,32.325100247466374,13.56125,0,0.00446177,0.01183322125,0.2708523875185266,0.7291476124814734
0.83,2.43,1.67,2.57,2.79,0.56,34.2175750309501,36.3667294977871,32.11493202041386,34.92637731297925,13.303749999999999,0,0.00405511625,0.01151431875,0.3034029820273019,0.6965970179726981
1.55,1.4,0.86,1.13,0.44,0.4,34.081751171721876,38.112485649319524,33.988604450489134,35.8427326914539,12.30375,0,0.00301189625,0.0147028,0.3349626880410765,0.6650373119589235
1.41,2.18,1.44,2.2,2.49,0.53,33.88191383043478,36.25482324964045,33.3627129327796,41.26900685324225,13.27375,0,0.0029390600000000003,0.019837085,0.2774237187979184,0.7225762812020816
2.67,1.66,0.97,1.52,1.88,0.46,33.87810877408393,36.841212408660695,32.73615970193593,34.923039848405324,12.985,0,0.0028871025,0.015130498749999999,0.2687946605564938,0.7312053394435062
0.98,2.48,1.56,2.4,2.62,0.52,33.853060740943306,37.20827561831478,33.277353817972205,36.91834821158365,13.30375,0,0.0038895575,0.01584341,0.30468751695740226,0.6923600545662172
0.69,1.53,1.28,2.57,3.01,0.59,33.80553518248827,37.211036977292586,31.441691597871824,34.83700515784028,14.01375,0,0.00206468,0.0103168025,0.26810997816496224,0.7318900218350377
1.23,2.27,1.61,2.34,2.65,0.52,33.7904602579105,37.5811545552155,31.68987096029584,33.33081014934852,13.936250000000001,0,0.00278813625,0.013891733750000001,0.2748608658524065,0.7251391341475936
0.81,2.47,1.66,2.63,2.86,0.59,33.78964762175276,46.289157987483016,31.336991308717764,36.700825007098956,13.59375,0,0.009900708749999999,0.00501860125,0.21572809656046513,0.7605704868031382
1.71,1.55,0.93,1.28,0.49,0.45,33.78862241733451,36.854733130658204,35.09978855092332,39.20963942936426,12.307500000000001,0,0.00216308625,0.026164938750000002,0.33735641814999406,0.6626435818500059
1.37,1.98,1.12,1.87,2.21,0.45,33.757895364553605,36.63497381497575,33.270024699017846,45.72014036361356,13.235,0,0.0026226,0.0205836425,0.27752890918806444,0.7224710908119356
0.87,2.58,1.81,2.71,2.91,0.57,33.74859317593411,36.9144218123612,31.46419937376042,35.16275863587289,13.838750000000001,0,0.002087625,0.010269187499999999,0.2931411971655128,0.7068588028344872
1.41,2.66,1.7,2.3,2.59,0.51,33.63355246984675,38.12862896963913,32.49063074165461,35.021408986916114,13.47125,0,0.00420532,0.01533843875,0.31222887054836235,0.6877711294516377
0.88,2.19,1.49,2.35,2.66,0.54,33.61120318335365,39.30954124992697,31.140115060838262,32.55659432709347,13.77,0,0.00268257,0.00956654625,0.2607537136297372,0.7367362462096202
2.39,1.5,0.82,1.26,1.34,0.37,33.58699524844672,37.92411008858805,33.13486059896668,35.063152045637565,12.6775,0,0.0021157150000000002,0.00712785375,0.26538519532545396,0.734614804674546
2.64,1.57,0.69,1.09,1.08,0.3,33.57047951545894,35.88312232588078,34.807779304024294,38.493921528424636,12.49375,0,0.00223984875,0.017591795,0.28551955192975564,0.7144804480702444
0.92,1.99,1.4,2.22,2.49,0.47,33.55219880014543,35.413070417448225,33.28171742330256,38.42894506361041,13.23625,0,0.0020523375,0.015904885,0.2622771948496482,0.7377228051503518
0.73,1.79,1.2,2.27,2.62,0.51,33.54621513300053,36.632026122599704,31.532445603244557,33.69470597473487,13.56125,0,0.00234331875,0.0085825075,0.25185239313062147,0.7481476068693785
1.45,2.32,1.58,2.45,2.75,0.56,33.4776184165918,37.19974411002266,32.296053304992185,38.6329871887252,13.27875,0,0.0026557325,0.0128413525,0.2519579221914633,0.7480420778085367
2.47,1.47,0.83,1.26,1.34,0.37,33.43364382856931,35.96441634375846,32.88556229764896,35.853668465384544,12.58,0,0.0019078699999999999,0.0096562625,0.24717174846530388,0.7528282515346961
1.59,2.56,1.96,2.79,3.12,0.59,33.37533361761596,35.68481216297773,32.232664291102516,34.38424953732398,13.35125,0,0.00200036125,0.01389149,0.29166621415810595,0.708333785841894
2.17,1.69,0.94,1.24,1.15,0.35,33.34244165255376,37.247546987681154,33.47220444335633,35.24703744101673,12.63875,0,0.0026906775,0.016162569999999998,0.28764307296652536,0.7123569270334746
0.95,2.06,1.39,2.24,2.51,0.49,33.327313379883684,36.897440165064964,31.183424337879085,33.14436340216023,13.78875,0,0.00185604,0.009965598749999999,0.2795603791432209,0.7204396208567792
2.91,1.32,0.66,1.12,1.01,0.3,33.311704056287596,36.03686651503709,33.47245295989769,34.992688948378756,12.38125,0,0.0029474525,0.00879474875,0.2883023025256546,0.7116976974743454
1.93,2.11,1.38,2.15,2.41,0.51,33.29769945583145,35.66607548598119,31.311807984738017,36.27395575771033,13.64125,0,0.00337876625,0.00792812125,0.21800475782254325,0.7819952421774568
1.41,1.89,1.23,1.88,2.2,0.45,33.29681646288553,36.56480322358785,32.620059218311994,35.1859297498377,13.18875,0,0.0035694775,0.01605602875,0.2805196562956202,0.7194803437043797
2.9,1.6,0.74,1.29,1.42,0.41,33.28822466021388,36.06943502052079,34.101886945249944,39.26572572278767,12.49375,0,0.00298809875,0.012649977500000001,0.2844943208660527,0.7155056791339472
0.88,2.21,1.52,2.36,2.64,0.54,33.287649586897295,35.845315864435186,30.748044055304256,32.900239170219436,13.70875,0,0.0026195525,0.01118448,0.25131298233293026,0.7486870176670698
0.87,2.51,1.71,2.62,2.86,0.58,33.216796108079166,37.95421698645999,31.4981591704425,38.27536605325446,13.85875,0,0.0030374275000000003,0.01224952625,0.31521655551556743,0.6847834444844325
1.26,2.28,1.63,2.35,2.66,0.53,33.206032388452016,36.73223360024216,30.92759324736343,33.696695484636194,13.73,0,0.00433924875,0.009484331249999998,0.2853119712084131,0.7146880287915869
0.96,2.07,1.4,2.25,2.52,0.49,33.19022003631022,36.83872328969351,31.57529400606216,33.735991516734565,13.65,0,0.00226882875,0.012700241250000001,0.25098779873463817,0.7490122012653618
1.34,1.86,1.18,1.85,2.16,0.45,33.16125187693978,36.162599641288466,31.225665033957952,33.07665662208332,13.78875,0,0.00227139,0.01186993375,0.25541805095788506,0.7445819490421149
2.71,1.55,0.9,1.47,1.82,0.45,33.14457483535634,36.372333997810436,31.953992618433343,33.58914199607588,13.275,0,0.00231644875,0.0105451,0.19941766432158145,0.8005823356784185
1.41,2.31,1.57,2.44,2.74,0.56,33.128942242895846,35.254691068765716,31.835794752113983,35.242765335864064,13.625,0,0.00239647875,0.0160727975,0.27846538048474545,0.7215346195152545
1.61,1.49,0.91,1.21,0.48,0.43,33.11943267617367,35.37283965495474,33.78379510491756,35.70054918492415,12.48375,0,0.00331114375,0.00961914125,0.3159146776355687,0.6840853223644313
1.8,1.65,1.02,1.35,0.55,0.49,33.09644767803093,36.35736644344581,35.61211315024321,39.029217855563516,11.8775,0,0.0027530625000000003,0.0197446425,0.31892977766301067,0.6810702223369893
0.88,2.53,1.72,2.63,2.87,0.58,33.07388577802096,36.91860837479367,31.425139331628458,34.40100396331721,13.69375,0,0.00411647875,0.00879251375,0.2538991579731959,0.746100842026804
2.88,1.62,0.76,1.3,1.44,0.42,33.03031510775299,35.528138275931056,32.810496599656815,35.101362118203554,12.58375,0,0.003575385,0.0071937,0.28753727872489687,0.7124627212751031
1.69,1.53,0.94,1.26,0.5,0.44,33.026073060886404,36.46467488610446,35.229058906940004,39.14489201672185,12.2525,0,0.001995645,0.01802981875,0.32258449751113055,0.6774155024888694
2.92,1.42,1.04,1.58,1.77,0.47,32.99475413297794,37.09567266146379,32.333861734815486,34.50926994332246,13.0475,0,0.00307687875,0.01232920625,0.20797492978171767,0.7920250702182823
1.36,1.85,1.17,1.84,2.15,0.45,32.9860077000602,39.19671998467103,30.95892366159703,33.82762204217254,13.71625,0,0.00360927125,0.007262795,0.23078530776121903,0.769214692238781
2.58,1.29,0.73,1.22,1.41,0.37,32.939724187374885,35.418644072213986,32.67341275099982,34.487182123323464,12.9475,0,0.00276531625,0.00983800625,0.2113293184636323,0.7886706815363678
0.78,1.69,1.05,2.18,2.56,0.49,32.92564920201762,34.21037434416997,31.23593981020251,32.926714271380106,13.735,0,0.00202729375,0.00937075375,0.2690773968159117,0.7309226031840883
1.56,2.52,1.93,2.79,3.1,0.59,32.90000329800334,37.860764490056035,31.794544311729737,35.518131900510596,13.7925,0,0.0036212412499999997,0.016916565,0.272852549823847,0.727147450176153
2.03,1.14,0.82,1.53,1.92,0.46,32.88879050669125,38.03308155683005,31.60403354371477,34.06062258295299,13.50625,0,0.00201218625,0.0109312725,0.20789618095722143,0.7921038190427786
1.96,2.14,1.42,2.21,2.49,0.53,32.86250822677755,35.741277123920604,32.28910124509752,36.22279760197647,13.41625,0,0.0041214625,0.01173465875,0.22191406990268386,0.7780859300973161
1.63,1.65,0.96,1.28,1.33,0.38,32.85287928856692,37.04670748881143,31.566179002354176,34.219592755815185,13.37125,0,0.0027423725,0.008596583750000001,0.21908703930757478,0.7804660000249639
1.0142,1.0977,2.0636,1.6002,1.2406,0.2008,32.830397146869814,38.40319422515998,32.18157035863211,37.65292789454641,15.085,0,0.00504548,0.014583578750000001,0.3119128279684008,0.6880871720315991
1.88,1.74,1.03,1.33,1.53,0.42,32.82056645683803,35.74277898737103,33.14401670061267,35.69434979557796,12.77875,0,0.00249618,0.01091660375,0.251953761078663,0.7480462389213369
0.83,2.11,1.43,2.29,2.6,0.53,32.801973206773155,40.84407451803547,31.763045630089945,35.50138383906625,13.7825,0,0.00457751875,0.008841324999999999,0.26038049550160947,0.7396195044983905
0.84,2.27,1.55,2.39,2.67,0.54,32.79200180567478,36.42903021080428,31.26474461863736,33.64603837269177,13.735,0,0.0022500175,0.01087468875,0.2950819173576008,0.7049180826423992
2.56,1.21,0.92,1.44,1.73,0.43,32.77349998755855,36.46479725807284,30.37462223994268,33.65824398846845,13.68125,0,0.00233136875,0.0075088275,0.21011801404321123,0.7898819859567887
1.3,2.04,1.28,2.04,2.36,0.48,32.759497404067886,34.8913900690949,30.987823466518122,32.223872044191424,13.85,0,0.0029722975,0.01024960125,0.2293586473742724,0.7706413526257276
0.86,2.55,1.76,2.69,2.91,0.59,32.73385245544056,35.56671200431062,32.27801324166905,37.28341368394313,13.44875,0,0.0017874725,0.012642585,0.281123122720055,0.718876877279945
1.29,2.31,1.57,2.4,2.69,0.55,32.72083170298029,37.77697353750242,31.397616288795092,35.17708477135108,13.7875,0,0.00250182375,0.010757108750000001,0.252441870712676,0.747558129287324
1.85,2.12,1.5,2.33,2.67,0.52,32.69410790869638,36.483605175161635,31.040794980799273,32.35014992443682,13.69625,0,0.0019169175,0.01038371,0.23541139405640027,0.7645886059435998
2.77,1.18,0.92,1.54,1.82,0.45,32.68862262706756,37.46945374918012,32.528075251398526,36.30134956269563,13.145,0,0.0029233325,0.013939245,0.1852798472882858,0.8147201527117142
1.68,1.51,0.94,1.26,0.5,0.44,32.67766220960382,36.07888025976457,34.93137117127432,38.061384250501554,12.02125,0,0.00196987625,0.01308026375,0.32341869033088216,0.6736704646924045
1.21,2.25,1.6,2.32,2.63,0.52,32.66383500516464,36.96339492905094,31.70970255063631,35.754383105096274,13.65875,0,0.00205208875,0.014160531249999999,0.2220671362879535,0.7779328637120465
1.66,1.48,0.92,1.22,0.49,0.43,32.65092102657606,34.68131870764112,35.133722798156334,39.39845399524265,12.045,0,0.00338263625,0.01244424125,0.33051882036788033,0.6694811796321197
0.92,2.45,1.68,2.61,2.88,0.58,32.62374539443225,35.73128707917998,31.540373964030447,34.083075444389024,13.555,0,0.0021242187500000002,0.0072424362499999995,0.2697558896789534,0.7302441103210466
1.57,2.36,1.6,2.44,2.73,0.57,32.6155181803288,36.387816992996214,30.412169052803552,33.198918867153374,14.106250000000001,0,0.0029707099999999997,0.0085854975,0.24544617361092386,0.7545538263890761
1.19,2.19,1.58,2.36,2.66,0.53,32.597446831360024,36.64563801996907,31.93648144921102,36.95892597434505,13.76625,0,0.0021672425,0.013564672500000001,0.24931367741254074,0.7481610700622068
0.76,1.82,1.22,2.29,2.64,0.52,32.56054994533518,35.73257712578819,31.81303262648239,35.54631932248009,13.545,0,0.0021058362499999997,0.01357437875,0.23360067077886182,0.7612487182521129
1.65,1.47,0.9,1.2,0.47,0.42,32.53930940179907,35.113615360338756,34.943677018451574,36.37445120579552,12.0875,0,0.00257817375,0.012703135,0.33227263012222513,0.6677273698777748
1.128,1.2613,3.1432,1.8351,1.6502,0.2074,32.52315448569191,39.07905923880354,31.970205787402364,36.16787303339345,15.161249999999999,0,0.0056553687500000005,0.015450413750000001,0.3443413970161372,0.6556586029838628
0.9,2.51,1.72,2.61,2.87,0.58,32.51988919931268,37.178835435076486,31.55825170348917,34.477867327346054,14.01375,0,0.0032027799999999997,0.01156706375,0.26218913144711814,0.7378108685528819
1.72,1.57,0.96,1.29,0.51,0.45,32.50978723778496,36.4824681528481,35.14693716062903,38.06370998326219,12.1875,0,0.00242745875,0.01735276875,0.31932780447790676,0.6806721955220932
2.49,1.35,0.64,1.18,1.17,0.33,32.48547631376577,34.45732884896392,33.253238368849935,36.11535936469032,12.415000000000001,0,0.0032786,0.01001563875,0.26794930268738487,0.7320506973126152
0.9,2.22,1.51,2.39,2.69,0.55,32.4830372653691,38.22078107029435,30.938627386056854,35.02713872196586,13.875,0,0.00292519,0.01145469,0.22174771271160648,0.7782522872883935
1.58,2.05,1.75,2.61,2.83,0.49,32.47357467172505,36.541772142929496,30.774936295027356,32.93816659452012,14.1775,0,0.0018678625,0.01319924125,0.20264389770572244,0.7973561022942776
2.78,1.33,0.84,1.41,1.69,0.44,32.42018702436749,34.24012358605292,32.68561303095841,39.03750529183694,13.28625,0,0.00251510625,0.0204215875,0.2223519291264413,0.7776480708735587
0.75,2.44,1.74,2.6,2.89,0.58,32.41164726992043,34.948222191816676,31.727640679472692,37.664109899524256,13.985,0,0.005090445,0.01464323375,0.2462990211378173,0.7537009788621827
2.73,1.53,0.88,1.45,1.8,0.46,32.40753824080143,36.003941779208844,31.869871638907497,35.456993886509444,13.28375,0,0.00218206875,0.0113158875,0.19983197371820943,0.8001680262817906
2.98,1.08,0.79,1.2,1.41,0.4,32.36461060128886,36.63666733577552,32.054702195375405,34.13585481007555,13.0125,0,0.00283939125,0.0103701325,0.23436390361806972,0.7656360963819302
0.68,2.06,1.32,2.46,2.72,0.56,32.33121590349419,35.2772538906692,31.659298030585845,33.47315165943258,14.015,0,0.00284353,0.0116641175,0.2708366503356546,0.7266130727771405
0.82,2.32,1.64,2.52,2.74,0.54,32.29663835863799,34.89975074764061,31.752182773669674,36.43961606677598,13.6625,0,0.00257795625,0.0096064175,0.2594441173589681,0.7405558826410319
1.76,1.61,0.99,1.34,0.53,0.47,32.29545304209321,34.50115598469502,35.602821977392026,37.60443584017796,12.1075,0,0.0023959475,0.01677252125,0.3111994299098759,0.6888005700901241
1.43,2.3,1.56,2.43,2.73,0.56,32.282467974260136,36.854213095925616,31.846242800828357,33.663952075403365,13.80625,0,0.0017727387499999999,0.01479787875,0.23277522817552174,0.7672247718244782
2.62,1.59,0.71,1.12,1.09,0.31,32.28239210481355,35.490984457311555,33.76395805087754,36.99288421992161,12.74625,0,0.00200604875,0.01329422875,0.28227580347010883,0.7177241965298912
0.91,2.61,1.77,2.73,2.92,0.59,32.19894878574084,35.86027315127714,31.08208093568293,33.97845418123093,13.98875,0,0.00262121125,0.012493845,0.24620300894722114,0.7511524737702997
0.94,2.05,1.38,2.23,2.5,0.49,32.160228805107,34.48904120319829,31.187040102185403,35.264007589081004,13.73,0,0.00224150375,0.010911255,0.24192714188132802,0.758072858118672
1.37,1.91,1.19,1.78,2.09,0.44,32.11204431146124,35.22354015049669,31.500513735687463,34.79315055210491,13.88125,0,0.004195385,0.0118820475,0.22402840194872176,0.7759715980512782
1.63,1.46,0.9,1.19,0.47,0.42,31.95234211738584,35.21509920860538,36.625073155116155,39.04991032084585,12.02625,0,0.0023521125,0.02931267125,0.3425303145467501,0.6574696854532499
0.9,2.59,1.76,2.67,2.91,0.59,31.783614751343695,35.07798001173887,31.65501571386889,37.85514304149324,13.71375,0,0.00155703,0.01279421875,0.2638872461592232,0.7361127538407768
0.5138,0.8112,0.9638,2.6165,2.0187,0.2588,31.764228898605793,39.209000901562675,29.90800565434297,34.45756718781416,15.6275,0,0.00277416875,0.00911140375,0.29711042984969455,0.7028895701503055
0.7,1.71,1.08,2.19,2.54,0.5,31.759380981850505,36.41439524680971,31.51479630212756,34.690598672805024,13.82875,0,0.00261715125,0.00776293625,0.20773265257252538,0.7922673474274746
1.33,1.86,1.14,1.81,2.11,0.44,31.604395968073433,34.73200965535771,31.578596916428197,35.64565719449096,13.95375,0,0.0023018987499999997,0.01392932625,0.2100390469038928,0.7899609530961073
1.61,1.59,0.92,1.23,1.29,0.36,31.47074026102025,33.73295348163515,32.876539995147276,34.43779013891778,13.09,0,0.00293060125,0.01502663625,0.2678324503643329,0.7321675496356671
1.6,1.63,0.93,1.24,1.3,0.37,31.42950428346571,34.5753400211123,32.012007198666424,34.915661696067666,13.21375,0,0.0027629687500000002,0.00883477625,0.22774334573793098,0.7717115351745145
2.95,1.34,0.89,1.42,1.67,0.43,31.358370997218945,33.61943344836515,33.039260157782884,36.158373258298596,13.03125,0,0.00299571375,0.01270725125,0.20726249139125758,0.7896824438266459
2.5,1.24,0.72,1.19,1.25,0.33,31.355356434338944,35.07841119356364,31.52860453971404,35.61594888052622,13.42625,0,0.00324283125,0.0076709125,0.18664401046933685,0.8133559895306631
2.7,1.27,0.69,1.09,1.12,0.31,31.259826415389355,33.669332451876755,33.87999142791345,35.76003252805726,12.5625,0,0.00200426125,0.0121063925,0.2803749585468841,0.7196250414531159
0.5638,0.8564,0.8468,2.8497,2.6366,0.2548,31.136740178911403,36.38398058077669,29.615074576825783,34.83061363524705,15.872499999999999,0,0.0029221475,0.0102188275,0.2740336684121817,0.7259663315878183
2.77,1.25,1.05,1.57,1.84,0.45,30.96873339110896,34.56107495505792,31.45865591069036,35.1495857767776,13.49375,0,0.002445895,0.007247119999999999,0.20082741635036347,0.7991725836496365
1.38,1.89,1.22,1.86,2.17,0.45,30.810389565544032,39.149819114506535,26.9566202111432,33.02308884564626,13.87125,0,0.0071453587500000006,0.02997554875,0.2752879187839658,0.7247120812160341
1.52,2.11,1.46,2.14,2.43,0.5,30.69144273508283,39.1135115932401,28.03331573824536,35.20892550256547,11.2925,0,0.003461145714285714,0.006616118571428571,0.19005954826843036,0.6597322692551033
1.38,2.24,1.51,2.37,2.66,0.55,30.301650668668742,36.246268286504105,28.326241424024914,35.526979440700146,12.68125,1,0.00406377125,0.0116691225,0.30690226117060604,0.693097738829394
1.52,1.39,0.85,1.12,0.43,0.39,30.140586188713346,37.34513871190377,30.85623392366066,37.950671749336145,11.01875,1,0.004890955,0.019714259999999997,0.3987014518062825,0.6012985481937174
1.91,2.1,1.36,2.13,2.47,0.52,30.120130029679608,35.87564727767234,27.817585777405906,37.24603616483017,14.1025,0,0.003514645,0.0117459125,0.23415040773349535,0.7658495922665046
0.84,2.5,1.7,2.61,2.85,0.58,30.063812705384926,37.497547840628606,27.29651684999886,33.270878316234196,12.085,1,0.004154992857142857,0.009382680000000001,0.22676638784934,0.64823361215066
0.85,2.45,1.69,2.58,2.81,0.57,29.978013057387486,37.5086490038674,27.311643092470582,34.147540857654256,12.0,0,0.00187225,0.006181444285714286,0.2551182033732982,0.6198817966267018
1.55,1.42,0.87,1.15,0.45,0.4,29.91228255504185,37.60584161310847,31.246537564330104,40.081828996368735,12.13,0,0.00286370125,0.01840296125,0.2873694031606031,0.7073622844181754
0.97,2.09,1.41,2.26,2.53,0.49,29.906983622073604,36.616166912884815,27.15558374349739,33.53765031907694,12.21,0,0.0026078542857142853,0.011968941428571429,0.24360130842337113,0.6313986915766289
1.49,2.57,1.92,2.77,3.09,0.6,29.856616354612726,38.4132058986315,28.47986776574875,36.43464668735174,11.52,0,0.002304002857142857,0.015118789999999998,0.2459992828968196,0.6290007171031804
1.62,1.51,1.05,1.42,1.67,0.41,29.829154434456715,36.84052640655475,29.07654727683702,38.53773348497739,12.76375,1,0.00862599,0.02951854625,0.26725090448580224,0.7327490955141978
0.66,2.04,1.31,2.44,2.71,0.56,29.822268084275166,36.739655588058994,28.199814999487113,35.5157171751372,11.70125,0,0.003175228571428571,0.02088409714285714,0.2476076354537557,0.6273923645462444
1.57,2.54,1.95,2.77,3.12,0.6,29.81311446878891,38.20461873105572,27.66434627722835,34.272664808085,14.3275,0,0.0074386174999999995,0.01188894875,0.23730236753735323,0.7626976324626468
0.91,2.12,1.43,2.33,2.59,0.53,29.721978738485888,36.86999543389719,27.983770979022967,35.93039541927335,12.03,0,0.0018345271428571429,0.016147454285714284,0.2525276417713398,0.6224723582286602
0.95,2.05,1.38,2.29,2.55,0.54,29.72181980063291,37.657282797412236,27.963942894472176,36.78785749771999,11.79375,0,0.0032234614285714287,0.016929284285714285,0.26334818899720464,0.6116518110027953
1.48,2.41,1.83,2.59,2.88,0.58,29.64858473888418,37.47609888516671,27.47587198968221,34.93615869938864,11.99125,0,0.004057217142857143,0.012764931428571427,0.2472837245828268,0.6277162754171732
1.5,2.43,1.84,2.6,2.89,0.58,29.580730723011285,37.29028445267666,28.270629085700175,36.14503965504178,14.38,0,0.00211712125,0.015186086250000001,0.2460967845768055,0.7539032154231945
2.35,1.75,0.73,1.11,1.1,0.31,29.529049935160216,36.828772418864666,29.64317652785982,36.02286099369538,11.2175,1,0.00257469,0.017551655000000003,0.3464535735425303,0.6535464264574697
1.73,1.58,0.97,1.3,0.52,0.46,29.388351935464726,35.87513079915682,31.083156005645225,38.829103544764756,11.74875,1,0.0041232225,0.02640617375,0.3340847248455766,0.6659152751544234
1.58,2.49,1.7,2.57,2.82,0.58,29.359285099922538,36.44144256265656,27.54777246782196,35.17382426936394,14.276250000000001,0,0.0037171187499999998,0.0063723575,0.26415682410634417,0.7358431758936559
1.99,2.08,1.44,2.25,2.59,0.52,29.3433204989464,37.192638763420014,27.975675102370655,34.13135049116992,13.18375,1,0.00410256375,0.014939225,0.25566820578309657,0.7443317942169034
2.13,1.45,0.91,1.47,1.84,0.44,29.314646595021816,36.56301569648116,27.754642320990726,35.18290203478529,14.165000000000001,0,0.00477302875,0.013457479999999999,0.2052948483570295,0.7947051516429705
1.56,1.41,0.86,1.14,0.44,0.4,29.260537182470728,35.70428015497915,32.38727914825609,40.08375859691052,11.5025,1,0.00240446125,0.0272243125,0.32604895066390877,0.6739510493360912
0.89,2.14,1.44,2.3,2.61,0.52,29.259255142110042,37.18693543909701,27.271617262556816,33.695733418417305,12.08125,0,0.0031479957142857146,0.009509552857142858,0.24705470150937744,0.6279452984906225
0.65,1.79,1.21,2.41,2.8,0.56,29.21388945037244,37.121065701375905,28.173467653653066,37.08846701584544,12.15,0,0.0026876057142857144,0.01538308142857143,0.2188619387711881,0.6561380612288119
1.59,1.44,0.88,1.17,0.46,0.41,29.210110185870956,36.525239382816586,30.53855947588391,37.47680856577698,11.86125,1,0.0032598024999999997,0.01789639375,0.29360836608426216,0.7063916339157379
0.77,2.31,1.4,2.33,2.68,0.55,29.149098979356914,35.29761553936967,26.807143854398277,33.3992901567991,12.1475,0,0.0028477385714285714,0.00948501857142857,0.24616665945303437,0.6288333405469656
0.77,1.95,1.32,2.26,2.57,0.52,29.13640102467001,38.03896627438679,27.350211588585942,33.245513701301824,14.17875,0,0.00406043125,0.0082094525,0.24847590098530092,0.7515240990146991
1.7,1.54,0.95,1.27,0.51,0.45,29.076016397988553,37.31293171678447,31.299804143193562,40.56082416015657,11.5075,1,0.002492045,0.02068567375,0.3264821580558187,0.6735178419441813
1.73,1.84,0.88,1.26,1.41,0.39,29.046578920819027,38.00557816983879,29.134205575873423,35.41368430551384,11.105,0,0.0029704971428571427,0.012051130000000002,0.2018946437242754,0.6731053562757245
1.64,1.47,0.91,1.2,0.48,0.42,29.025701358931734,35.745422199211596,30.481397362530565,37.04692326256525,11.7275,1,0.00443247375,0.01442194875,0.33526966727231644,0.6647303327276836
0.86,2.61,1.72,2.69,2.94,0.58,28.981382633405214,37.016353585957454,27.084412935996387,32.674275484972824,14.52375,0,0.00292426,0.014119166249999999,0.2747791777753359,0.7252208222246641
1.54,2.29,1.55,2.42,2.71,0.56,28.960118976919336,35.42212252353401,28.455058288424706,35.734678679197216,11.72875,0,0.002386852857142857,0.013677428571428573,0.20992278477596565,0.6650772152240344
0.7025,1.5402,2.4927,1.6393,1.0657,0.1871,28.94279700740318,37.47676586304246,27.92411764458629,35.072159241016784,13.2125,1,0.01000753375,0.0188703925,0.4132281961407619,0.5867718038592381
0.79,2.01,1.36,2.39,2.7,0.55,28.91894110166827,35.10159561276719,27.82816452620393,37.54959879877357,11.915,0,0.002675365714285714,0.012386540000000001,0.2051008761868905,0.6698991238131096
0.82,2.41,1.66,2.55,2.78,0.56,28.910044955195616,36.16222230554899,26.85451157572548,34.48639381991754,13.5625,1,0.0042837825,0.00963290875,0.2582381225568962,0.7417618774431038
2.68,1.54,0.83,1.25,1.39,0.36,28.866690431003832,36.641774902780334,27.965926701313272,36.26629603725648,11.286249999999999,0,0.0024381628571428574,0.010732058571428572,0.2452635890359341,0.6297364109640659
1.62,1.48,0.92,1.21,0.48,0.42,28.842822780892117,34.87042367998342,30.031367295905174,36.753228414935876,11.805,1,0.0041035775,0.0142965925,0.3129945993085565,0.6870054006914436
1.48,2.37,1.61,2.46,2.74,0.56,28.8338999927395,35.31950100123664,26.736330732628467,31.57892007549349,12.14375,0,0.003337532857142857,0.007902487142857142,0.24090082464961415,0.6340991753503858
1.74,1.59,0.97,1.31,0.52,0.46,28.820897542447725,36.7429914421087,31.457318629557555,37.37086963788023,10.76125,0,0.00293839,0.024321818571428573,0.2907649827990356,0.5842350172009644
2.63,1.64,0.75,1.11,1.16,0.32,28.79122610380025,35.581243880726475,29.6968999648131,34.97716742328472,11.95125,0,0.002061255,0.0188947325,0.27134570763711285,0.7286542923628871
2.93,1.12,0.7,1.23,1.36,0.39,28.774032606483896,35.97007033686756,28.748558646032876,37.59275963777189,13.39875,1,0.00261019375,0.00990591125,0.2271745424694089,0.7728254575305911
2.59,1.61,0.72,1.1,1.11,0.32,28.744590185167564,35.52775869919647,29.372393796808552,35.02920207726565,13.0575,0,0.0023541075,0.01002917,0.26244309858313863,0.7375569014168614
0.63,1.88,1.28,2.56,2.99,0.58,28.73334522105157,36.00603810964878,27.672492216260515,35.25671912625975,13.18,1,0.0032082925,0.0154410875,0.24055781352563707,0.7594421864743629
1.43,1.91,1.24,1.9,2.22,0.45,28.718901832339576,33.960150493970694,28.111020013230803,37.09274788331739,12.0125,0,0.003119067142857143,0.017287891428571428,0.2309246482567185,0.6440753517432815
1.94,2.12,1.39,2.16,2.49,0.52,28.71192192470454,35.34338988359153,27.4396494418,34.373167343261784,14.48125,0,0.00566307,0.01270441875,0.22665884409111048,0.7733411559088895
2.94,1.11,0.69,1.22,1.37,0.39,28.693459843113157,36.446745666821684,28.56627647245535,36.9618749368201,13.35,0,0.00305040375,0.01142531875,0.2718738966793984,0.7281261033206017
0.71,1.96,1.49,2.63,2.87,0.57,28.636689954229517,35.75492696778302,26.999775287968482,33.37342759080834,14.95875,0,0.00307167375,0.01175818125,0.2700613161367212,0.7299386838632789
1.42,2.33,1.54,2.41,2.72,0.55,28.610649206234715,34.347315824136416,27.43276295015392,32.79967591308947,14.45125,0,0.00205015875,0.014529865,0.2655853322703833,0.7333197256555846
2.85,1.63,0.75,1.31,1.43,0.41,28.606049427372668,35.1303807224958,29.335715042243745,35.820294070240045,12.80375,0,0.0019230525,0.012978007500000001,0.2304709924106108,0.7695290075893892
2.76,1.55,0.9,1.47,1.82,0.46,28.592131858467024,35.993325723370226,27.494977168664384,34.06590384974385,13.9975,0,0.002772955,0.0072449525,0.19760302966747437,0.8023969703325257
1.4,2.28,1.55,2.41,2.7,0.56,28.572152593644432,35.048685099938034,27.278362919857834,34.60940531355085,14.49625,0,0.00313542125,0.00853212125,0.24375055527329242,0.7562494447267076
1.35,1.84,1.16,1.83,2.14,0.45,28.55946602876623,38.82158022518845,27.185798161691935,34.3710699707518,14.6975,0,0.00255218625,0.0120268925,0.2721762064172512,0.7278237935827488
2.79,1.31,0.83,1.36,1.64,0.43,28.524907236311428,35.778113964723914,28.0287206369339,33.49905796361667,13.70625,0,0.00213764875,0.01132154,0.2169923472612032,0.7830076527387968
1.38,2.4,1.64,2.5,2.78,0.57,28.500020704518786,35.26061201553697,28.959361300540614,37.623929316613726,11.65875,0,0.002819521428571429,0.018149044285714285,0.21803009259465084,0.6569699074053492
2.2,1.49,0.77,1.17,1.19,0.34,28.4533449357286,35.72341352436319,29.71153870220124,38.281368707704175,10.885,1,0.002152367142857143,0.018325517142857146,0.21877054435444201,0.656229455645558
1.95,2.16,1.32,2.09,2.38,0.5,28.447067521627496,36.864811606952216,26.315807955779636,32.560047206784425,12.71625,1,0.0024635700000000004,0.008577564285714285,0.21479500274541768,0.6602049972545823
2.25,1.51,0.79,1.19,1.21,0.34,28.436708630857837,34.71349496706443,29.50224335239126,36.33309635461131,11.52625,1,0.00296456375,0.02302219375,0.33085490928620154,0.6691450907137985
2.75,1.54,0.89,1.46,1.81,0.46,28.431678850218443,37.55783424774853,27.668125195971086,33.183959676544085,13.44125,0,0.002636385,0.0315008875,0.20430078977851246,0.7956992102214875
0.72,1.77,1.18,2.29,2.64,0.51,28.417839888954788,36.53986653725059,28.16662213742628,36.33607732158662,14.215,0,0.00238679875,0.013433575,0.2585290736314378,0.7414709263685622
2.18,1.47,0.75,1.15,1.17,0.33,28.412000268968853,35.79649638210506,29.27877183203791,36.19622302623859,12.92125,0,0.00427203375,0.01685844625,0.27273964592656563,0.7272603540734344
1.62,1.48,0.9,1.21,0.47,0.42,28.409903884241118,34.71702799733386,30.087564998225123,36.52276410020235,12.38875,0,0.00436961375,0.0143494975,0.2899923456948094,0.7100076543051906
2.44,1.46,0.82,1.25,1.33,0.36,28.409109871603242,34.97387582960735,28.343717610604536,34.93099456936386,13.3275,0,0.0029195825,0.005498643750000001,0.23648185801994426,0.7635181419800557
2.23,1.5,0.78,1.18,1.2,0.34,28.398381411704534,35.95565103330828,29.316739442915022,35.65721335366603,13.0175,1,0.002442535,0.0104056,0.2287434369191163,0.7712565630808838
1.57,1.43,0.89,1.16,0.46,0.41,28.38371118162049,35.86522790476128,30.096890974664237,37.422802417800916,12.1475,1,0.003917885,0.01580323,0.30220113686435507,0.6977988631356449
0.89,2.55,1.73,2.64,2.88,0.59,28.381083122319218,36.68986323647194,27.14525139717872,34.404901459475134,14.68375,0,0.00183500875,0.00748871875,0.2565842309967331,0.7434157690032669
0.73,1.74,1.1,2.22,2.57,0.51,28.32961918263578,33.8213186858432,25.81764981511013,31.845595708990775,15.035,0,0.00417949,0.005652855,0.23388006518878013,0.7661199348112199
0.93,2.51,1.6,2.42,2.74,0.57,28.315764144467945,36.86983191191112,27.678872213755987,33.32671311476405,12.025,0,0.00347056,0.007913395714285714,0.22146035171420259,0.6535396482857974
1.98,2.17,1.43,2.22,2.5,0.53,28.288090383905917,37.27494928772659,26.72708052403015,33.251315667305114,14.64125,0,0.0031837525,0.00872203625,0.20786909009530313,0.7921309099046969
0.605,1.3506,0.7183,2.8088,2.7902,0.249,28.24475840202012,36.15009307522975,27.66812759854691,37.091572828503494,13.28625,0,0.006344554285714286,0.018373305714285717,0.24321768782507397,0.6305160314223934
1.48,2.02,1.35,2.06,2.38,0.49,28.239452543926966,35.229422226642,28.612206967754815,35.68193847983009,14.57,0,0.00168943,0.02521101875,0.23484844531216437,0.7651515546878357
2.76,1.34,0.86,1.39,1.67,0.44,28.22098991727843,33.952724001864325,27.333769627228662,34.00859418338694,13.965,0,0.002307875,0.0041442225,0.210020923628988,0.7895092987324276
0.79,2.36,1.63,2.53,2.77,0.57,28.105543781437518,34.76973603842056,28.111002409711595,35.536018501692254,11.915,0,0.0021718857142857145,0.017090352857142856,0.22002511318361917,0.6549748868163808
1.47,2.4,1.8,2.62,2.89,0.57,28.0985548966054,37.51798878102812,28.028982243334372,35.62341069644497,14.09375,0,0.00343826625,0.011330162500000001,0.24546514901520097,0.754534850984799
2.53,1.38,0.62,1.16,1.15,0.32,28.095050627384765,35.597246723784345,29.032106558243242,34.99333392173716,12.49625,0,0.0027749125,0.007897877499999999,0.281344071872333,0.718655928127667
2.33,1.52,0.8,1.22,1.34,0.37,28.081439733730143,36.10351956896137,29.182397589978542,34.593215328561186,13.463750000000001,0,0.0029485875,0.0116960325,0.2286715376990303,0.7713284623009697
0.9569,1.3932,1.4536,1.5237,1.1112,0.1848,28.07264161127066,36.953366939423546,27.345767803446634,35.154667834419115,13.64625,1,0.0104813775,0.00759097125,0.33494442661368573,0.6650555733863143
2.63,1.63,0.74,1.12,1.13,0.32,28.05767693534299,35.19482197700354,30.0141192329066,38.10163558772474,12.87875,0,0.0025684325,0.01577029625,0.2730784954976636,0.7269215045023364
1.36,1.94,1.26,1.98,2.31,0.47,28.03156075896207,37.04970970835558,27.669734215700093,33.791104277268055,13.905,1,0.0022718625,0.01008739875,0.21200142241699974,0.7879985775830003
0.89,2.13,1.77,2.79,3.14,0.59,27.98975922333172,37.16150671257504,26.82595256301456,31.99781876259481,14.06875,0,0.0030648462500000003,0.01321997125,0.244051081448505,0.755948918551495
0.7979,1.559,0.9723,2.9099,2.5774,0.2722,27.987604682711456,38.97486042409397,26.140878551922377,37.31835336195213,14.5425,1,0.004827975,0.013313914999999999,0.3115815059560674,0.6884184940439326
2.61,1.6,0.73,1.11,1.12,0.32,27.95641158551878,34.86729961782624,29.304490207708877,36.35159938521007,11.99125,1,0.00260755375,0.01280734625,0.2811715151116409,0.718828484888359
0.5529,1.0906,1.0699,2.8004,2.1754,0.2415,27.899864779673706,37.58865699984203,25.513053521699874,34.035449524443884,14.7325,1,0.0075894625000000005,0.012017215,0.32745773085817775,0.6725422691418222
1.46,2.38,1.82,2.58,2.87,0.58,27.883737092710504,34.42012673221985,28.28697623164174,35.27801988513977,14.31875,0,0.00253446875,0.01240307625,0.24603521529714512,0.7539647847028549
2.44,1.41,0.78,1.18,1.28,0.35,27.839766676413035,35.54323761153603,29.18491371338417,37.88053333625484,13.344999999999999,0,0.00211069625,0.0108672075,0.26042908627540184,0.7395709137245982
0.67,2.03,1.3,2.43,2.7,0.56,27.83027900940721,34.84135491710882,27.08716063213617,33.50830718082237,14.06,0,0.00267165875,0.029256866250000003,0.24596054046273733,0.7540394595372627
1.92,2.11,1.37,2.14,2.48,0.52,27.811925958706247,35.556190739152896,28.077112742337626,36.44241646314077,14.0325,0,0.00235646875,0.0105163775,0.21094345576491885,0.7890565442350811
0.74,2.3,1.61,2.48,2.72,0.56,27.785248716295307,33.47283517470476,27.375241909874386,36.190766705295296,14.73875,0,0.0042221225,0.012754775,0.20589884448654253,0.7941011555134575
2.51,1.49,0.85,1.28,1.36,0.38,27.756169264886644,36.90196001833049,28.54556554858271,34.797195886710874,11.325,0,0.002356321428571429,0.013092575714285714,0.2070044951739476,0.6648414044956229
2.41,1.42,0.79,1.17,1.3,0.34,27.754439025998938,34.598949173181445,28.60054011398254,34.66483070925831,11.21,0,0.0015611042857142858,0.012656145714285713,0.21932704853050733,0.6556729514694927
1.39,2.74,1.62,2.48,2.88,0.5,27.64058035442109,34.33234857068871,27.833196071551185,36.82802777111455,14.555,0,0.002609285,0.00960257375,0.23626658935609682,0.7637334106439032
0.83,2.42,1.68,2.58,2.83,0.58,27.535738231685656,35.873609533791125,28.029119820725306,36.25054844963578,11.965,1,0.002297954285714286,0.013777937142857143,0.2143019627847647,0.658072893371737
2.38,1.56,0.84,1.26,1.33,0.36,27.44312613429308,34.059634652183334,29.275699967207743,35.59705901723188,12.15625,1,0.00253326375,0.01277862125,0.240447764066881,0.759552235933119
1.47,2.0,1.32,2.01,2.35,0.48,27.433499530711615,36.633780373956334,27.790691673521962,33.92536149284896,12.16875,0,0.002172347142857143,0.01669688857142857,0.19918722229956065,0.6758127777004393
2.8,1.32,0.84,1.37,1.65,0.43,27.288173440438086,34.29689686717337,27.721627228928643,34.583041756710394,13.915,0,0.00270442375,0.00423584375,0.21634116148174778,0.7836588385182522
2.41,1.48,0.79,1.28,1.36,0.37,27.27993981520728,35.17256372320398,28.781432449560125,35.54358294394782,13.45875,0,0.00251103,0.0134503925,0.24955908410713706,0.750440915892863
1.2043,1.1211,1.3884,1.4308,1.2563,0.202,27.237828506119858,38.083083219956855,25.448043345004347,36.656319128932026,11.682500000000001,1,0.011201277142857142,0.013739081428571429,0.2668120457429399,0.7331879542570602
2.33,1.53,0.81,1.23,1.36,0.38,27.191054645035592,34.35424395214194,28.87159358138323,37.779956014134,13.12875,1,0.0018252675,0.01172520375,0.20604672795571172,0.7939532720442883
0.6928,1.1848,1.3157,2.794,2.3887,0.2309,27.13324204840681,36.3689485165685,26.258170582121327,35.82333510250985,14.09,1,0.0108727325,0.01564712875,0.32579764047936494,0.674202359520635
1.1381,1.1881,1.4511,1.595,1.5983,0.1877,26.977263806221377,34.950042568575455,26.015859045188584,34.31869282743111,14.223749999999999,1,0.01117350875,0.01170958375,0.31742695992239905,0.6825730400776009
2.6482,1.2062,0.9791,0.9266,0.9076,0.158,26.550804256185664,44.20624728433029,25.84254325166394,42.044257058872745,10.3175,2,0.0066335462500000004,0.024140316250000002,0.4083524470791721,0.5916475529208279
1.0388,1.5873,1.2429,3.0026,2.642,0.2454,26.50657802327951,37.919544303548335,25.64457039547867,33.94033111513517,14.34125,1,0.0089661475,0.01165225125,0.29230035187623427,0.7076996481237657
0.64,2.01,1.32,2.48,2.73,0.55,26.454772667854197,37.73624999120775,23.06427353752288,33.04388850961594,12.76625,1,0.0022543657142857143,0.006671355714285713,0.27425158339328987,0.6007484166067102
2.95,1.1,0.68,1.22,1.39,0.4,26.38237364038556,33.69646144806011,27.91553381108745,34.409885466880475,13.725000000000001,0,0.0016780675,0.01435204625,0.21332102942126702,0.786678970578733
0.9615,1.3358,1.149,2.6532,2.9927,0.2332,25.92664416909764,37.744606688279724,25.275411420692855,33.60037207614535,14.75375,1,0.007051315,0.0088336,0.3272894997993105,0.6727105002006895
1.59,1.45,0.89,1.18,0.46,0.41,25.499684185292043,35.81210699059832,26.431473289935763,36.49271896310693,12.61375,1,0.00461585,0.0224682475,0.2973122527175215,0.7026877472824785
2.81,1.37,0.58,1.09,1.03,0.29,25.377297914336665,37.696991806447336,26.03452372596869,39.425772433208046,12.375,1,0.00278071625,0.01815515,0.31923379609516617,0.6807662039048339
1.71,1.56,0.95,1.28,0.5,0.45,25.303488249261314,36.569007758517316,25.835533191849734,36.526766118787506,11.2075,1,0.0037593071428571427,0.005188597142857143,0.29017240591389704,0.584827594086103
0.89,2.58,1.75,2.66,2.9,0.58,25.260504465515744,36.44658423365025,24.211542056041278,34.2523734288169,15.10875,0,0.0020696275,0.013604897500000001,0.26663057119546724,0.7333694288045327
2.87,1.64,0.73,1.32,1.45,0.42,25.225639143298825,33.79370613152448,25.525887672629977,35.24045360133463,10.695,1,0.00933803125,0.02436969625,0.24466137476845184,0.7553386252315482
1.84,1.56,0.79,1.18,1.19,0.34,25.08877154695704,37.74082650060491,23.917686902103675,34.53804641617416,13.34625,1,0.003213015,0.0064841775,0.26293645709841784,0.7370635429015822
2.7,1.83,0.73,1.15,1.09,0.33,25.020790450776424,36.010494747007414,24.985593776462505,35.801205243382725,12.51125,1,0.00413107375,0.016467255,0.25094079967170135,0.7490592003282986
1.52,1.64,0.95,1.29,1.36,0.38,25.011314007196606,36.57925025162935,24.17586301001088,36.50043182194788,11.76625,1,0.00300488,0.008251245714285715,0.2020451867693957,0.6729548132306042
2.55,1.66,0.77,1.19,1.26,0.35,24.98272320867683,35.24696993475772,25.577801347217225,40.015507885709724,11.498750000000001,0,0.0024875628571428576,0.012173044285714285,0.22445300208959543,0.6505469979104046
0.72,1.77,1.17,2.2,2.48,0.5,24.952071612200697,36.57421060035725,24.118537196861027,36.24555129166674,12.41,1,0.0023188185714285714,0.01920155285714286,0.23070658784244044,0.6442934121575595
1.67,1.52,0.95,1.25,0.5,0.44,24.945797797380642,36.69652494466524,26.135525028237367,37.167839332634976,11.415,2,0.00569381,0.01244001125,0.3274378779581327,0.6725621220418673
0.74,1.8,1.21,2.28,2.63,0.52,24.876247756236904,36.69244601390582,22.551610613593418,32.64761151677312,13.21125,1,0.0042662142857142855,0.005412008571428571,0.2053582812787175,0.6696417187212825
1.4,1.88,1.21,1.87,2.19,0.45,24.7972028241862,37.099714398227455,24.00900322285646,34.010805223627706,14.9125,0,0.00238637875,0.0097988225,0.2532170767269843,0.7467829232730157
1.32,2.18,1.52,2.28,2.61,0.54,24.784355312948644,38.027364966369326,23.154634861622544,33.62910489001113,12.745000000000001,0,0.00205495,0.006064998571428571,0.20785029965573748,0.6671497003442626
1.44,1.95,1.27,1.93,2.26,0.46,24.769294322372566,34.54102996140281,24.04160710782117,36.010196566791066,13.0625,0,0.004075835714285715,0.01667147857142857,0.172855797069112,0.702144202930888
2.49,1.48,0.84,1.27,1.35,0.37,24.76395054811327,37.80734277758898,24.378410225076024,35.72287030670338,13.76625,0,0.00438878875,0.0148595225,0.21702857294695416,0.7829714270530459
1.36,2.33,1.57,2.44,2.71,0.55,24.737309291849336,35.45610343199434,23.827659296313442,33.466005776278216,10.225,0,0.002027885,0.011507333333333335,0.19850565719174346,0.5514943428082566
1.92,2.06,1.4,2.29,2.63,0.5,24.68403904469162,37.565681186757395,23.72136745258546,35.031057304949506,11.4925,2,0.002284851428571429,0.025309988571428573,0.2387237574342954,0.6362762425657046
1.59,1.62,0.94,1.26,1.31,0.37,24.62059998512374,36.040715401291564,24.699833600624352,35.64546210253249,13.959999999999999,0,0.00242394375,0.01541595,0.24764782220157583,0.7523521777984241
1.47,2.34,1.59,2.47,2.76,0.57,24.61058869787507,34.71500339657779,22.809724779430187,31.937004717177388,12.92125,1,0.0032979685714285716,0.005136575714285714,0.2025724792297466,0.6724275207702534
2.52,1.36,0.65,1.19,1.18,0.33,24.600191274209703,35.24401532715579,25.04457719148657,34.16534098609089,11.865,0,0.0021688885714285715,0.01334207,0.22229652416021073,0.6527034758397893
2.28,1.51,0.83,1.1,1.12,0.3,24.55661900208538,35.1980622320515,24.484663280245226,37.362034462833094,11.44375,1,0.0033310942857142857,0.010530281428571429,0.22396936045914453,0.6510306395408555
2.72,1.44,0.82,1.34,1.58,0.41,24.495533210320865,35.360190799719106,24.260153690212572,33.67134552302008,11.72,1,0.002525682857142857,0.0072449671428571425,0.14123322975596617,0.7130768325186979
1.53,2.55,1.88,2.73,3.05,0.6,24.381325813577927,36.70898687905868,24.74462169870765,37.75980566805664,12.1125,0,0.0025231142857142855,0.020046289999999998,0.22282232615133035,0.6521776738486696
1.6,1.5,0.9,1.23,0.46,0.43,24.277848693619042,34.86565823206348,27.60792086533681,39.294811003319914,11.89,1,0.0047969,0.02877827125,0.30351440541315033,0.6964855945868497
0.87,2.62,1.78,2.71,2.9,0.58,24.223972029979453,35.8934369595932,23.206337669434127,32.30417732473186,12.20125,0,0.0023316671428571427,0.012134345714285715,0.23391358888627636,0.6410864111137237
1.0341,1.0204,2.05,1.8391,1.0403,0.222,24.220935445014483,39.18392818182833,23.536118244197432,33.24914812599775,12.78125,2,0.010244458750000001,0.01916171375,0.40896773906745276,0.5899192735208186
1.3487,1.6967,1.1989,1.5631,1.1507,0.2064,24.124749446019763,44.098238191715986,22.93130245777684,37.4885452441547,11.8575,1,0.010506362857142857,0.02228579857142857,0.32750054287433866,0.5474994571256613
0.95,2.14,1.46,2.31,2.61,0.53,24.121261773145175,34.94735344241662,24.052197555530213,35.49651542244969,14.161249999999999,1,0.0044420975,0.01990437375,0.26939174271756955,0.7306082572824304
2.45,1.57,0.93,1.51,1.77,0.47,24.108820388471003,36.680590423526816,24.554434559077123,35.678961501687375,12.10125,0,0.002664411428571429,0.013605831428571429,0.17183673469313476,0.7031632653068652
1.2112,1.5546,2.517,1.2644,1.3001,0.1987,24.100635082176954,40.29087537582993,23.358109793051987,34.10325563975823,11.893749999999999,1,0.009295342857142857,0.013885754285714286,0.2912092563249076,0.5837907436750924
2.81,1.47,0.91,1.49,1.76,0.46,24.074558893735315,33.83180970964147,24.607459845302827,35.82744560862654,14.34625,0,0.00234813,0.0167846975,0.20356949728786755,0.7964305027121324
1.39,1.93,1.17,1.74,2.05,0.43,24.06676805575582,34.80919612311937,24.49796706227373,39.80325459862751,14.82625,0,0.00366713,0.015531053749999999,0.19162751588179247,0.8083724841182075
1.44,2.51,1.72,2.55,2.78,0.55,23.902768941555625,35.891576571870544,24.134168240855374,36.26313307660852,13.7075,1,0.0062984700000000005,0.017278038750000002,0.2346111503465556,0.7653888496534443
2.55,1.37,0.66,1.21,1.19,0.33,23.875958465232618,33.27487708799618,25.425341928190388,36.16577551241964,11.5725,2,0.00467429,0.0215330925,0.2617484239823505,0.7382515760176495
2.94,1.31,0.88,1.41,1.7,0.44,23.769703748474054,34.64894268115067,23.2275885562549,33.504575468704815,11.36375,1,0.0032872614285714284,0.00924170142857143,0.1726137933567477,0.7023862066432522
1.189,0.9277,2.6455,1.9303,1.5129,0.1799,23.76944517403539,36.33012692475661,22.59309809442415,37.328813127891166,12.29875,1,0.010427575714285714,0.025236165714285715,0.31632743719336254,0.5586725628066375
0.7262,1.1648,2.3669,1.4363,1.6912,0.2277,23.612956988923077,37.99194130379501,22.26955713936651,35.32316230824644,12.29125,1,0.005690882857142857,0.016058694285714284,0.2875595173192298,0.5871087221381573
1.1751,1.1714,2.2522,1.1078,1.7631,0.2059,23.593390156356612,35.83711234001835,23.081735457542752,33.27532090580733,14.61375,1,0.0033396637499999997,0.01285803625,0.31498178880213357,0.6850182111978664
1.97,2.15,1.41,2.2,2.48,0.53,23.489497934399417,35.5746898142902,24.424810682793908,34.95757375127697,13.585,1,0.00330164625,0.0043874987500000006,0.2211571247200843,0.7788428752799157
0.9271,1.007,0.9742,2.2519,2.1258,0.272,23.368488660999326,37.36176557414732,21.939823473180688,35.20070767967689,15.11625,1,0.00821352125,0.0128026675,0.27823121774946236,0.7217687822505376
2.96,1.13,0.71,1.24,1.38,0.4,23.350102494529626,35.386520739468416,24.179923978294475,34.917516677591145,12.2075,0,0.003014354285714286,0.010755470000000001,0.18730108676013063,0.6876989132398693
1.0608,2.3754,0.8409,1.7021,1.6963,0.2147,23.341326281908643,35.945056968449926,22.11522457089103,34.55727884281708,14.6275,1,0.0075767375,0.01044754875,0.3525374667123629,0.6474625332876371
2.52,1.58,0.82,1.24,1.37,0.38,23.21044435790021,33.15116022918399,24.685562352207928,35.52423508302424,11.69875,1,0.0041199371428571425,0.01057027142857143,0.220478510202809,0.6545214897971909
0.5053,0.8522,1.4159,2.7225,2.5519,0.2394,22.94708132964891,33.87846795861432,21.16860607963664,31.934588450271374,13.315,2,0.0105935275,0.0128296375,0.3398556342217876,0.6601443657782124
1.29,1.4675,2.6409,1.5904,1.371,0.1825,22.878014797768877,37.629956768100776,22.294385934207746,34.64688941310885,12.4,1,0.005774865714285714,0.015523044285714285,0.305080612913963,0.5699193870860371
0.6806,0.9693,0.9278,2.1538,2.3257,0.2478,22.784432782762096,36.94989886224992,22.43491129618951,34.02502743055115,15.1325,1,0.0092304375,0.01500247625,0.2880149043832107,0.7119850956167892
0.9376,0.9327,0.9817,2.2676,2.4136,0.2489,22.68385360093434,34.720217340283156,21.880833298753778,34.22803362779485,15.20625,1,0.0088990975,0.01641921625,0.3168125918194268,0.6831874081805732
1.3316,1.0386,2.7936,1.5558,1.7769,0.2013,22.635437781366335,33.98054534782054,21.691268110989043,32.29191221656161,15.0725,1,0.00742162375,0.0049306825,0.29815573827473085,0.7018442617252691
2.3654,1.7615,0.6445,0.6267,0.5972,0.1301,22.363123227089623,44.91296555227441,21.52732937492768,38.69186611300048,10.7175,2,0.02091023125,0.014817,0.326849511454154,0.6725768016514044
0.8861,1.0509,1.1419,2.7173,2.9842,0.2586,21.920932421356483,34.13573824108418,21.843632042013727,33.65064250746159,15.07,1,0.0078851475,0.01285269375,0.30851555118221974,0.6914844488177803
0.8967,1.2108,1.1897,2.028,2.3758,0.2582,21.492537345162358,36.90181582453381,19.88204214209147,33.29901867348266,12.8175,1,0.010342848571428571,0.009396994285714286,0.2587917718289076,0.6162082281710923
1.2886,1.3851,1.0061,1.5466,1.5632,0.2146,21.449843095103944,37.044663688455685,19.421292420464134,32.79340452957144,14.897499999999999,1,0.00380651875,0.00903864375,0.29507407960028187,0.7049259203997182
0.71,1.73,1.09,2.2,2.55,0.5,21.436085437857052,36.83381182158455,19.125492033023967,32.87407503961724,15.71875,1,0.00672529,0.0055102350000000005,0.23208187941100675,0.7679181205889933
1.1311,2.9123,1.428,2.1387,1.9753,0.191,21.252283678500426,39.26254969720075,19.28726918008638,35.489625088603184,14.66375,1,0.00391371875,0.01326840625,0.32935504697458096,0.670644953025419
1.78,1.63,1.0,1.33,0.54,0.48,21.16866617354463,34.47320207889347,22.420219627532337,37.77308394165184,9.05125,2,0.0027263328571428573,0.026224884285714286,0.35306834730765285,0.5219316526923472
0.8282,1.5812,2.5276,1.8827,1.0338,0.2171,21.09834109454077,37.916837855058375,20.04302418095473,34.88490679500494,9.0975,1,0.011837704999999999,0.0204545,0.2534106663194347,0.49658933368056535
2.9772,1.4183,0.9777,0.5069,0.9121,0.1288,20.995078866310628,49.72555278988017,21.18940494645821,40.840829870457384,9.3075,3,0.011883675,0.01320372125,0.3677750034819962,0.6322249965180038
1.67,1.51,0.93,1.24,0.49,0.43,20.98332311514656,35.5486811863369,22.086559966157317,38.79867447779801,9.8525,2,0.0030003414285714285,0.026160965714285715,0.2738217432272112,0.6011782567727888
1.62,2.34,1.63,2.4,2.74,0.57,20.952543863817922,36.013645216446,20.279538258991675,35.200101568208666,14.442499999999999,1,0.00282732375,0.022389065,0.28828640335976974,0.7117135966402303
2.83,1.28,0.9,1.43,1.63,0.42,20.70620958884499,35.61575017128806,20.418589427609366,36.97572574416097,11.129999999999999,1,0.004041652857142857,0.014171661428571429,0.1989937483434453,0.6760062516565547
2.65,1.64,0.75,1.13,1.14,0.32,20.493197362419025,36.057656746468595,20.37780194566796,34.20457242919594,11.53,1,0.0024658,0.013880778571428571,0.2013375558493812,0.6736624441506188
0.7571,1.2629,0.9884,2.2419,2.6276,0.2356,20.243565959162297,42.06612338608255,19.32379718295507,42.05420961000566,17.439999999999998,0,0.007728215,0.00866958,0.24570711799596656,0.7542928820040334
0.5131,1.4804,1.0786,2.7189,2.8385,0.2532,20.229914281065838,39.67831237260023,19.84820949848595,45.75759374038329,15.5325,1,0.0080422525,0.023300045,0.2913201372886205,0.7073404363010423
1.5381,2.4013,1.3278,1.3426,1.2767,0.2187,20.199021679479202,43.63648234160997,20.124619816667575,41.1316703936211,10.88,3,0.01605869375,0.0136259575,0.3220857707129314,0.6779142292870686
1.58,1.45,0.89,1.18,0.47,0.41,20.132610170963584,34.689812978335134,22.36987067407823,38.031960823648745,11.206249999999999,3,0.00380346875,0.019514386249999998,0.25068739258132416,0.7477546514568977
1.54,2.22,1.33,2.17,2.44,0.47,20.02549949727335,35.145226857927355,19.130077127689862,32.57364581669939,15.719999999999999,0,0.00540019,0.007147685,0.2170664915914104,0.7829335084085897
1.58,2.55,1.94,2.78,3.11,0.59,19.972452879309266,36.91395181104748,19.638521433719884,35.9495913123302,14.09,1,0.01274812875,0.0185901425,0.22866940546152267,0.7713305945384773
2.61,1.6,0.72,1.14,1.18,0.32,19.920048576320113,34.969890278738426,21.90668329482611,37.001526951704705,9.92375,0,0.001782715,0.021720635,0.20248366873179818,0.5475163312682019
1.0241,2.4336,1.3423,1.2577,1.4355,0.1752,19.76928612947274,36.755676464021455,19.49462308762097,36.72474947601609,11.41375,3,0.01551960875,0.0129915375,0.41153815800458454,0.5884618419954155
1.0,1.0,1.0,1.0,1.0,1.0,19.719321138211672,38.06990755697347,20.83433728789328,44.80220456793044,10.815,3,0.01600739625,0.015673175,0.3708976372700317,0.6291023627299682
2.84,1.35,0.86,1.39,1.68,0.44,19.67930128244855,34.19478223897141,21.327461010026997,35.34206116772195,14.85375,0,0.0026809012499999997,0.01142104125,0.21258316918513742,0.7874168308148626
0.6663,0.9267,2.921,1.3054,1.4095,0.2134,19.549866567483544,35.646897371214024,19.18950951755484,35.43499037177901,13.58875,2,0.01434240625,0.01819064,0.38777931258297604,0.612220687417024
1.182,2.5179,0.7391,1.2932,1.4873,0.1875,19.197598221645805,39.04939709895242,19.0824399091279,33.222790482104244,11.462499999999999,3,0.01057164125,0.01984222,0.3818474185421491,0.6181525814578509
1.0613,1.3086,3.073,1.4748,1.6143,0.221,19.17537547190291,37.087245434650676,18.846444935795816,34.167140534161454,12.8,1,0.008736095714285715,0.010441264285714286,0.32264977175604476,0.5523502282439553
1.3487,1.3079,2.1699,1.1159,1.0643,0.1869,19.169425031475143,37.38327325317684,18.38722769438634,36.75776963477324,11.9975,3,0.0068505975,0.01729974,0.2996803292066874,0.7003196707933126
0.8228,1.0491,3.0837,1.9735,1.783,0.1975,19.166470223633887,38.678153742463564,17.995217711035398,34.080458516476796,11.3425,2,0.009599932857142857,0.022304497142857142,0.36144541540900205,0.513554584590998
1.1741,1.5918,3.167,1.4674,1.5063,0.1959,19.15704673249013,37.708913624978166,18.33594814697523,33.76021109465913,11.737499999999999,3,0.008625985,0.02745840125,0.37605695278339635,0.6239430472166037
1.2244,1.5734,1.4106,1.2118,1.6116,0.2167,18.935854238738035,36.72305873112286,18.710756826470686,34.299893587270276,11.71875,3,0.01317767625,0.016060356249999998,0.41677138489106447,0.5832286151089356
0.9035,1.3472,1.102,1.634,1.4355,0.1901,18.785009672123124,38.699507165295856,18.087406535475633,34.00259896626151,12.008750000000001,3,0.0150745825,0.0201954925,0.4041785463135434,0.5958214536864566
2.82,1.33,0.85,1.38,1.66,0.43,18.759489691120354,34.83240003367351,19.162909607660527,33.96655363015884,13.85375,2,0.00163023875,0.015154965000000001,0.17528852841304693,0.8247114715869531
2.9819,1.4202,0.4224,0.4294,0.4704,0.1345,18.725669942345274,44.56691213685536,19.252370054085205,36.56602254834282,7.93,3,0.02039780125,0.016744711428571427,0.27573843240768026,0.7242615675923196
0.6147,1.4843,0.9283,2.6025,2.8232,0.2735,18.662030590633677,35.73327467452751,17.436693312990652,30.723758701776816,13.8725,1,0.004345225714285714,0.008709447142857143,0.284639880960711,0.590360119039289
1.0939,1.6234,0.9082,1.0446,1.2508,0.2149,18.625351412974332,35.29887168422681,17.23337401418604,32.18230010880434,12.27125,3,0.0084819475,0.015173596250000001,0.3177758671567601,0.6822241328432399
1.2333,1.1929,1.4518,1.0927,1.379,0.1851,18.475379621602038,36.32218912381413,18.080682698346322,33.21569856875198,11.55125,3,0.01665600875,0.010453345000000001,0.31858367238701096,0.678436589829914
1.2575,1.531,1.2576,1.2109,1.6963,0.1841,18.12799452939411,34.04850493419416,18.141375469142492,32.55948020583654,13.0175,1,0.008321565714285715,0.005355372857142856,0.2908327950471125,0.5839624966622017
2.5922,1.2238,0.8772,0.6338,0.9725,0.1328,17.800363005553763,41.426996643744005,18.10838731206475,41.10624556936477,8.09875,3,0.02092448875,0.01408859375,0.2272524096971123,0.7727475903028876
1.1052,2.3484,1.1856,1.7559,1.343,0.185,17.680576372990373,36.24371613741694,18.47132426912215,34.72158453787909,11.18625,2,0.015058641250000001,0.013396074285714285,0.2826137176847962,0.7173862823152037
1.3967,2.6396,0.8537,1.6959,1.4198,0.1989,17.58464653155051,36.012750364879764,18.162289458914607,38.03529673091619,12.21125,3,0.021263329999999997,0.015755480000000002,0.26940957225051543,0.729308603138452
1.0714,1.4109,1.5262,1.552,1.4207,0.1955,17.34833577802562,39.022009282936466,17.108583347546958,34.418151510048666,14.16125,2,0.0106559425,0.013452681250000001,0.33285935922633053,0.6671406407736695
1.3175,2.1451,1.1442,1.1301,1.2104,0.2152,16.884255814237843,38.403057580095854,15.939469381836112,33.55657735995805,8.901250000000001,3,0.010159671428571429,0.017414428571428574,0.24687668338769722,0.6281233166123028
0.96,2.17,1.58,2.35,2.59,0.53,16.576132089713155,34.63161326368981,15.281184061379957,32.643548687056224,15.1725,2,0.00264745,0.0096975675,0.2254179277671087,0.7745820722328913
0.3983,1.2881,1.0924,2.3659,2.991,0.2417,16.308899958529818,38.61539648495041,15.809240866141689,34.06456479932187,12.31125,0,0.0030091916666666664,0.014579693333333333,0.2183194381477299,0.5316805618522701
2.9497,1.6935,0.4106,0.7772,0.5144,0.1512,16.089213822429542,35.60166224235217,16.348604272894896,35.14988756900578,9.16125,4,0.01311106625,0.0133511425,0.19086153478762877,0.8091384652123712
1.6218,3.0615,0.7573,1.9687,1.1672,0.2108,16.012459568379743,43.602554195778076,15.60627891232576,37.80418301201412,9.07125,3,0.030466684285714283,0.01118855,0.30608645802330514,0.5689135419766949
2.316,1.7818,0.5751,0.719,0.6781,0.1492,15.78896772739175,36.42465069844996,16.33983247789038,35.5178150998544,9.45625,4,0.0191152575,0.01804123125,0.2897192432440446,0.7102807567559555
1.9337,2.2162,0.9466,1.5956,1.6827,0.187,15.70034994237169,36.02856169533902,16.234595666858112,34.07861442082798,11.87625,3,0.01183584375,0.02176521625,0.38748283353965257,0.6125171664603474
2.0847,1.5993,0.8473,0.412,0.6453,0.1327,15.524109169966266,34.058613387445845,16.236433281454765,33.10834092506736,9.04375,4,0.0054626975,0.02420284375,0.2760743317135867,0.7233850108469669
2.4932,1.3465,0.5484,0.6115,0.353,0.1539,15.476889800778594,35.12220330481469,16.620462238332394,36.70903879352922,9.03125,4,0.015288738750000001,0.02151576625,0.27337120025335526,0.7266287997466447
0.8841,1.3866,0.8504,1.3767,1.0629,0.2115,15.23125101028377,33.44749039530926,15.047175188810325,34.7007664035629,12.1675,3,0.01148385,0.01155551125,0.3936551709686048,0.6063448290313952
2.3556,1.2047,0.8122,0.3048,0.8075,0.1359,15.222537608993479,39.65030379573869,12.884079639227739,35.98025518925507,7.22,4,0.015263414285714285,0.0208261275,0.20977205845070152,0.7902279415492984
1.4717,3.1207,1.2259,1.485,1.1865,0.205,15.179321039090574,33.27988461352843,15.5755062204742,35.56270219153315,10.06125,4,0.01607369125,0.02144071,0.2814330824611864,0.7164104172307422
0.9084,1.4964,1.0915,1.5146,1.2503,0.1965,15.15065187944541,35.987804742142856,14.376930667229457,31.719640412607,11.787500000000001,2,0.01811014,0.00926862142857143,0.26401500403224193,0.6109849959677581
1.0885,1.5078,1.4127,1.4364,1.5588,0.1816,14.922260884107372,37.62661689222578,14.35228804544733,32.09061099973557,12.30125,2,0.024883139999999998,0.023462544285714284,0.30239225563495925,0.5726077443650408
1.524,1.4754,1.3739,1.1054,1.2128,0.191,14.725926163747298,31.059503497581943,14.217951387560372,29.905806276687375,10.145,3,0.0029653699999999997,0.020715274285714284,0.3238961190345011,0.5511038809654989
2.0411,1.0494,0.8521,0.4032,0.7938,0.1544,14.68013238072922,34.80410998102017,14.974035919108166,33.75745626476475,10.2,4,0.02199935875,0.01939779,0.34650143311416465,0.6534985668858353
2.3225,1.7967,0.9319,0.923,0.985,0.1398,14.525852511766558,32.875504309075275,15.591638688227615,36.276560132769575,11.12,3,0.01428712875,0.01196769625,0.32833262819610604,0.6716673718038939
1.2874,1.1571,3.1134,1.6453,0.9524,0.2152,14.316358001774606,36.27355093788902,13.606355533695774,32.690881377574925,12.14875,2,0.0035597585714285712,0.006938724285714286,0.2656777160062017,0.6093222839937983
1.5232,2.2839,1.1423,1.2898,1.2642,0.1799,14.105215300968274,33.93657314256869,14.115765904630553,35.30340911897857,10.54125,4,0.020297957499999998,0.017735722500000002,0.30645214494026074,0.6887633550564765
1.31,1.3208,1.2002,1.0344,1.2855,0.1921,13.884247402875317,31.650189680213092,14.450891722482313,34.69177008812911,10.7725,4,0.01036924125,0.01717324,0.35428651445621717,0.6457134855437828
0.9449,1.2976,1.439,1.0401,1.1516,0.187,13.695232438120023,41.01691221958795,12.675888308059152,36.21277555401362,16.41,1,0.007746095,0.011910225,0.30280652675418185,0.6971934732458182
1.2082,3.0446,1.3749,1.1709,1.1202,0.1757,13.576792599691583,30.24902467158832,13.559638140301118,35.967061533944324,8.28125,4,0.006571252857142857,0.02229869142857143,0.24743290017892286,0.7426103898643672
1.4696,2.0526,0.9807,1.9658,1.719,0.1768,13.446269223294985,30.045511349068484,14.133690451250718,32.278289495382474,10.615,4,0.018401717499999998,0.006553758749999999,0.3796195649468356,0.6203804350531644
2.9131,1.7269,0.9444,0.699,0.5896,0.1355,12.563368983073321,34.66025140058462,12.516205184616126,34.726050342144696,8.61875,5,0.014896386250000001,0.0189665675,0.19048957063787372,0.8095104293621262
1.4516,2.7474,1.0353,1.2191,1.035,0.1973,12.075417044213534,36.68730605520699,12.48669635364696,36.995722859078754,10.795,4,0.0226734325,0.03047029875,0.29608516195698,0.7025093137213383
2.8861,1.236,0.8526,0.5532,0.3505,0.1633,11.989067589347655,35.09579423062379,12.38507228535606,34.00666260095593,8.58625,5,0.018900391250000002,0.017637833749999998,0.20784410771962608,0.792155892280374
1.1698,1.5535,1.306,1.2074,1.3573,0.1941,11.638767225141802,39.45061102450806,10.710784698934726,32.391648079926995,10.536249999999999,3,0.016437764285714286,0.012139800000000001,0.3771605635177219,0.49783943648227813
1.3203,1.2512,2.432,1.2317,1.6035,0.2085,10.999186265127577,31.183735053914717,10.56760619836316,30.593379374532564,8.81875,4,0.016178865714285715,0.03414811142857143,0.2872987719282289,0.587701228071771
2.908,1.1838,0.7348,0.4507,0.9684,0.1402,10.954344102767083,33.28502311463682,11.866760862920191,36.103279350671,7.6125,3,0.008310058333333334,0.026261709999999997,0.2558918891363651,0.49365366261727045
1.0391,3.0619,1.3841,1.0825,1.2592,0.2152,10.702614189454533,33.17313523860188,10.44003023513851,31.798291631333054,8.82125,4,0.020149687142857142,0.03366796714285714,0.2516546805512263,0.6233453194487737
2.7608,1.1883,0.5954,0.3531,0.7395,0.1251,7.9819728747732075,32.396437921782024,8.560268017393769,37.17184561984775,9.53125,5,0.0107304925,0.015169054999999999,0.22617038003043047,0.7738296199695696
1.2497,2.4833,1.4393,1.494,1.5434,0.2193,7.6552948235804905,31.11732498266464,7.5075182958870945,30.334873770009313,8.60375,4,0.014460497142857144,0.023908024285714286,0.2712141368606518,0.6037858631393482
1.9219,2.1553,1.3408,1.8841,1.3669,0.1919,7.37979682369418,33.26987558157537,7.281675384335903,35.2789232220378,8.745000000000001,4,0.016392777142857144,0.016549142857142856,0.30934685735324696,0.565653142646753
2.1567,1.3737,0.698,0.8333,0.9677,0.1378,7.190680831456008,29.35382263360138,7.879364399618623,34.10322370743911,8.185,4,0.01654873,0.020892187142857142,0.1607475671206332,0.7142524328793668
2.7545,1.3992,0.4503,0.3347,0.397,0.1608,3.731665249840811,29.85332199872649,4.216683136282162,33.7334650902573,6.31375,4,0.04140609333333333,0.013598336666666667,0.1384242573744849,0.6115757426255151
