ws,wt,wc,wcl,wd,dm,Score_FGM_mean,Score_FGM_max,Score_FRENET_mean,Score_FRENET_max,duration_s_mean,valid_count_sum,fgm_min_d_mean,fgm_ratio_mean,frenet_ratio_mean
1.75,1.6,0.98,1.32,0.53,0.47,38.08043971089821,43.779659223656076,39.26695536096193,43.13676894697765,11.725,8,0.0036316375,0.36738709248360124,0.6326129075163988
1.8,1.65,1.02,1.35,0.55,0.49,36.05070075022755,40.95970899336901,38.56636622243983,46.87569157152202,11.8775,8,0.0027530625000000003,0.31892977766301067,0.6810702223369893
1.55,1.4,0.86,1.13,0.44,0.4,35.01442686296612,40.05891422074811,34.92128014173337,39.4491074994416,12.30375,8,0.00301189625,0.3349626880410765,0.6650373119589235
1.68,1.51,0.94,1.26,0.5,0.44,34.950151648927935,38.996498559590954,37.20386061059844,43.18745004510065,12.02125,8,0.00196987625,0.32341869033088216,0.6736704646924045
1.66,1.48,0.92,1.22,0.49,0.43,34.810771256990805,39.322252430865376,37.29357302857108,44.23793172181714,12.045,8,0.00338263625,0.33051882036788033,0.6694811796321197
1.71,1.55,0.93,1.28,0.49,0.45,34.7035129703299,39.85770761926638,36.014679103918716,42.43659795470989,12.307500000000001,8,0.00216308625,0.33735641814999406,0.6626435818500059
1.65,1.47,0.9,1.2,0.47,0.42,34.497594732060215,39.33960790696867,36.90196234871271,39.411701589820105,12.0875,8,0.00257817375,0.33227263012222513,0.6677273698777748
1.69,1.53,0.94,1.26,0.5,0.44,34.201812308198235,41.35157964800922,36.404798154251836,43.74723456664505,12.2525,8,0.001995645,0.32258449751113055,0.6774155024888694
1.63,1.46,0.9,1.19,0.47,0.42,34.20111803904483,38.11006848663917,38.873849076775144,41.165042021693964,12.02625,8,0.0023521125,0.3425303145467501,0.6574696854532499
1.76,1.61,0.99,1.34,0.53,0.47,34.158884301693824,38.603565991006725,37.46625323699264,41.40394629485793,12.1075,8,0.0023959475,0.3111994299098759,0.6888005700901241
1.72,1.57,0.96,1.29,0.51,0.45,33.99380221474349,41.70136216206469,36.63095213758756,44.32599876974454,12.1875,8,0.00242745875,0.31932780447790676,0.6806721955220932
2.91,1.32,0.66,1.12,1.01,0.3,33.87682022372232,38.778964257734884,34.03756912733241,38.69391782702699,12.38125,8,0.0029474525,0.2883023025256546,0.7116976974743454
2.64,1.57,0.69,1.09,1.08,0.3,33.60204153542823,38.96497164148027,34.83934132399358,44.42422106759514,12.49375,8,0.00223984875,0.28551955192975564,0.7144804480702444
2.9,1.6,0.74,1.29,1.42,0.41,33.31978668018316,39.81809093449928,34.13344896521923,41.40186243553728,12.49375,8,0.00298809875,0.2844943208660527,0.7155056791339472
1.61,1.49,0.91,1.21,0.48,0.43,33.19842173147322,39.69061999289637,33.8627841602171,40.018329522865784,12.48375,8,0.00331114375,0.3159146776355687,0.6840853223644313
2.47,1.47,0.83,1.26,1.34,0.37,33.056147668815086,36.79064152095945,32.508066137894744,38.98961132075661,12.58,8,0.0019078699999999999,0.24717174846530388,0.7528282515346961
2.49,1.35,0.64,1.18,1.17,0.33,32.89052623696086,36.28520841082143,33.65828829204503,39.7691612080083,12.415000000000001,8,0.0032786,0.26794930268738487,0.7320506973126152
2.39,1.5,0.82,1.26,1.34,0.37,32.74708549422245,40.20252790732846,32.29495084474242,37.76841318235032,12.6775,8,0.0021157150000000002,0.26538519532545396,0.734614804674546
2.17,1.69,0.94,1.24,1.15,0.35,32.68631166023425,39.57339184175183,32.816074451036826,37.40177915177287,12.63875,8,0.0026906775,0.28764307296652536,0.7123569270334746
2.88,1.62,0.76,1.3,1.44,0.42,32.63503380974992,38.44482925279796,32.415215301653745,38.28089360821892,12.58375,8,0.003575385,0.28753727872489687,0.7124627212751031
2.67,1.66,0.97,1.52,1.88,0.46,31.579817683454134,36.985413637539345,30.437868611306136,34.450689617990584,12.985,8,0.0028871025,0.2687946605564938,0.7312053394435062
1.88,1.74,1.03,1.33,1.53,0.42,31.50045796989487,36.04421652306936,31.8239082136695,38.82645425026306,12.77875,8,0.00249618,0.251953761078663,0.7480462389213369
2.62,1.59,0.71,1.12,1.09,0.31,31.116421482693738,35.042421963972835,32.597987428757726,40.12498867460671,12.74625,8,0.00200604875,0.28227580347010883,0.7177241965298912
2.7,1.27,0.69,1.09,1.12,0.31,30.96532756746309,34.76207438736063,33.58549257998719,37.78743715120252,12.5625,8,0.00200426125,0.2803749585468841,0.7196250414531159
2.58,1.29,0.73,1.22,1.41,0.37,30.819284479233566,36.124263335130436,30.5529730428585,35.72934415794986,12.9475,8,0.00276531625,0.2113293184636323,0.7886706815363678
0.83,2.43,1.67,2.57,2.79,0.56,30.407547189168234,34.969911307870305,28.304904178631993,34.02718376459216,13.303749999999999,8,0.00405511625,0.3034029820273019,0.6965970179726981
2.92,1.42,1.04,1.58,1.77,0.47,30.400044071534005,33.96740845255442,29.739151673371552,33.2731534604587,13.0475,8,0.00307687875,0.20797492978171767,0.7920250702182823
1.37,1.98,1.12,1.87,2.21,0.45,30.273928390667272,39.90297320568825,29.786057725131517,53.6898024219853,13.235,8,0.0026226,0.27752890918806444,0.7224710908119356
1.41,2.18,1.44,2.2,2.49,0.53,30.21416709464369,36.802397049607,29.694966196988513,45.39707904986283,13.27375,8,0.0029390600000000003,0.2774237187979184,0.7225762812020816
0.92,1.99,1.4,2.22,2.49,0.47,30.06230344684283,36.497073733260834,29.791822069999952,43.60041203749675,13.23625,8,0.0020523375,0.2622771948496482,0.7377228051503518
0.98,2.48,1.56,2.4,2.62,0.52,30.043032899161435,39.48669343705519,29.467325976190338,39.196766030324056,13.30375,8,0.0038895575,0.30468751695740226,0.6923600545662172
1.41,1.89,1.23,1.88,2.2,0.45,30.032199527401666,34.88015046122875,29.355442282828125,36.61066093263341,13.18875,8,0.0035694775,0.2805196562956202,0.7194803437043797
2.98,1.08,0.79,1.2,1.41,0.4,29.93589516350084,37.966544447910685,29.62598675758739,35.46573192221073,13.0125,8,0.00283939125,0.23436390361806972,0.7656360963819302
0.83,2.59,1.74,2.67,2.86,0.59,29.843236689011555,36.188409347670905,27.010794546557715,37.05024528433633,13.43875,8,0.0037430287500000003,0.28731957008111775,0.7126804299188823
2.77,1.18,0.92,1.54,1.82,0.45,29.631498971153583,34.86288692890361,29.47095159548455,37.062102250867675,13.145,8,0.0029233325,0.1852798472882858,0.8147201527117142
1.12,2.38,1.66,2.44,2.8,0.54,29.517371444645747,35.51101821820225,26.40380660401671,34.26275859545217,13.525,8,0.00428713,0.28983060215175704,0.710169397848243
2.71,1.55,0.9,1.47,1.82,0.45,29.47089972014896,34.761991684766194,28.28031750322597,32.45281327103748,13.275,8,0.00231644875,0.19941766432158145,0.8005823356784185
0.93,2.02,1.36,2.2,2.46,0.48,29.403131514709884,34.977734569575745,26.024306642951082,29.29430836236792,13.64875,8,0.0028291699999999998,0.29490393868949116,0.7050960613105088
1.59,2.56,1.96,2.79,3.12,0.59,29.34002735801534,34.23337239714556,28.1973580315019,35.35330242090892,13.35125,8,0.00200036125,0.29166621415810595,0.708333785841894
0.8,2.4,1.65,2.56,2.79,0.57,29.22953761266836,39.32241346506126,26.61139590400213,33.210033063556786,13.56125,8,0.00446177,0.2708523875185266,0.7291476124814734
1.41,2.66,1.7,2.3,2.59,0.51,29.029121786283003,36.51802989129811,27.886200058090864,33.410809908575104,13.47125,8,0.00420532,0.31222887054836235,0.6877711294516377
2.95,1.34,0.89,1.42,1.67,0.43,28.84072986818669,33.76428752768468,30.521619028750628,35.354033780572024,13.03125,8,0.00299571375,0.20726249139125758,0.7896824438266459
1.63,1.65,0.96,1.28,1.33,0.38,28.722718958305784,34.534994739195454,27.43601867209304,31.625657083471147,13.37125,8,0.0027423725,0.21908703930757478,0.7804660000249639
2.78,1.33,0.84,1.41,1.69,0.44,28.69315649441358,34.33689777960131,28.95858250100449,39.134279485385335,13.28625,8,0.00251510625,0.2223519291264413,0.7776480708735587
1.61,1.59,0.92,1.23,1.29,0.36,28.67446529942271,31.87889997214834,30.080265033549736,34.344856191145126,13.09,8,0.00293060125,0.2678324503643329,0.7321675496356671
1.5,2.47,1.69,2.56,2.82,0.58,28.593890870558905,38.56558697238424,25.2397500179255,31.606446758589623,13.73375,8,0.00375007125,0.2626420961199735,0.7373579038800264
1.96,2.14,1.42,2.21,2.49,0.53,28.518926237530245,35.76987500725559,27.94551925585021,38.64349652670765,13.41625,8,0.0041214625,0.22191406990268386,0.7780859300973161
0.73,1.79,1.2,2.27,2.62,0.51,28.51494113146443,36.87533848453896,26.50117160170846,36.44739414677789,13.56125,8,0.00234331875,0.25185239313062147,0.7481476068693785
0.86,2.55,1.76,2.69,2.91,0.59,28.2361326013699,37.24716971472981,27.78029338759839,41.55376698655451,13.44875,8,0.0017874725,0.281123122720055,0.718876877279945
2.03,1.14,0.82,1.53,1.92,0.46,28.11836519947159,34.904817347920684,26.83360823649511,32.3077423986212,13.50625,8,0.00201218625,0.20789618095722143,0.7921038190427786
1.6,1.63,0.93,1.24,1.3,0.37,28.046319759656193,35.57322788593566,28.6288226748569,37.66834986811068,13.21375,8,0.0027629687500000002,0.22774334573793098,0.7717115351745145
1.93,2.11,1.38,2.15,2.41,0.51,27.887009171653265,34.0866149058929,25.90111770055983,40.68659016631248,13.64125,8,0.00337876625,0.21800475782254325,0.7819952421774568
1.41,2.31,1.57,2.44,2.74,0.56,27.795320891129336,35.005835294251774,26.50217340034747,35.29211249408219,13.625,8,0.00239647875,0.27846538048474545,0.7215346195152545
0.96,2.07,1.4,2.25,2.52,0.49,27.73803109621806,36.6983623065906,26.12310506596999,32.03053836773303,13.65,8,0.00226882875,0.25098779873463817,0.7490122012653618
0.92,2.45,1.68,2.61,2.88,0.58,27.62211328997757,31.132784775032512,26.538741859575765,32.75703857802959,13.555,8,0.0021242187500000002,0.2697558896789534,0.7302441103210466
0.76,1.82,1.22,2.29,2.64,0.52,27.606344876210752,31.150996977445587,26.858827557357962,35.927655728010045,13.545,8,0.0021058362499999997,0.23360067077886182,0.7612487182521129
0.88,2.19,1.49,2.35,2.66,0.54,27.589889819298357,38.83719101951223,25.118801696782963,31.969524263469733,13.77,8,0.00268257,0.2607537136297372,0.7367362462096202
0.87,2.58,1.81,2.71,2.91,0.57,27.401218943983263,32.86098613988149,25.116825141809574,34.500700264137095,13.838750000000001,8,0.002087625,0.2931411971655128,0.7068588028344872
1.26,2.28,1.63,2.35,2.66,0.53,27.37442716571776,33.12969903803018,25.09598802462918,29.76217167511239,13.73,8,0.00433924875,0.2853119712084131,0.7146880287915869
1.36,1.85,1.17,1.84,2.15,0.45,27.21961465090505,39.198640107558894,25.192530612441885,35.39463433095903,13.71625,8,0.00360927125,0.23078530776121903,0.769214692238781
0.95,2.06,1.39,2.24,2.51,0.49,27.217074324584146,38.9232053820583,25.073185282579548,36.94044635146899,13.78875,8,0.00185604,0.2795603791432209,0.7204396208567792
1.21,2.25,1.6,2.32,2.63,0.52,27.1701474091585,33.17115222551791,26.216014954630168,36.13571951062623,13.65875,8,0.00205208875,0.2220671362879535,0.7779328637120465
0.78,1.69,1.05,2.18,2.56,0.49,27.07033046161823,33.82598107920528,25.380621069803126,33.68746695955215,13.735,8,0.00202729375,0.2690773968159117,0.7309226031840883
1.34,1.86,1.18,1.85,2.16,0.45,27.051012821640242,32.03836769044362,25.115425978658415,30.42266276647656,13.78875,8,0.00227139,0.25541805095788506,0.7445819490421149
1.85,2.12,1.5,2.33,2.67,0.52,27.022568930201754,30.983989199739213,25.369256002304652,29.776053313642482,13.69625,8,0.0019169175,0.23541139405640027,0.7645886059435998
1.23,2.27,1.61,2.34,2.65,0.52,26.98067243148961,33.836338887012744,24.880083133874948,28.615618083532908,13.936250000000001,8,0.00278813625,0.2748608658524065,0.7251391341475936
0.84,2.27,1.55,2.39,2.67,0.54,26.936683065275396,32.37029508140692,25.409425878237972,32.65199075364415,13.735,8,0.0022500175,0.2950819173576008,0.7049180826423992
0.82,2.32,1.64,2.52,2.74,0.54,26.785165624383005,31.43539899257623,26.24071003941468,35.018725129756014,13.6625,8,0.00257795625,0.2594441173589681,0.7405558826410319
0.87,2.51,1.71,2.62,2.86,0.58,26.774567805467797,33.64027689429409,25.055930867831133,40.07951351869225,13.85875,8,0.0030374275000000003,0.31521655551556743,0.6847834444844325
1.56,2.52,1.93,2.79,3.1,0.59,26.77197910445495,32.88284590326647,25.666520118181353,35.99432237670108,13.7925,8,0.0036212412499999997,0.272852549823847,0.727147450176153
1.29,2.31,1.57,2.4,2.69,0.55,26.61652102709704,37.30462330708768,25.293305612911837,31.337415032487797,13.7875,8,0.00250182375,0.252441870712676,0.747558129287324
1.19,2.19,1.58,2.36,2.66,0.53,26.593918605553576,32.649871056474375,25.93295322340457,38.905354545773626,13.76625,8,0.0021672425,0.24931367741254074,0.7481610700622068
1.3,2.04,1.28,2.04,2.36,0.48,26.3587677573705,31.88198262673986,24.587093819820733,29.117339341149336,13.85,8,0.0029722975,0.2293586473742724,0.7706413526257276
0.94,2.05,1.38,2.23,2.5,0.49,26.32862358237275,38.21928147098748,25.35543487945115,40.90974491626994,13.73,8,0.00224150375,0.24192714188132802,0.758072858118672
1.43,2.3,1.56,2.43,2.73,0.56,26.08923160713264,32.01857561512685,25.65300643370086,30.203698619182163,13.80625,8,0.0017727387499999999,0.23277522817552174,0.7672247718244782
1.37,1.91,1.19,1.78,2.09,0.44,25.56310517935679,32.23002995791002,24.95157460358301,31.522605237204758,13.88125,8,0.004195385,0.22402840194872176,0.7759715980512782
0.9,2.51,1.72,2.61,2.87,0.58,25.34254184908227,33.19688459022242,24.380904353258753,32.819841213674785,14.01375,8,0.0032027799999999997,0.26218913144711814,0.7378108685528819
1.33,1.86,1.14,1.81,2.11,0.44,24.711610829824586,29.30365863777864,24.68581177817935,34.453888296105575,13.95375,8,0.0023018987499999997,0.2100390469038928,0.7899609530961073
1.55,1.42,0.87,1.15,0.45,0.4,37.39209843025191,41.73391380972905,38.916961298009916,46.58125295950237,11.824285714285717,7,0.002264722857142857,0.32141741180168676,0.6725616597169173
1.56,1.41,0.86,1.14,0.44,0.4,36.640471285123446,40.931229653510414,40.213890674592434,47.48429623131912,11.825714285714286,7,0.002175774285714286,0.34278308152988485,0.6572169184701151
1.52,1.39,0.85,1.12,0.43,0.39,35.76948603704611,41.66640454433502,36.58736916270018,43.40670093520404,12.221428571428572,7,0.0028239485714285713,0.3511452174893886,0.6488547825106113
1.7,1.54,0.95,1.27,0.51,0.45,35.73173544014141,41.7217952369754,38.27320714894713,45.11573967474952,11.972857142857142,7,0.00255128,0.3341362465586339,0.6658637534413661
1.59,1.44,0.88,1.17,0.46,0.41,34.8686918692157,39.693731602009294,36.38691962923051,40.61411724976305,12.187142857142858,7,0.0031268285714285715,0.31159389880396987,0.6884061011960301
1.73,1.58,0.97,1.3,0.52,0.46,34.84881213076592,40.38261927841949,36.78573106811506,42.4086117830206,12.234285714285715,7,0.0030148685714285715,0.339870774755098,0.660129225244902
1.64,1.47,0.91,1.2,0.48,0.42,34.65116363338084,41.48601359706107,36.314816208922366,41.04810409371248,12.188571428571427,7,0.0034706414285714283,0.33267793906752136,0.6673220609324787
2.35,1.75,0.73,1.11,1.1,0.31,34.27110315170385,41.24140682746682,34.40153354336053,39.012684342389704,12.39,7,0.0022906657142857142,0.30512385699089556,0.6948761430091045
1.62,1.48,0.92,1.21,0.48,0.42,33.94078802784423,39.28261521282622,35.299124616430575,39.96361808266055,12.294285714285715,7,0.00376048,0.3069068860832872,0.6930931139167128
1.74,1.59,0.97,1.31,0.52,0.46,33.89540474019481,39.68538775547275,36.90845741117748,40.69268223388638,12.29857142857143,7,0.00293839,0.33230283748461215,0.6676971625153879
1.62,1.48,0.9,1.21,0.47,0.42,33.83221514793236,38.22854873466105,35.74954213534265,39.465160413566416,12.212857142857143,7,0.0034896585714285716,0.3232409795945041,0.6767590204054958
2.63,1.63,0.74,1.12,1.13,0.32,33.66680524012866,36.240136877157155,35.90273929448708,40.14291822981384,12.162857142857144,7,0.0026778857142857144,0.28588061097578155,0.7141193890242185
2.59,1.61,0.72,1.1,1.11,0.32,33.44233063075547,37.284479129303996,34.159820472630884,36.453933260061355,12.375714285714285,7,0.002385851428571429,0.27174791023210715,0.7282520897678929
2.2,1.49,0.77,1.17,1.19,0.34,32.80459083284498,36.152176965223404,34.24252656595657,42.26715979833398,12.44,7,0.002152367142857143,0.25002347926221946,0.7499765207377805
2.53,1.38,0.62,1.16,1.15,0.32,32.7067749983366,38.027726873422516,33.777696062174854,38.030584305761735,12.374285714285715,7,0.00212639,0.31105076158858086,0.6889492384114192
2.63,1.64,0.75,1.11,1.16,0.32,32.526762244588916,36.29469414296452,33.56181808574646,36.81900366244199,12.58,7,0.002140042857142857,0.2756422599752945,0.7243577400247055
1.57,1.43,0.89,1.16,0.46,0.41,32.37269427998234,39.32932160675821,34.330614043460905,38.1969635746572,12.514285714285714,7,0.002750311428571429,0.32201019134101394,0.6779898086589861
1.73,1.84,0.88,1.26,1.41,0.39,32.290121356073186,38.38691457536875,32.390266104706775,33.95476901488349,12.691428571428572,7,0.0029704971428571427,0.23073673568488617,0.7692632643151137
2.61,1.6,0.73,1.11,1.12,0.32,31.93177891976779,35.332710315773674,33.47244020227076,39.578557910555695,12.504285714285714,7,0.0025421385714285713,0.27444475996447965,0.7255552400355203
2.85,1.63,0.75,1.31,1.43,0.41,31.820535531656105,35.71100671421248,32.65443909150876,37.719295606338356,12.684285714285716,7,0.0019720614285714286,0.24885834407044252,0.7511416559295575
2.23,1.5,0.78,1.18,1.2,0.34,31.711931181074657,36.928841856229276,32.76148321674379,39.61776645748321,12.657142857142857,7,0.0025092142857142856,0.24207927999434212,0.7579207200056579
2.94,1.11,0.69,1.22,1.37,0.39,31.55456744852608,38.582882379571295,31.409215024917152,38.196897978294764,12.76142857142857,7,0.003248244285714286,0.2855740904842029,0.7144259095157971
2.25,1.51,0.79,1.19,1.21,0.34,31.355991562323375,36.382129604495056,32.573745529790145,38.89607638533327,12.741428571428571,7,0.0028446114285714287,0.2897566039902852,0.7102433960097149
2.44,1.46,0.82,1.25,1.33,0.36,31.331225413936732,35.29289589781474,31.256491401366784,36.972277211452955,12.739999999999998,7,0.0031661085714285715,0.2454345026566585,0.7545654973433414
1.38,2.24,1.51,2.37,2.66,0.55,31.22440677692052,37.383111717002215,28.96679621161329,34.57272431610882,13.218571428571428,7,0.00277751,0.2955244291661506,0.7044755708338493
2.18,1.47,0.75,1.15,1.17,0.33,31.192247619220932,36.0457171446915,32.18284369129986,36.245570184456724,12.77,7,0.002245952857142857,0.2874367553593529,0.712563244640647
1.45,2.32,1.58,2.45,2.75,0.56,31.15739895037687,41.52210705454912,29.97190712578257,45.701535575821985,13.025714285714287,7,0.0027722199999999997,0.25014013475767094,0.7498598652423291
2.68,1.54,0.83,1.25,1.39,0.36,31.10211735015755,39.157327898172035,30.072673087654056,35.91310993775324,12.898571428571428,7,0.0024381628571428574,0.2803012446124961,0.7196987553875038
2.38,1.56,0.84,1.26,1.33,0.36,31.074155345051214,37.35851830158617,33.16852543981083,40.57881784979717,12.561428571428573,7,0.0024053957142857146,0.23384097622358443,0.7661590237764155
2.33,1.52,0.8,1.22,1.34,0.37,31.051599327028004,37.81281296373863,32.309836877026164,35.72507196148167,12.72,7,0.0026471314285714284,0.24120610947997978,0.7587938905200202
1.49,2.57,1.92,2.77,3.09,0.6,30.96648189045931,40.00973872530449,29.393054931757625,39.519324106706584,13.165714285714285,7,0.002304002857142857,0.28114203759636525,0.7188579624036348
1.62,1.51,1.05,1.42,1.67,0.41,30.786040442100187,35.79905175217687,29.925917976249107,39.91503763244282,13.197142857142856,7,0.008028402857142857,0.25211506105992926,0.7478849389400708
2.93,1.12,0.7,1.23,1.36,0.39,30.738761644627637,38.13812532231536,30.70964854696933,38.62745108036327,12.952857142857143,7,0.0025912714285714284,0.23818218205428124,0.7618178179457188
2.44,1.41,0.78,1.18,1.28,0.35,30.639895732007698,35.0871653013414,32.17720663140328,38.97327527173872,12.748571428571427,7,0.002160937142857143,0.26724226744645,0.7327577325535499
0.99,2.18,1.47,2.33,2.63,0.54,30.445655804276356,39.768375236886534,27.539620411520247,39.25373326383157,13.391428571428571,7,0.005454384285714286,0.25460148429093593,0.745398515709064
2.41,1.42,0.79,1.17,1.3,0.34,30.244265623744234,33.609358762389476,31.21123829572549,35.42558339743035,12.811428571428573,7,0.0015611042857142858,0.25065948403486554,0.7493405159651345
1.91,2.1,1.36,2.13,2.47,0.52,30.075189202232036,35.77016066669236,27.443710056776382,37.20052925238778,13.417142857142858,7,0.00387297,0.24124172104431388,0.7587582789556861
2.73,1.53,0.88,1.45,1.8,0.46,29.94934203715898,34.37758455551568,30.089844267125404,35.601195115388094,13.012857142857143,7,0.0023451914285714287,0.20783145332961703,0.792168546670383
0.66,2.04,1.31,2.44,2.71,0.56,29.944809563946688,37.1963562414441,28.090577467046057,37.266753723836096,13.372857142857143,7,0.003175228571428571,0.2829801548042922,0.7170198451957078
2.79,1.31,0.83,1.36,1.64,0.43,29.76296727818958,35.193430896112496,29.195896878900978,33.45355105117427,13.098571428571429,7,0.0022803385714285714,0.22031069403825704,0.779689305961743
2.51,1.49,0.85,1.28,1.36,0.38,29.622916289561037,38.99066969574986,30.52508347092797,35.58032518028821,12.942857142857141,7,0.002356321428571429,0.23657656591308296,0.7598187479949976
0.95,2.05,1.38,2.29,2.55,0.54,29.328640009149925,36.42124460310397,27.31963783068051,35.55667470202106,13.478571428571428,7,0.0032234614285714287,0.30096935885394815,0.6990306411460517
2.41,1.48,0.79,1.28,1.36,0.37,29.24126103963123,35.79103530538524,30.95725262174877,32.98893851959366,12.90857142857143,7,0.0025546014285714284,0.25890935553570177,0.7410906444642983
2.56,1.21,0.92,1.44,1.73,0.43,29.13603679634959,32.5777004838793,27.593552924415143,33.191730886765356,13.277142857142858,7,0.0023510642857142855,0.20840806282653543,0.7915919371734645
0.88,2.53,1.72,2.63,2.87,0.58,29.13400312203496,34.31204155451717,27.531197058285098,35.92058921677343,13.379999999999999,7,0.004466887142857143,0.23599690956516803,0.7640030904348319
1.54,2.29,1.55,2.42,2.71,0.56,28.81043990164492,31.59073430009095,28.233227686222488,35.309755484112735,13.404285714285715,7,0.002386852857142857,0.23991175402967505,0.760088245970325
1.38,2.4,1.64,2.5,2.78,0.57,28.664029587257808,32.81979241460241,29.188990268425616,38.81152532275812,13.324285714285713,7,0.002819521428571429,0.24917724867960095,0.7508227513203991
2.33,1.53,0.81,1.23,1.36,0.38,28.65863234394237,35.77897513493765,30.579248271196814,40.62749825683753,13.01,7,0.0018539671428571428,0.20856330355795952,0.7914366964420404
2.76,1.55,0.9,1.47,1.82,0.46,28.53893959159453,37.18092172951463,27.285048517534367,35.016364679236936,13.372857142857143,7,0.00276834,0.19793850818891154,0.8020614918110885
0.85,2.45,1.69,2.58,2.81,0.57,28.503509326941856,34.759801077600116,25.456229367036823,33.86489876856056,13.714285714285714,7,0.00187225,0.2915636609980551,0.7084363390019449
0.88,2.21,1.52,2.36,2.64,0.54,28.346356778860134,34.69794627113022,26.32971691931556,35.1076664687075,13.49,7,0.0025405285714285714,0.24196986937685563,0.7580301306231444
2.76,1.34,0.86,1.39,1.67,0.44,28.277384351368458,31.061594969606265,27.2634183055973,32.72998435235776,13.338571428571429,7,0.00218596,0.22109666432983865,0.7783664469403506
0.9,2.22,1.51,2.39,2.69,0.55,28.243028456059836,37.08445234525595,26.530966992187224,36.59415101075235,13.56,7,0.0031508771428571426,0.23051054899303505,0.769489451006965
1.58,2.49,1.7,2.57,2.82,0.58,28.209684397717048,31.321242869876226,26.13938424674496,33.18380890838084,13.627142857142857,7,0.004076298571428571,0.261094533238894,0.738905466761106
1.48,2.41,1.83,2.59,2.88,0.58,28.17444685541119,39.991651880558415,25.691346570608946,37.45171169478036,13.704285714285716,7,0.004057217142857143,0.28260997095180207,0.7173900290481979
2.5,1.24,0.72,1.19,1.25,0.33,28.129667760064486,38.477957563848975,28.865801559316367,39.106688702503575,13.182857142857143,7,0.0034191857142857143,0.19405343872424363,0.8059465612757564
1.92,2.11,1.37,2.14,2.48,0.52,28.060568442603056,32.80734281288561,28.363639052467494,35.54322291475368,13.285714285714286,7,0.0015874614285714286,0.2185593210522081,0.7814406789477919
0.91,2.12,1.43,2.33,2.59,0.53,28.048291698493415,31.74979574111684,26.06176854482151,32.46822376072343,13.748571428571427,7,0.0018345271428571429,0.28860301916724546,0.7113969808327545
2.75,1.54,0.89,1.46,1.81,0.46,27.901620244006512,32.86447787294055,27.028987496295247,29.960841396974196,13.468571428571428,7,0.0026156028571428574,0.21533302282306474,0.7846669771769353
0.72,1.77,1.18,2.29,2.64,0.51,27.892579579038085,36.162370377496366,27.605473577291225,38.506080022242195,13.467142857142857,7,0.0025256385714285713,0.2558918680578554,0.7441081319421446
0.79,2.01,1.36,2.39,2.7,0.55,27.753861149328145,37.47448243716831,26.507259348797472,41.77252506605469,13.617142857142856,7,0.002675365714285714,0.2344010013564463,0.7655989986435537
1.99,2.08,1.44,2.25,2.59,0.52,27.723944076917462,36.76771556833553,26.16092076654518,30.953669690449022,13.725714285714286,7,0.00267263,0.24211922471584854,0.7578807752841514
1.57,2.54,1.95,2.77,3.12,0.6,27.69850233782152,35.40834376945818,25.24276726175231,27.764297066655537,13.844285714285714,7,0.008320355714285714,0.24472139749648422,0.7552786025035159
0.63,1.88,1.28,2.56,2.99,0.58,27.582403316049284,33.537658410268634,26.369999882002364,36.871158450376505,13.608571428571429,7,0.0031081485714285714,0.2162547539625543,0.7837452460374458
1.47,2.4,1.8,2.62,2.89,0.57,27.50058128187863,34.95884899608189,27.421069678140316,32.59000055819612,13.472857142857142,7,0.0035533599999999998,0.2577958783937819,0.7422041216062182
2.8,1.32,0.84,1.37,1.65,0.43,27.319713030020093,30.83664341095218,27.815088788295014,33.39928599634173,13.315714285714284,7,0.002642032857142857,0.22998934356116957,0.7700106564388304
0.89,2.14,1.44,2.3,2.61,0.52,27.241677809986637,35.339201184104695,24.970091661925803,33.46051836465386,13.807142857142859,7,0.0031479957142857146,0.28234823029643136,0.7176517697035686
1.43,1.91,1.24,1.9,2.22,0.45,26.99677216212958,32.54112483145415,26.302050083148135,36.66782468823291,13.728571428571428,7,0.003119067142857143,0.263913883721964,0.736086116278036
1.4,2.28,1.55,2.41,2.7,0.56,26.856159909523853,35.908301625270454,25.377543139482025,36.36612574365837,13.722857142857142,7,0.00256344,0.24927759784368014,0.7507224021563198
0.9,2.59,1.76,2.67,2.91,0.59,26.828238418122947,34.41413118925124,27.200461081475485,42.5049126267467,13.502857142857142,7,0.001626532857142857,0.2514462531897178,0.7485537468102822
0.79,2.36,1.63,2.53,2.77,0.57,26.824264211921566,30.939329846563457,26.830502644234805,34.826533094626214,13.617142857142856,7,0.0021718857142857145,0.2514572722098505,0.7485427277901495
0.77,2.31,1.4,2.33,2.68,0.55,26.7566946421968,32.1693513304603,24.08017449938693,31.598982937137038,13.882857142857144,7,0.0028477385714285714,0.28133332508918213,0.7186666749108178
2.95,1.1,0.68,1.22,1.39,0.4,26.75200832107263,35.07376559552554,28.504191373303367,33.491975331636844,13.217142857142859,7,0.001735787142857143,0.21790859738269444,0.7820914026173055
1.94,2.12,1.39,2.16,2.49,0.52,26.643255295997637,34.25448819388338,25.189229601249593,33.284265653553646,13.801428571428572,7,0.005659604285714286,0.23248685240944258,0.7675131475905574
1.48,2.37,1.61,2.46,2.74,0.56,26.41679310120415,32.9457034419809,24.019571089648686,31.00280563374777,13.87857142857143,7,0.003337532857142857,0.2753152281709876,0.7246847718290124
1.48,2.02,1.35,2.06,2.38,0.49,26.29977372147721,33.29195622223835,26.72577877728047,34.68789086078247,13.76,7,0.0017799242857142858,0.23887855284081413,0.761121447159186
0.68,2.06,1.32,2.46,2.72,0.56,26.24909391408952,31.75081534234264,25.7632568484437,32.26584559834743,13.805714285714286,7,0.0030363814285714287,0.27136839456746326,0.7257170032757312
0.86,2.61,1.72,2.69,2.94,0.58,25.995894394288865,37.397689991487404,23.82792902582164,31.66252322272657,14.002857142857142,7,0.0031771600000000005,0.2984712232925368,0.7015287767074633
1.57,2.36,1.6,2.44,2.73,0.57,25.991053223150114,32.79208240501145,24.012071466208567,31.303757576830794,13.91,7,0.0028871542857142854,0.2423507068820567,0.7576492931179433
0.83,2.42,1.68,2.58,2.83,0.58,25.983349728026973,33.49866748212365,26.54721440121514,34.924511583276335,13.657142857142857,7,0.002297954285714286,0.24491652889687396,0.7520833067105566
0.91,2.61,1.77,2.73,2.92,0.59,25.893886255145038,29.37268284323522,25.26416175515957,34.12265541010958,13.805714285714286,7,0.002582704285714286,0.23161059287899133,0.7653671016553182
1.58,2.05,1.75,2.61,2.83,0.49,25.81447419933371,29.591289528330766,24.335688566314037,30.568734950894928,13.97,7,0.0019675057142857144,0.21342981285141804,0.786570187148582
1.42,2.33,1.54,2.41,2.72,0.55,25.32828858153838,29.681584287761005,23.982132860303185,28.463636242517502,14.054285714285713,7,0.00217491,0.2766989286167426,0.7220497090129349
1.39,2.74,1.62,2.48,2.88,0.5,25.22915678863837,33.84663064349386,25.449289036787047,40.05498629646017,13.84142857142857,7,0.00276022,0.23323083431889838,0.7667691656811016
0.81,2.47,1.66,2.63,2.86,0.59,25.0680256669381,30.622656582565273,23.634751734952975,26.773228813341003,13.962857142857143,7,0.00173321,0.246546396069103,0.753453603930897
0.89,2.13,1.77,2.79,3.14,0.59,24.666127064979502,32.412031331116495,23.33606231033132,27.92101384708022,14.044285714285715,7,0.0033568114285714287,0.23698133224933476,0.7630186677506653
1.71,1.56,0.95,1.28,0.5,0.45,36.103351715860974,42.357026191697045,36.81274497264553,43.26332525857246,12.001666666666665,6,0.004171998333333334,0.35120653442043287,0.6487934655795672
2.81,1.37,0.58,1.09,1.03,0.29,35.885584367093024,39.65277681339465,36.76188544926905,40.80307658067348,12.068333333333333,6,0.0032709650000000002,0.3592078506156651,0.6407921493843348
1.59,1.45,0.89,1.18,0.46,0.41,34.55481444879697,39.797898081228126,35.79719992165527,39.719677488452554,12.383333333333333,6,0.004213766666666666,0.32917972856333194,0.6708202714366681
1.6,1.5,0.9,1.23,0.46,0.43,34.44336559046799,39.22380292428094,38.883461819425015,43.27278731125899,12.063333333333333,6,0.003371856666666667,0.33686720381174834,0.6631327961882517
2.55,1.66,0.77,1.19,1.26,0.35,34.00781425263414,40.2924428427013,34.80125177068799,48.08002401474198,12.353333333333333,6,0.0021833433333333335,0.27547712876509345,0.7245228712349064
1.67,1.52,0.95,1.25,0.5,0.44,33.555450570598666,37.4572776328373,35.1417535450743,37.92859202080702,12.438333333333333,6,0.0023544966666666665,0.32821395205564224,0.6717860479443578
2.55,1.37,0.66,1.21,1.19,0.33,33.0617298225631,36.204123005576605,35.12757443984013,39.772150320407356,12.241666666666667,6,0.0032537633333333334,0.26773388700363665,0.7322661129963633
2.7,1.83,0.73,1.15,1.09,0.33,32.58042797430712,38.383766636408346,32.533499075221904,38.17447713278365,12.665,6,0.003714475,0.2872540182231775,0.7127459817768225
2.28,1.51,0.83,1.1,1.12,0.3,31.866678638725205,36.483656286922546,31.77073767627167,41.822095906765504,12.685,6,0.003611935,0.2759574201631427,0.7240425798368574
2.52,1.36,0.65,1.19,1.18,0.33,31.197560459826974,35.457555672645015,31.790075016196123,35.2135526835817,12.838333333333333,6,0.002256005,0.27005212089384384,0.7299478791061561
2.13,1.45,0.91,1.47,1.84,0.44,30.924018065776668,34.67003514480093,29.30219813486927,38.836703878103265,13.108333333333334,6,0.003541096666666667,0.2180097173639384,0.7819902826360616
1.52,2.11,1.46,2.14,2.43,0.5,30.919038074017426,35.19484930198691,28.025633093346574,36.67563166380523,13.235,6,0.0015500033333333333,0.2493697669888509,0.7506302330111492
1.52,1.64,0.95,1.29,1.36,0.38,30.907846479641563,35.702774939886226,29.793911816727256,38.162298181394874,13.015,6,0.0029386800000000004,0.24251588212655883,0.7574841178734412
1.84,1.56,0.79,1.18,1.19,0.34,30.726560987340577,38.9284225067493,29.16511479420275,32.354219838399125,13.075000000000001,6,0.0027722149999999997,0.29548782848964966,0.7045121715103503
1.59,1.62,0.94,1.26,1.31,0.37,30.695170179857765,33.67128375766638,30.80081500052525,32.60039453735395,12.950000000000001,6,0.0018776416666666667,0.30432079348635693,0.6956792065136431
2.49,1.48,0.84,1.27,1.35,0.37,30.49898347531334,38.09382511245841,29.984929711263685,36.009352641572825,13.031666666666666,6,0.0038204266666666668,0.25044711456088425,0.7495528854391157
2.87,1.64,0.73,1.32,1.45,0.42,30.34176501103438,33.676601321982666,31.804114583475922,35.38465483021328,12.765,6,0.0026434166666666667,0.2681084640247511,0.731891535975249
1.38,1.89,1.22,1.86,2.17,0.45,30.251797261705022,38.0609174247984,25.980435564141363,31.377509808197136,13.565,6,0.0032919850000000003,0.2779106848916592,0.7220893151083407
0.83,2.11,1.43,2.29,2.6,0.53,30.17960176847433,41.03570278224437,30.51105866138704,34.671585647431215,13.075000000000001,6,0.005383655,0.260076380126978,0.739923619873022
2.77,1.25,1.05,1.57,1.84,0.45,30.072056530850904,35.45234570155834,29.56725884457507,38.32911726679296,12.951666666666666,6,0.00257834,0.21221737503216778,0.7877826249678322
0.69,1.53,1.28,2.57,3.01,0.59,29.954992327372384,33.95979887305725,27.534254364944847,33.41611422082031,13.478333333333333,6,0.0020660583333333335,0.25811589498757276,0.7418841050124273
0.84,2.5,1.7,2.61,2.85,0.58,29.937322016969762,35.74466765629681,26.263427440243643,31.849987379214223,13.541666666666666,6,0.004554203333333334,0.24106987672474836,0.7589301232752517
2.45,1.57,0.93,1.51,1.77,0.47,29.925847819548636,36.824791652405466,30.52000004702347,33.92608131735558,12.968333333333334,6,0.002788568333333333,0.2134698173092214,0.7865301826907786
1.5,2.43,1.84,2.6,2.89,0.58,29.736104834385497,36.86536125759218,28.427320192745427,33.37599394174975,13.446666666666667,6,0.002039805,0.2564698173918966,0.7435301826081034
0.77,1.95,1.32,2.26,2.57,0.52,29.568959840338213,37.85117825595361,27.927906606343214,32.54878583747471,13.301666666666668,6,0.0026884316666666666,0.26301000941122676,0.7369899905887732
2.81,1.47,0.91,1.49,1.76,0.46,29.556081085144275,31.52770493614938,30.26661568723429,33.428015895494646,13.036666666666667,6,0.00256765,0.23027189299887918,0.7697281070011209
2.52,1.58,0.82,1.24,1.37,0.38,29.35246907730269,33.870858521114364,31.31929306971298,37.70779883110412,12.836666666666666,6,0.003306228333333333,0.2689894497611192,0.7310105502388807
1.4,1.88,1.21,1.87,2.19,0.45,28.907087124516575,34.74730836918781,27.85615432274359,37.095482642982546,13.376666666666667,6,0.0023432833333333334,0.27710757294620086,0.7228924270537992
0.64,2.01,1.32,2.48,2.73,0.55,28.761637494670932,35.50909945357334,24.240971987562514,30.816737971981528,13.873333333333333,6,0.00234378,0.34816577835175605,0.6518342216482439
0.97,2.09,1.41,2.26,2.53,0.49,28.632698232988716,31.160266233737893,25.693749167074458,30.124823898185998,13.695,6,0.0026769416666666667,0.2686876258053645,0.7313123741946356
1.35,1.84,1.16,1.83,2.14,0.45,28.191013416326538,37.448116323498745,27.18781295194412,32.69605648087687,13.491666666666667,6,0.002624065,0.2825017528217833,0.7174982471782166
0.7,1.71,1.08,2.19,2.54,0.5,28.10071535345412,31.38904962468989,28.762398290732307,34.93934808343507,13.246666666666668,6,0.0027531566666666664,0.20853104911420703,0.7914689508857929
0.93,2.51,1.6,2.42,2.74,0.57,28.05322434756846,33.88384880899253,27.22710069158259,31.526405895101984,13.476666666666667,6,0.0038501766666666666,0.2550910355146615,0.7449089644853385
2.96,1.13,0.71,1.24,1.38,0.4,27.997301277908424,35.39403406865082,29.10372992292822,34.16060423519483,13.161666666666667,6,0.0029548233333333332,0.22790726255227634,0.7720927374477237
1.46,2.38,1.82,2.58,2.87,0.58,27.743034970969706,36.50883640963921,28.568669941667334,37.36672956255913,13.398333333333333,6,0.002188963333333333,0.24976518645003568,0.7502348135499642
1.39,1.93,1.17,1.74,2.05,0.43,27.719752440956555,43.585030718798365,28.294684449647107,49.57514399954918,13.421666666666667,6,0.0036813583333333336,0.18999466532871248,0.8100053346712874
1.36,1.94,1.26,1.98,2.31,0.47,27.71740628096337,35.62881877133561,27.60403697624261,31.979643162576345,13.433333333333332,6,0.002639045,0.22462569833830526,0.7753743016616946
0.65,1.79,1.21,2.41,2.8,0.56,27.637420237327543,32.25191495934309,26.805467457961498,38.276063021989835,13.68,6,0.002512228333333333,0.2572571596557744,0.7427428403442257
1.36,2.33,1.57,2.44,2.71,0.55,27.609935174590717,30.72764043780317,26.39706851387619,30.792702242329185,13.633333333333333,6,0.002027885,0.2646742095889913,0.7353257904110088
1.97,2.15,1.41,2.2,2.48,0.53,27.534992381554574,32.683560782032146,28.78207604608056,34.72235869751352,13.298333333333334,6,0.0020236816666666666,0.2319862499421023,0.7680137500578977
0.72,1.77,1.17,2.2,2.48,0.5,27.493155134751976,33.635654532768925,26.381775914299087,37.480574333141405,13.718333333333334,6,0.0023223933333333334,0.2901290131873595,0.7098709868126405
0.89,2.55,1.73,2.64,2.88,0.59,27.36178510301161,32.32849610897578,26.053963010678476,32.03546981584995,13.616666666666667,6,0.0019123566666666668,0.2654604030992939,0.734539596900706
0.82,2.41,1.66,2.55,2.78,0.56,27.11400715297871,33.65050955593302,25.06710174011226,32.164389211622606,13.768333333333333,6,0.004626676666666667,0.21472272934595807,0.785277270654042
1.92,2.06,1.4,2.29,2.63,0.5,27.112064860408072,34.86426029582037,25.828502737599866,30.669690177453347,13.723333333333334,6,0.0021907883333333335,0.25315945435683834,0.7468405456431616
1.32,2.18,1.52,2.28,2.61,0.54,26.890117119773823,37.223025488642755,24.71715651800569,32.30306802365168,13.798333333333332,6,0.0022083466666666667,0.26166623200535594,0.7383337679946441
1.53,2.55,1.88,2.73,3.05,0.6,26.779587771918546,34.10242005878218,27.26398228542485,37.71429875561425,13.708333333333334,6,0.0023181816666666666,0.25519089296289854,0.7448091070371015
0.75,2.44,1.74,2.6,2.89,0.58,26.639158902937854,33.49796033233737,27.013110422960207,38.14030037571473,13.625,6,0.005405091666666667,0.21825468769167913,0.7817453123083209
0.71,1.96,1.49,2.63,2.87,0.57,25.969350524379266,29.164489179764587,23.692430588499736,27.58924940340435,14.104999999999999,6,0.003470895,0.295602349909515,0.704397650090485
2.94,1.31,0.88,1.41,1.7,0.44,25.948282673336635,34.55600873337802,25.225462417044426,31.658528208621618,13.711666666666666,6,0.0029592950000000002,0.1782227121299846,0.8217772878700154
0.67,2.03,1.3,2.43,2.7,0.56,25.825870922799652,32.18736106150207,25.251506809076336,29.336648194647257,13.76,6,0.0025990566666666665,0.24823496336315057,0.7517650366368493
0.87,2.62,1.78,2.71,2.9,0.58,25.779332138282896,32.05376722072992,24.42248632422246,30.54017590018916,13.875,6,0.002023636666666667,0.26110969931889666,0.7388903006811033
1.95,2.16,1.32,2.09,2.38,0.5,25.650075080848854,32.21888226747449,23.89444925739974,27.743554768732448,13.951666666666666,6,0.00269435,0.24139015936440186,0.7586098406355982
0.74,2.3,1.61,2.48,2.72,0.56,25.648330825803445,29.98368467446776,25.85701357051965,35.52870833355951,13.729999999999999,6,0.002130026666666667,0.20530136409977315,0.7946986359002269
1.98,2.17,1.43,2.22,2.5,0.53,25.613187256993843,29.451408581121374,24.336642695613165,32.399549154248284,13.883333333333333,6,0.002886718333333333,0.2211338742124379,0.7788661257875621
1.47,2.34,1.59,2.47,2.76,0.57,25.219808227991134,29.386060478515653,22.818656336731284,27.849157149210946,14.101666666666667,6,0.003118125,0.2508906303893045,0.7491093696106955
1.78,1.63,1.0,1.33,0.54,0.48,35.14283054741027,40.071512370752146,37.1453160737906,41.836127688898905,12.232,5,0.002862982,0.3577366675914822,0.6422633324085177
1.67,1.51,0.93,1.24,0.49,0.43,34.40995292893497,39.643495335522,36.17513189055218,41.12451933186868,12.324,5,0.0033467339999999996,0.3385937036557723,0.6614062963442278
0.7025,1.5402,2.4927,1.6393,1.0657,0.1871,33.34191625379763,40.79365105894236,31.981056581882733,41.619010239480694,12.878,5,0.0029053580000000002,0.32846710026547965,0.6715328997345205
2.83,1.28,0.9,1.43,1.63,0.42,33.3215636063609,37.6761434009088,32.8613713483839,41.198652011442086,12.459999999999999,5,0.0015432419999999998,0.235866400569883,0.764133599430117
1.58,1.45,0.89,1.18,0.47,0.41,33.07726843944035,37.8693444683505,36.65688524442379,40.45081138718839,12.318,5,0.001884606,0.2992007607844903,0.7007992392155097
1.128,1.2613,3.1432,1.8351,1.6502,0.2074,32.67239651289107,40.36150931560846,30.77456099919515,37.687458286849676,13.132,5,0.007610942,0.2621861793683414,0.7378138206316587
2.61,1.6,0.72,1.14,1.18,0.32,32.37672441950082,36.252340355543346,35.55533996911041,39.17526353773664,12.394,5,0.0019147919999999998,0.2878315048732881,0.7121684951267119
0.5138,0.8112,0.9638,2.6165,2.0187,0.2588,30.781654684100232,40.25431580171629,27.634678784955902,35.50288208796778,13.52,5,0.003044232,0.28463399190758853,0.7153660080924114
2.65,1.64,0.75,1.13,1.14,0.32,30.770644197689183,36.8658364699709,30.586011530887482,35.01275215269825,12.925999999999998,5,0.0019995539999999997,0.2519984483175387,0.7480015516824613
2.84,1.35,0.86,1.39,1.68,0.44,30.73945501658742,33.58537437888932,33.37651058071294,37.05135456249921,12.658,5,0.00258326,0.24532796596022685,0.7546720340397732
0.9569,1.3932,1.4536,1.5237,1.1112,0.1848,30.024187074608847,38.815010333211895,28.698062684986894,38.71361560707657,13.4,5,0.005692694,0.2854332385255221,0.714566761474478
0.89,2.58,1.75,2.66,2.9,0.58,29.30510454774024,32.46463338879618,28.426636146062386,30.270422583962837,13.408000000000001,5,0.002109584,0.29156835794806446,0.7084316420519355
1.62,2.34,1.63,2.4,2.74,0.57,28.94453869209331,35.68357609202204,27.867729724371323,34.8700324437847,13.466,5,0.002284458,0.2917249191426012,0.7082750808573988
2.72,1.44,0.82,1.34,1.58,0.41,28.897696696999674,33.40408132280934,28.858858520166205,32.14517969587614,13.180000000000001,5,0.002359306,0.18368856918216797,0.8163114308178321
1.44,2.51,1.72,2.55,2.78,0.55,28.599622171453085,37.8577439134702,29.875838988812347,38.87354014266075,13.11,5,0.0076552880000000005,0.20571064451054225,0.7942893554894578
1.2886,1.3851,1.0061,1.5466,1.5632,0.2146,28.412260472903636,33.77411837355554,25.166579393479942,29.89930161747678,13.746,5,0.003993206000000001,0.26101056761262076,0.7389894323873792
0.74,1.8,1.21,2.28,2.63,0.52,27.97945276516821,31.267673437472816,25.4566150384218,31.938126109707067,13.656,5,0.0052154720000000005,0.241695519911279,0.758304480088721
0.71,1.73,1.09,2.2,2.55,0.5,27.8970070538739,29.951198803900215,24.20005760614096,31.35833003193675,13.85,5,0.0039702620000000004,0.29518798897542176,0.7048120110245784
1.47,2.0,1.32,2.01,2.35,0.48,26.82268292546315,33.078672847074614,28.199303592784258,31.84049206120534,13.382,5,0.0017442199999999999,0.2198998080588829,0.780100191941117
0.95,2.14,1.46,2.31,2.61,0.53,26.690557840173874,31.966523618607884,26.279498373223362,33.03222970816398,13.846,5,0.0019520699999999998,0.26994492552487775,0.7300550744751222
1.44,1.95,1.27,1.93,2.26,0.46,26.028236788522708,32.51724157148676,25.699085471188898,34.68415970043163,13.934000000000001,5,0.0039768699999999995,0.1857039757839026,0.8142960242160975
1.54,2.22,1.33,2.17,2.44,0.47,25.194255416835517,27.606248363303703,23.761579625501938,26.93174873528618,13.943999999999999,5,0.002693812,0.2511331261718027,0.7488668738281973
0.73,1.74,1.1,2.22,2.57,0.51,23.49252625727538,26.320431649344044,20.945874416790716,24.155189133339125,14.468,5,0.003618748,0.27229879241851784,0.7277012075814822
1.0142,1.0977,2.0636,1.6002,1.2406,0.2008,38.27907226957758,45.94601296555936,36.715172296609424,43.93535767601445,12.3225,4,0.0048011325,0.277017816720193,0.722982183279807
0.8282,1.5812,2.5276,1.8827,1.0338,0.2171,34.21728908340718,38.63646076662695,31.61094500545538,37.969584214359784,12.7875,4,0.0067767925,0.32521600363749514,0.6747839963625049
0.605,1.3506,0.7183,2.8088,2.7902,0.249,32.78341373131557,39.47190567123589,31.584916131013728,40.41338542450964,13.0275,4,0.0062988175,0.245419779573522,0.754580220426478
0.8967,1.2108,1.1897,2.028,2.3758,0.2582,32.6158427323454,36.117366664634645,29.63298282383292,32.55768090441884,13.1675,4,0.0080474775,0.2773556990757434,0.7226443009242566
0.5638,0.8564,0.8468,2.8497,2.6366,0.2548,32.528967470635855,38.30335581673949,29.818460601650724,36.46046744060282,13.195,4,0.00269615,0.2664008469843352,0.7335991530156648
1.58,2.55,1.94,2.78,3.11,0.59,30.74060255503982,38.0578248325254,29.66232725657258,38.55999837838243,13.07,4,0.0052350325,0.25673651019941174,0.7432634898005883
1.2043,1.1211,1.3884,1.4308,1.2563,0.202,29.83935724682261,36.94675449491845,27.578304906442405,34.19203341464631,13.56,4,0.0054608899999999995,0.2398592750535145,0.7601407249464855
1.2112,1.5546,2.517,1.2644,1.3001,0.1987,29.12673335147791,41.6207524879651,26.44079251249957,35.43313275189341,13.6625,4,0.0074528225,0.27972985228775304,0.720270147712247
1.0388,1.5873,1.2429,3.0026,2.642,0.2454,28.001095366153308,34.41186381199688,25.18493541291324,29.436682881648235,13.845,4,0.00361102,0.23476763411763607,0.7652323658823639
1.0608,2.3754,0.8409,1.7021,1.6963,0.2147,27.659414186600937,33.19620904218265,25.19617900074539,31.808430916549803,13.8025,4,0.0062505875,0.2568793204492684,0.7431206795507316
2.82,1.33,0.85,1.38,1.66,0.43,25.60655357900808,34.17034166193771,26.996221136419056,33.39934932908358,13.39,4,0.001723685,0.17986157701293756,0.8201384229870624
0.96,2.17,1.58,2.35,2.59,0.53,24.984877466676696,27.556382336184644,22.394981410010303,25.151997227762834,14.2225,4,0.0037676625,0.2623700752295297,0.7376299247704703
0.7571,1.2629,0.9884,2.2419,2.6276,0.2356,39.91950578146688,54.11451048285675,37.79215374349561,54.10259670677985,12.026666666666666,3,0.014755576666666666,0.23589567922914423,0.7641043207708558
0.5131,1.4804,1.0786,2.7189,2.8385,0.2532,39.012185936753035,48.31195292559563,38.379129378624505,54.39123429337869,12.32,3,0.005463046666666666,0.272129382959529,0.7242988132795718
1.189,0.9277,2.6455,1.9303,1.5129,0.1799,33.71590265545249,39.639709205961154,31.561719932318614,42.16829085446567,12.92,3,0.005650486666666667,0.22684977938622783,0.7731502206137723
1.0341,1.0204,2.05,1.8391,1.0403,0.222,33.39292501683195,38.1898805627807,30.068318990987155,31.874515336079316,13.086666666666666,3,0.004512233333333333,0.28556040580946485,0.7114716277592589
1.1311,2.9123,1.428,2.1387,1.9753,0.191,32.29897986022598,43.53290299981211,29.44937204798046,39.75997839121455,13.31,3,0.00158935,0.38160310800629954,0.6183968919937005
0.5529,1.0906,1.0699,2.8004,2.1754,0.2415,32.1014973036452,35.219225356216846,28.190468992233576,31.618590845488438,13.326666666666668,3,0.00597859,0.2803391074005352,0.7196608925994648
0.7262,1.1648,2.3669,1.4363,1.6912,0.2277,31.965816169237755,36.42876926078426,29.174625239001102,33.759990265235686,13.316666666666668,3,0.004057943333333334,0.28181592806084493,0.7172993771588542
1.1052,2.3484,1.1856,1.7559,1.343,0.185,31.730950743782454,35.81879294233246,30.927724774975328,33.964672095482776,13.020000000000001,3,0.005885593333333334,0.28238307010193003,0.71761692989807
1.0241,2.4336,1.3423,1.2577,1.4355,0.1752,31.53003340793906,39.60321870672499,30.899805222253946,38.12328849242639,13.276666666666666,3,0.0042073,0.44254595583851497,0.557454044161485
1.29,1.4675,2.6409,1.5904,1.371,0.1825,31.370046127891737,36.16163879575055,28.7680668070556,31.684091141885173,13.493333333333334,3,0.007742766666666667,0.3223312826922348,0.6776687173077652
1.3487,1.6967,1.1989,1.5631,1.1507,0.2064,31.218826974032265,36.789372369458064,29.838831203893836,34.357493221125125,13.163333333333334,3,0.004378116666666667,0.36588574878615576,0.6341142512138442
2.8861,1.236,0.8526,0.5532,0.3505,0.1633,31.08746236831674,35.99882802478661,32.143474891005816,34.90969639511875,12.686666666666667,3,0.0028560666666666667,0.4453475140608861,0.5546524859391139
1.1381,1.1881,1.4511,1.595,1.5983,0.1877,30.886685563995073,31.640343102050895,28.68294295687403,31.04814751253096,13.266666666666666,3,0.004231873333333333,0.20526296490407914,0.7947370350959209
0.7979,1.559,0.9723,2.9099,2.5774,0.2722,30.702182186608525,41.8224026667975,29.19698414491919,40.16589560465567,13.456666666666669,3,0.004823183333333334,0.2712476429420864,0.7287523570579135
0.6928,1.1848,1.3157,2.794,2.3887,0.2309,30.557425514379087,37.31940934606159,31.78435645789217,34.66503279616523,13.040000000000001,3,0.00285606,0.28650251297461177,0.7134974870253882
2.9131,1.7269,0.9444,0.699,0.5896,0.1355,30.16853592618835,31.900162376172513,30.042765796969174,35.439375994986484,13.203333333333333,3,0.004825876666666667,0.38920050822141267,0.6107994917785873
1.3175,2.1451,1.1442,1.1301,1.2104,0.2152,30.02834569246278,35.796490759819356,26.759761901575057,30.95001053968155,13.633333333333333,3,0.0026057233333333335,0.3653796811013075,0.6346203188986924
2.9497,1.6935,0.4106,0.7772,0.5144,0.1512,30.003066611414866,37.31095563712944,30.637372000823564,36.85918096378305,13.116666666666667,3,0.0027041400000000003,0.40055525474443815,0.5994447452555619
2.4932,1.3465,0.5484,0.6115,0.353,0.1539,29.577540624983694,36.17748595561774,31.771229912497063,40.74225691948927,12.936666666666667,3,0.00311268,0.43600235533459575,0.5639976446654043
0.6806,0.9693,0.9278,2.1538,2.3257,0.2478,28.5062429204819,34.580467218624726,27.093527007934792,29.512510934527437,13.76,3,0.006539486666666667,0.2366406910308484,0.7633593089691516
1.1751,1.1714,2.2522,1.1078,1.7631,0.2059,28.48011800137765,32.61210169908425,28.31138450023087,30.334453149749606,13.443333333333333,3,0.003426216666666667,0.22742756281990065,0.7725724371800994
1.182,2.5179,0.7391,1.2932,1.4873,0.1875,28.181648987076315,36.822246561318,26.598500152261494,30.99563994446984,13.69,3,0.006760599999999999,0.36744943709354033,0.6325505629064597
2.0847,1.5993,0.8473,0.412,0.6453,0.1327,28.09633564023113,34.06053351033371,28.84577619815013,33.110261047955234,13.296666666666667,3,0.003702753333333333,0.4129802027182992,0.5870197972817007
1.3967,2.6396,0.8537,1.6959,1.4198,0.1989,27.349908589573342,38.907719642913555,28.80185057876174,40.930266008949985,13.683333333333332,3,0.0036300566666666663,0.3153605031350983,0.6846394968649018
1.2333,1.1929,1.4518,1.0927,1.379,0.1851,27.120681981779228,35.37556854009678,26.380775001432244,32.26907798503463,13.623333333333333,3,0.00466728,0.27888505097694655,0.7211149490230534
0.9271,1.007,0.9742,2.2519,2.1258,0.272,27.06930017917033,33.47466879995377,24.232666754996742,31.31361090548334,14.173333333333334,3,0.005375323333333334,0.21561599643340704,0.784384003566593
1.9337,2.2162,0.9466,1.5956,1.6827,0.187,26.71247398299694,34.560243722988794,26.797342702330486,32.61029644847775,13.729999999999999,3,0.0025573166666666668,0.2990737067204236,0.7009262932795765
1.3316,1.0386,2.7936,1.5558,1.7769,0.2013,26.31524360029616,29.674413454685766,23.78276838339354,28.234050725291237,14.049999999999999,3,0.004234706666666667,0.20089656393935137,0.7991034360606486
0.8841,1.3866,0.8504,1.3767,1.0629,0.2115,26.10158364224721,29.04499647893031,25.846160823522577,32.80560511324032,13.846666666666666,3,0.00449176,0.30714893795149695,0.692851062048503
0.8861,1.0509,1.1419,2.7173,2.9842,0.2586,24.238093129430737,34.94391796458649,25.30101525133162,34.45882223096389,13.969999999999999,3,0.0034566933333333334,0.2159666548452114,0.7840333451547886
2.9772,1.4183,0.9777,0.5069,0.9121,0.1288,22.954866832716203,28.428782245811966,25.874078629629867,31.896152967538082,13.94,3,0.002571316666666667,0.4955068069530928,0.5044931930469072
1.0,1.0,1.0,1.0,1.0,1.0,41.33089674134078,43.05166638953876,47.306619527951874,51.3964826017246,11.28,2,0.00300641,0.20407164427782984,0.7959283557221701
0.3983,1.2881,1.0924,2.3659,2.991,0.2417,37.96430098773635,38.7121706784988,34.55059996380623,35.25216080546627,12.365,2,0.00407159,0.24407514313261042,0.7559248568673895
2.3556,1.2047,0.8122,0.3048,0.8075,0.1359,36.72245779356635,40.12649427192916,34.37710507811126,34.843926464216665,12.57,2,0.00804393,0.4563309956731434,0.5436690043268566
2.6482,1.2062,0.9791,0.9266,0.9076,0.158,36.434830858114836,41.50750244305372,35.284476012509984,36.593657664378256,12.345,2,0.008277095,0.4106564924755567,0.5893435075244433
1.0885,1.5078,1.4127,1.4364,1.5588,0.1816,34.16027818351131,39.00392103969122,30.512931266599118,33.467915147201,12.75,2,0.00778712,0.2725180963643943,0.7274819036356057
0.6663,0.9267,2.921,1.3054,1.4095,0.2134,34.07081790607108,35.127120105469025,33.200595573037745,33.28820538259142,12.8,2,0.007403105,0.23438037716593804,0.7656196228340619
1.3487,1.3079,2.1699,1.1159,1.0643,0.1869,33.74172375922188,39.04513961262384,32.38941964513928,38.419635994220236,12.915,2,0.00180835,0.2984745669204457,0.7015254330795542
1.4717,3.1207,1.2259,1.485,1.1865,0.205,31.861707918588714,32.76010734778343,32.95982777355535,33.28812461856848,12.795,2,0.005258835,0.37948909380087503,0.6118849049668391
1.2244,1.5734,1.4106,1.2118,1.6116,0.2167,31.857575895612094,32.20714682354218,29.650110813393795,31.883034908314823,13.305,2,0.0014984949999999999,0.291275686839277,0.708724313160723
2.3225,1.7967,0.9319,0.923,0.985,0.1398,31.625311864271616,33.35169478526575,34.879381127386665,36.752750608960056,12.469999999999999,2,0.008937675,0.3443194483232501,0.6556805516767499
1.4516,2.7474,1.0353,1.2191,1.035,0.1973,31.534949066980218,33.684435396725796,32.00377280833567,38.98957846583758,13.059999999999999,2,0.0108339,0.4010582996778178,0.5989417003221822
0.9376,0.9327,0.9817,2.2676,2.4136,0.2489,31.177015722527827,33.58388861524475,30.862257618536475,33.09170490275645,13.08,2,0.00333527,0.18181068223243407,0.8181893177675659
1.1741,1.5918,3.167,1.4674,1.5063,0.1959,30.45637879403006,34.05895202743592,27.83820529986656,30.110249497116886,13.465,2,0.002529445,0.27508609274795204,0.7249139072520479
2.316,1.7818,0.5751,0.719,0.6781,0.1492,30.43792482608856,36.805987103979916,31.582513317306113,35.89915150538435,13.125,2,0.001506245,0.4264365281920438,0.5735634718079561
0.9615,1.3358,1.149,2.6532,2.9927,0.2332,30.09206685798959,39.97559747168987,28.7463041119912,35.83136285955548,13.16,2,0.00457984,0.23633552159972043,0.7636644784002796
1.0939,1.6234,0.9082,1.0446,1.2508,0.2149,30.05464913947489,30.65294234474908,27.276514725816433,27.536370769326613,13.525,2,0.0028018599999999998,0.30753869516181614,0.6924613048381838
0.8228,1.0491,3.0837,1.9735,1.783,0.1975,29.4618421726775,34.98076510959106,27.048025645439473,30.383069883604296,13.57,2,0.008904095,0.3054463951704978,0.6945536048295021
0.9035,1.3472,1.102,1.634,1.4355,0.1901,29.435051094031365,37.18376215761536,25.530686743040746,32.48685395858102,13.745000000000001,2,0.00238546,0.2899971665722191,0.7100028334277809
0.9449,1.2976,1.439,1.0401,1.1516,0.187,29.36569560889195,29.638158997597525,27.690387421435638,29.55697607755082,13.535,2,0.00326686,0.20971985339874122,0.7902801466012588
1.0613,1.3086,3.073,1.4748,1.6143,0.221,28.190097375306344,33.91155419041104,26.056764199091397,30.991449289921825,13.83,2,0.00174512,0.27755685736459756,0.7224431426354024
2.0411,1.0494,0.8521,0.4032,0.7938,0.1544,28.040403957641132,35.991705987164565,28.832927779192985,34.94505227090914,13.29,2,0.0020543,0.39713094510124125,0.6028690548987587
0.9084,1.4964,1.0915,1.5146,1.2503,0.1965,27.81213452883821,29.302512883463898,25.819363111509396,27.453127355771368,13.655000000000001,2,0.002293555,0.2782868817830817,0.7217131182169183
2.3654,1.7615,0.6445,0.6267,0.5972,0.1301,27.772741049594018,28.434558185763624,30.18103356525365,30.869967590185293,13.129999999999999,2,0.010214815,0.36325797318399417,0.6367420268160058
1.5381,2.4013,1.3278,1.3426,1.2767,0.2187,27.56383873343242,34.77106199066724,29.06041505889253,33.13789471015352,13.434999999999999,2,0.0014350650000000001,0.3531752368785266,0.6468247631214734
2.9819,1.4202,0.4224,0.4294,0.4704,0.1345,27.267801238879507,32.61231914005732,29.221761708681573,35.490648866942045,13.435,2,0.0013006749999999998,0.4402415434451291,0.5597584565548709
1.2575,1.531,1.2576,1.2109,1.6963,0.1841,26.662197057664805,33.76586284510046,26.264365662786606,32.27683811674284,13.58,2,0.005261835,0.20369503233524316,0.7963049676647569
2.5922,1.2238,0.8772,0.6338,0.9725,0.1328,26.537855000661338,27.777726181687335,26.747700963507732,26.756234475121666,13.56,2,0.00346751,0.4021081669984491,0.5978918330015508
1.2497,2.4833,1.4393,1.494,1.5434,0.2193,19.027189278960975,19.262486272987218,18.436083168187395,19.001732448964763,14.945,2,0.00286106,0.35813347654851413,0.6418665234514859
1.0714,1.4109,1.5262,1.552,1.4207,0.1955,39.403345688466416,39.403345688466416,34.799487915578624,34.799487915578624,12.42,1,0.0152279,0.40726072607260727,0.5927392739273928
1.5232,2.2839,1.1423,1.2898,1.2642,0.1799,38.206926445180066,38.206926445180066,39.57376242158994,39.57376242158994,11.6,1,0.0167925,0.38676318510858326,0.6132368148914168
1.1698,1.5535,1.306,1.2074,1.3573,0.1941,37.413168628194704,37.413168628194704,30.354205683613632,30.354205683613632,12.93,1,0.00824897,0.3043612743581813,0.6956387256418187
1.2874,1.1571,3.1134,1.6453,0.9524,0.2152,36.89202252007029,36.89202252007029,33.3093529597562,33.3093529597562,12.37,1,0.00599137,0.30876172001293245,0.6912382799870675
1.9219,2.1553,1.3408,1.8841,1.3669,0.1919,36.11741782427891,36.11741782427891,38.12646546474133,38.12646546474133,11.9,1,0.00108883,0.2819220430107527,0.7180779569892473
2.7608,1.1883,0.5954,0.3531,0.7395,0.1251,34.674855740522425,34.674855740522425,39.45026343858816,39.45026343858816,12.02,1,0.00327746,0.3972055888223553,0.6027944111776448
2.908,1.1838,0.7348,0.4507,0.9684,0.1402,31.958986248277377,31.958986248277377,34.77724248431156,34.77724248431156,12.78,1,0.00626806,0.5031289111389237,0.49687108886107634
1.31,1.3208,1.2002,1.0344,1.2855,0.1921,31.32012055578912,31.32012055578912,34.36170096370515,34.36170096370515,12.57,1,0.00345331,0.2367165128857779,0.7632834871142221
0.6147,1.4843,0.9283,2.6025,2.8232,0.2735,31.087345335049783,31.087345335049783,26.077829362299088,26.077829362299088,13.48,1,0.00925468,0.24072370438515792,0.7592762956148421
0.5053,0.8522,1.4159,2.7225,2.5519,0.2394,30.26779113835018,30.26779113835018,26.730660929721633,26.730660929721633,13.21,1,0.00146058,0.20284589766878594,0.7971541023312141
2.7545,1.3992,0.4503,0.3347,0.397,0.1608,28.43243106170652,28.43243106170652,32.31257415323733,32.31257415323733,12.8,1,0.00106641,0.30896594814120587,0.6910340518587941
1.4696,2.0526,0.9807,1.9658,1.719,0.1768,28.07616892151083,28.07616892151083,30.383128205059894,30.383128205059894,12.9,1,0.00154489,0.2892126472411655,0.7107873527588344
1.0391,3.0619,1.3841,1.0825,1.2592,0.2152,26.91468669789528,26.91468669789528,25.539843090626448,25.539843090626448,13.82,1,0.00439089,0.49247685185185186,0.5075231481481481
2.1567,1.3737,0.698,0.8333,0.9677,0.1378,26.225558424692007,26.225558424692007,30.974959498529742,30.974959498529742,13.16,1,0.00505248,0.27228475813811986,0.7277152418618801
1.2082,3.0446,1.3749,1.1709,1.1202,0.1757,26.12479272074347,26.12479272074347,31.84282958309947,31.84282958309947,13.37,1,0.00161212,0.30050882969170906,0.6994911703082909
1.524,1.4754,1.3739,1.1054,1.2128,0.191,26.081584910792387,26.081584910792387,24.927887689897823,24.927887689897823,13.55,1,0.00161915,0.343076468851491,0.656923531148509
1.3203,1.2512,2.432,1.2317,1.6035,0.2085,20.481423568254677,20.481423568254677,19.29615110508626,19.29615110508626,14.61,1,0.00138899,0.2378866684916507,0.7621133315083493
1.6218,3.0615,0.7573,1.9687,1.1672,0.2108,17.41719638235576,17.41719638235576,21.36347921554763,21.36347921554763,14.8,1,0.00241058,0.38854363685490406,0.6114563631450959
