# x,y,yaw_rad,speed_mps,dist_to_wall
44.5,29.35,2.41499,2.0,2.05
44.42526,29.41643,2.41641,2.14477,2.06579
44.35042,29.48276,2.41643,2.28041,2.02668
44.27558,29.54909,2.41773,2.40836,2.02219
44.20065,29.61531,2.41782,2.52983,1.96601
44.12572,29.68154,2.41999,2.64574,1.98829
44.05065,29.74759,2.42141,2.75675,1.98258
43.97548,29.81355,2.42357,2.86353,1.98991
43.90017,29.87934,2.42571,2.96647,1.94892
43.82472,29.94497,2.42884,3.06593,1.97066
43.74906,30.01036,2.43215,3.16225,1.9588
43.67319,30.0755,2.43526,3.2558,1.95719
43.59711,30.1404,2.43953,3.34666,1.97505
43.52076,30.20498,2.44442,3.43511,2.01804
43.4441,30.26919,2.4496,3.52134,2.01939
43.3671,30.333,2.45493,3.60553,2.01658
43.28976,30.39639,2.46234,3.68782,2.0047
43.21196,30.45921,2.46888,3.76834,1.99925
43.13374,30.52152,2.47725,3.84709,1.99944
43.05501,30.58318,2.48621,3.92427,2.0021
42.97573,30.64412,2.49511,4.00004,1.98899
42.89591,30.70436,2.50607,4.07432,1.98427
42.81543,30.76372,2.51709,4.1473,1.97642
42.73431,30.82219,2.52967,4.21901,1.9137
42.65245,30.87964,2.54212,4.2895,1.9184
42.56989,30.93606,2.55616,4.35891,1.9074
42.48654,30.99131,2.57158,4.42721,1.88811
42.40236,31.04528,2.58605,4.49447,1.87703
42.31739,31.09802,2.60309,4.5606,1.85391
42.23155,31.1493,2.6188,4.62634,1.82427
42.1449,31.19923,2.63657,4.68973,1.79034
42.05739,31.24762,2.65294,4.75381,1.76928
41.96909,31.29456,2.67172,4.74007,1.71468
41.87993,31.33984,2.68795,4.7495,1.67861
41.79004,31.38366,2.70597,4.77576,1.67436
41.69938,31.42586,2.72224,4.83314,1.63558
41.60805,31.46657,2.73909,4.89514,1.6095
41.51604,31.50575,2.75424,4.956,1.58133
41.42345,31.54352,2.76875,5.01616,1.59157
41.33032,31.57995,2.78296,5.07566,1.53149
41.23668,31.61505,2.7956,5.13443,1.52771
41.14261,31.64896,2.80734,5.19252,1.5232
41.04814,31.68177,2.81874,5.24991,1.54346
40.95331,31.71349,2.82838,5.30679,1.54196
40.85817,31.7443,2.83815,5.36304,1.59649
40.76274,31.77418,2.84657,5.41865,1.5793
40.66706,31.80326,2.85338,5.47375,1.6191
40.57119,31.83168,2.861,5.52826,1.60131
40.4751,31.85938,2.86761,5.58228,1.64627
40.37883,31.88643,2.87442,5.63577,1.65076
40.28238,31.91283,2.88016,5.68876,1.641
40.18577,31.93868,2.88666,5.74126,1.64943
40.08901,31.9639,2.89189,5.79325,1.6188
39.99211,31.98861,2.89868,5.84484,1.63708
39.89504,32.01266,2.90379,5.89594,1.60713
39.79786,32.03622,2.91043,5.94658,1.64141
39.70052,32.05913,2.9169,5.99681,1.63675
39.60303,32.08141,2.92321,6.04666,1.68388
39.50541,32.10308,2.93003,6.09608,1.70994
39.40764,32.12408,2.93701,6.14508,1.67289
39.30972,32.14439,2.94475,6.19371,1.60918
39.21165,32.16395,2.95204,6.24196,1.58848
39.11344,32.18279,2.96055,6.28985,1.53584
39.01508,32.2008,2.96864,6.33733,1.55317
38.91657,32.218,2.97706,6.38449,1.54844
38.81792,32.23438,2.98605,6.43131,1.52292
38.71913,32.24988,2.99474,6.47791,1.52263
38.62021,32.26451,3.00364,6.52343,1.54357
38.52116,32.27826,3.01239,6.57151,1.51472
38.42199,32.29114,3.02238,6.5922,1.49851
38.3227,32.30304,3.02971,6.60584,1.5533
38.22332,32.3142,3.04009,6.65295,1.54852
38.12384,32.32433,3.04839,6.69715,1.55046
38.02427,32.33364,3.05631,6.74195,1.54957
37.92464,32.34216,3.06505,6.7863,1.55069
37.82493,32.34981,3.07301,6.83034,1.55371
37.72516,32.35666,3.0797,6.87414,1.60518
37.62536,32.36284,3.08702,6.91764,1.59865
37.52551,32.3683,3.09352,6.96088,1.60024
37.42562,32.3731,3.09958,6.99836,1.59998
37.32571,32.3773,3.10404,6.99973,1.6
37.22578,32.38106,3.10996,7.00015,1.6
37.12583,32.38422,3.11507,6.99996,1.6
37.02586,32.38687,3.11833,7.00001,1.6
36.92589,32.3892,3.12122,7.0,1.6
36.82591,32.39124,3.12529,7.0,1.6
36.72593,32.39287,3.12817,7.0,1.6
36.62593,32.39421,3.13042,7.0,1.6
36.52594,32.39533,3.13163,7.0,1.6
36.42595,32.39632,3.13428,7.0,1.6
36.32595,32.39705,3.13481,7.0,1.6
36.22595,32.39773,3.13694,7.0,1.6
36.12595,32.3982,3.13735,7.0,1.6
36.02595,32.39862,3.13901,7.0,1.6
35.92595,32.39888,3.13921,7.0,1.6
35.82595,32.39912,3.13914,7.0,1.6
35.72595,32.39936,3.13968,7.0,1.6
35.62595,32.39955,3.14035,7.0,1.6
35.52595,32.39968,3.14142,7.0,1.6
35.42595,32.3997,3.14052,7.0,1.6
35.32595,32.3998,3.1414,7.0,1.6
35.22595,32.39982,3.14072,7.0,1.6
35.12595,32.39991,-3.1415,7.0,1.6
35.02595,32.3999,-3.14153,7.0,1.6
34.92595,32.39989,3.14049,7.0,1.6
34.82595,32.4,-3.14152,7.0,1.6
34.72595,32.4,3.14156,7.0,1.6
34.62595,32.4,-3.14158,7.0,1.60003
34.52595,32.4,3.14159,7.0,1.5999
34.42595,32.4,-3.14159,7.0,1.60021
34.32595,32.4,-3.14159,7.0,1.60085
34.22595,32.4,-3.14159,7.0,1.58716
34.12595,32.4,3.14159,7.0,1.5449
34.02595,32.4,-3.14159,7.0,1.5509
33.92595,32.4,-3.14159,7.0,1.54992
33.82595,32.4,3.14157,7.0,1.54999
33.72595,32.4,-3.14148,7.0,1.55001
33.62595,32.39999,3.14077,7.0,1.55
33.52595,32.40007,3.1413,7.0,1.55
33.42595,32.4001,-3.14156,7.0,1.55
33.32595,32.4001,3.14131,7.0,1.55
33.22595,32.40013,3.14087,7.0,1.55
33.12595,32.4002,3.14087,7.0,1.55
33.02595,32.40027,3.14134,7.0,1.55
32.92595,32.4003,3.14047,7.0,1.55
32.82595,32.40041,3.14047,7.0,1.55
32.72595,32.40052,3.13989,7.0,1.55
32.62595,32.40069,3.13925,7.0,1.55
32.52596,32.40093,3.13815,7.0,1.55
32.42596,32.40127,3.13904,7.0,1.55
32.32596,32.40153,3.13669,7.0,1.55
32.22596,32.40202,3.13648,7.0,1.55
32.12596,32.40253,3.13482,7.0,1.55
32.02596,32.4032,3.13351,7.0,1.55
31.92596,32.40401,3.13087,7.0,1.55
31.82597,32.40509,3.12942,7.0,1.55
31.72598,32.4063,3.12754,7.0,1.55
31.62599,32.40771,3.12454,7.0,1.55
31.526,32.40941,3.12176,7.0,1.55
31.42602,32.4114,3.1177,7.0,1.55
31.32605,32.41379,3.11485,7.0,1.55
31.22609,32.41646,3.11103,7.0,1.55
31.12613,32.41952,3.1058,7.0,1.55
31.0262,32.42309,3.10156,7.0,1.55
30.92628,32.4271,3.09727,7.0,1.55
30.82638,32.43153,3.09175,7.0,1.54998
30.7265,32.43651,3.08704,7.0,1.55022
30.62665,32.44196,3.08199,7.0,1.54869
30.52683,32.44792,3.07673,7.0,1.55529
30.42704,32.4544,3.07223,7.0,1.50471
30.32728,32.46133,3.06787,7.0,1.50054
30.22755,32.4687,3.06365,7.0,1.49958
30.12785,32.47648,3.05932,7.0,1.50044
30.02819,32.4847,3.05579,7.0,1.49855
29.92856,32.49327,3.0543,7.0,1.50346
29.82894,32.50199,3.05181,7.0,1.44849
29.72934,32.51095,3.05101,7.0,1.45131
29.62975,32.52,3.04993,7.0,1.44953
29.53017,32.52915,3.05066,7.0,1.45046
29.43058,32.53824,3.05178,7.0,1.44895
29.33099,32.5472,3.05432,7.0,1.44908
29.23137,32.55592,3.05609,7.0,1.3954
29.13173,32.56446,3.05903,7.0,1.40143
29.03207,32.57271,3.06251,7.0,1.39973
28.93239,32.58061,3.06815,7.0,1.39996
28.83266,32.58795,3.07115,7.0,1.39998
28.7329,32.59498,3.07641,7.0,1.40216
28.63312,32.6015,3.08181,7.0,1.38072
28.5333,32.60747,3.08598,7.0,1.34574
28.43345,32.61303,3.09201,7.0,1.35057
28.33357,32.61799,3.09632,7.0,1.35
28.23368,32.62251,3.101,7.0,1.34998
28.13376,32.62657,3.10644,7.0,1.35001
28.03382,32.63009,3.10951,7.0,1.35
27.93387,32.63329,3.11468,7.0,1.35
27.83391,32.63598,3.11777,7.0,1.35
27.73394,32.63837,3.12103,7.0,1.35
27.63396,32.64042,3.12499,7.0,1.35
27.53397,32.64208,3.12676,7.0,1.35
27.43398,32.64357,3.12933,7.0,1.35
27.33399,32.64479,3.13101,7.0,1.35
27.234,32.64585,3.13374,7.0,1.35
27.134,32.64664,3.13424,7.0,1.35
27.034,32.64737,3.13608,7.0,1.35
26.934,32.64792,3.13685,7.0,1.35
26.834,32.6484,3.13813,7.0,1.35
26.734,32.64874,3.13925,7.0,1.35
26.634,32.64898,3.1392,7.0,1.35
26.534,32.64922,3.13909,7.0,1.35
26.434,32.64947,3.14026,7.0,1.35
26.33401,32.6496,3.14056,7.0,1.35
26.23401,32.6497,3.14125,7.0,1.35
26.13401,32.64974,3.14098,7.0,1.35
26.03401,32.6498,3.14076,7.0,1.35
25.93401,32.64988,3.14141,7.0,1.35
25.83401,32.6499,-3.14156,7.0,1.35
25.73401,32.6499,3.14119,7.0,1.35
25.63401,32.64994,3.14088,7.0,1.35
25.53401,32.65001,-3.14149,7.0,1.35
25.43401,32.65,3.14158,7.0,1.35
25.33401,32.65,3.14159,7.0,1.35
25.23401,32.65,-3.14159,7.0,1.35
25.13401,32.65,3.14159,7.0,1.35
25.03401,32.65,-3.14159,7.0,1.35
24.93401,32.65,3.14159,7.0,1.35
24.83401,32.65,3.14159,7.0,1.35
24.73401,32.65,-3.14159,7.0,1.35
24.63401,32.65,3.14159,7.0,1.35
24.53401,32.65,-3.14159,7.0,1.35
24.43401,32.65,3.14159,7.0,1.35
24.33401,32.65,3.14159,7.0,1.35
24.23401,32.65,-3.14159,7.0,1.35
24.13401,32.65,3.14159,7.0,1.35
24.03401,32.65,3.14159,7.0,1.35
23.93401,32.65,3.14159,7.0,1.35
23.83401,32.65,3.14159,7.0,1.35
23.73401,32.65,3.14159,7.0,1.35
23.63401,32.65,3.14159,7.0,1.35
23.53401,32.65,3.14159,7.0,1.35
23.43401,32.65,3.14159,7.0,1.35
23.33401,32.65,3.14159,7.0,1.35
23.23401,32.65,3.14159,7.0,1.35
23.13401,32.65,3.14159,7.0,1.35
23.03401,32.65,3.14159,7.0,1.35
22.93401,32.65,3.14159,7.0,1.35
22.83401,32.65,3.14159,7.0,1.35
22.73401,32.65,3.14159,7.0,1.35
22.63401,32.65,3.14159,7.0,1.35
22.53401,32.65,3.14159,7.0,1.35
22.43401,32.65,3.14159,7.0,1.35
22.33401,32.65,3.14159,7.0,1.35
22.23401,32.65,3.14159,7.0,1.35
22.13401,32.65,3.14159,7.0,1.35
22.03401,32.65,3.14159,7.0,1.35
21.93401,32.65,3.14159,7.0,1.35
21.83401,32.65,3.14159,7.0,1.35
21.73401,32.65,3.14159,7.0,1.35
21.63401,32.65,3.14159,7.0,1.35
21.53401,32.65,3.14159,7.0,1.35
21.43401,32.65,3.14159,7.0,1.35
21.33401,32.65,3.14159,7.0,1.35
21.23401,32.65,3.14159,7.0,1.35
21.13401,32.65,3.14159,7.0,1.35
21.03401,32.65,3.14159,7.0,1.35
20.93401,32.65,3.14159,7.0,1.35
20.83401,32.65,3.14159,7.0,1.35
20.73401,32.65,3.14159,7.0,1.35
20.63401,32.65,3.14159,7.0,1.35
20.53401,32.65,3.14159,7.0,1.35
20.43401,32.65,3.14159,7.0,1.35
20.33401,32.65,3.14159,7.0,1.35
20.23401,32.65,3.14159,7.0,1.35
20.13401,32.65,3.14159,7.0,1.35
20.03401,32.65,3.14159,7.0,1.35
19.93401,32.65,3.14159,7.0,1.35
19.83401,32.65,3.14159,7.0,1.35
19.73401,32.65,3.14159,7.0,1.35
19.63401,32.65,3.14159,7.0,1.35
19.53401,32.65,3.14159,7.0,1.35
19.43401,32.65,3.14159,7.0,1.35
19.33401,32.65,3.14159,7.0,1.35
19.23401,32.65,3.14159,7.0,1.35
19.13401,32.65,3.14159,7.0,1.35
19.03401,32.65,3.14159,7.0,1.35
18.93401,32.65,3.14159,7.0,1.35
18.83401,32.65,3.14159,7.0,1.35
18.73401,32.65,3.14159,7.0,1.35
18.63401,32.65,3.14159,7.0,1.35
18.53401,32.65,3.14159,7.0,1.35
18.43401,32.65,3.14159,7.0,1.35
18.33401,32.65,3.14159,7.0,1.35
18.23401,32.65,3.14159,7.0,1.35
18.13401,32.65,3.14159,7.0,1.35
18.03401,32.65,3.14159,7.0,1.35
17.93401,32.65,3.14159,7.0,1.35
17.83401,32.65,3.14159,7.0,1.35
17.73401,32.65,3.14159,7.0,1.35
17.63401,32.65,3.14159,7.0,1.35
17.53401,32.65,3.14159,7.0,1.35
17.43401,32.65,3.14159,7.0,1.35
17.33401,32.65,3.14159,7.0,1.35
17.23401,32.65,3.14159,7.0,1.35
17.13401,32.65,3.14159,7.0,1.35
17.03401,32.65,3.14159,7.0,1.35
16.93401,32.65,3.14159,7.0,1.35
16.83401,32.65,3.14159,7.0,1.35
16.73401,32.65,3.14159,7.0,1.35
16.63401,32.65,3.14159,7.0,1.35
16.53401,32.65,3.14159,7.0,1.35
16.43401,32.65,3.14159,7.0,1.35
16.33401,32.65,3.14159,7.0,1.35
16.23401,32.65,3.14159,7.0,1.35
16.13401,32.65,3.14159,7.0,1.35
16.03401,32.65,3.14159,7.0,1.35
15.93401,32.65,3.14159,7.0,1.35
15.83401,32.65,3.14159,7.0,1.35
15.73401,32.65,3.14159,7.0,1.35
15.63401,32.65,3.14159,7.0,1.35
15.53401,32.65,3.14159,7.0,1.35
15.43401,32.65,3.14159,7.0,1.35
15.33401,32.65,3.14159,7.0,1.35
15.23401,32.65,3.14159,7.0,1.35
15.13401,32.65,3.14159,7.0,1.35
15.03401,32.65,3.14159,7.0,1.35
14.93401,32.65,3.14159,7.0,1.35
14.83401,32.65,3.14159,7.0,1.35
14.73401,32.65,3.14159,7.0,1.35
14.63401,32.65,3.14159,7.0,1.35
14.53401,32.65,3.14159,7.0,1.35
14.43401,32.65,3.14159,7.0,1.35
14.33401,32.65,3.14159,7.0,1.35
14.23401,32.65,3.14159,7.0,1.35
14.13401,32.65,3.14159,7.0,1.35
14.03401,32.65,3.14159,7.0,1.35
13.93401,32.65,3.14159,7.0,1.35
13.83401,32.65,3.14159,7.0,1.35
13.73401,32.65,3.14159,7.0,1.35
13.63401,32.65,3.14159,7.0,1.35
13.53401,32.65,3.14159,7.0,1.35
13.43401,32.65,3.14159,7.0,1.35
13.33401,32.65,3.14159,7.0,1.35
13.23401,32.65,3.14159,7.0,1.35
13.13401,32.65,3.14159,7.0,1.35
13.03401,32.65,3.14159,7.0,1.35
12.93401,32.65,3.14159,7.0,1.35
12.83401,32.65,3.14159,7.0,1.35
12.73401,32.65,3.14159,7.0,1.35
12.63401,32.65,3.14159,7.0,1.35
12.53401,32.65,3.14159,7.0,1.35
12.43401,32.65,3.14159,7.0,1.35
12.33401,32.65,3.14159,7.0,1.35
12.23401,32.65,3.14159,7.0,1.35
12.13401,32.65,3.14159,7.0,1.35
12.03401,32.65,3.14159,7.0,1.35
11.93401,32.65,3.14159,7.0,1.35
11.83401,32.65,3.14159,7.0,1.35
11.73401,32.65,3.14159,7.0,1.35
11.63401,32.65,3.14159,7.0,1.35
11.53401,32.65,3.14159,7.0,1.35
11.43401,32.65,3.14159,7.0,1.35
11.33401,32.65,3.14159,7.0,1.35
11.23401,32.65,3.14159,7.0,1.35
11.13401,32.65,3.14159,6.99998,1.35
11.03401,32.65,3.14159,7.0001,1.35
10.93401,32.65,3.14159,6.99969,1.35
10.83401,32.65,3.14159,7.00007,1.35
10.73401,32.65,3.14159,6.97722,1.35
10.63401,32.65,3.14159,6.94843,1.35
10.53401,32.65,3.14159,6.91962,1.35
10.43401,32.65,3.14159,6.89063,1.35
10.33401,32.65,3.14159,6.86157,1.35
10.23401,32.65,3.14159,6.83235,1.35
10.13401,32.65,3.14159,6.80301,1.35
10.03401,32.65,3.14159,6.77356,1.35
9.93401,32.65,3.14159,6.74395,1.35
9.83401,32.65,3.14159,6.71424,1.35
9.73401,32.65,3.14159,6.68438,1.35
9.63401,32.65,3.14159,6.65439,1.35
9.53401,32.65,3.14159,6.62428,1.35
9.43401,32.65,3.14159,6.59401,1.35
9.33401,32.65,3.14159,6.56361,1.35
9.23401,32.65,3.14159,6.53307,1.35
9.13401,32.65,3.14159,6.50238,1.35
9.03401,32.65,3.14159,6.47155,1.35
8.93401,32.65,3.14159,6.44057,1.35
8.83401,32.65,3.14159,6.40944,1.35
8.73401,32.65,3.14159,6.37817,1.35
8.63401,32.65,3.14159,6.34673,1.35
8.53401,32.65,3.14159,6.31514,1.35
8.43401,32.65,3.14159,6.28339,1.35
8.33401,32.65,3.14159,6.25148,1.35
8.23401,32.65,3.14159,6.2194,1.35
8.13401,32.65,3.14159,6.18716,1.35
8.03401,32.65,3.14159,6.15475,1.35
7.93401,32.65,3.14159,6.12217,1.35
7.83401,32.65,3.14159,6.08941,1.35
7.73401,32.65,3.14159,6.05648,1.35
7.63401,32.65,3.14159,6.02337,1.35
7.53401,32.65,3.14159,5.99008,1.35
7.43401,32.65,3.14159,5.95658,1.35
7.33401,32.65,3.14159,5.92292,1.35
7.23401,32.65,3.14159,5.88905,1.35
7.13401,32.65,3.14159,5.85499,1.35
7.03401,32.65,3.14159,5.82074,1.35
6.93401,32.65,3.14159,5.78627,1.35
6.83401,32.65,3.14159,5.7516,1.35
6.73401,32.65,3.14159,5.71673,1.35
6.63401,32.65,3.14159,5.68164,1.35
6.53401,32.65,3.14159,5.64632,1.35
6.43401,32.65,3.14159,5.61079,1.35
6.33401,32.65,3.14159,5.57503,1.35
6.23401,32.65,3.14159,5.53904,1.35
6.13401,32.65,3.14159,5.50281,1.35
6.03401,32.65,3.14159,5.46635,1.35
5.93401,32.65,3.14159,5.42964,1.35
5.83401,32.65,3.14159,5.39268,1.35
5.73401,32.65,-3.14159,5.35546,1.35
5.63401,32.65,3.14159,5.31798,1.35
5.53401,32.65,-3.14159,5.28024,1.35
5.43401,32.65,3.14159,5.24223,1.35
5.33401,32.65,3.14159,5.20394,1.35
5.23401,32.65,-3.14159,5.16536,1.35
5.13401,32.65,3.14159,5.12649,1.35
5.03401,32.65,-3.14159,5.08733,1.35
4.93401,32.65,3.14159,5.04787,1.35
4.83401,32.65,3.14159,5.00809,1.35
4.73401,32.65,-3.14159,4.96799,1.35
4.63401,32.65,3.14158,4.92757,1.35
4.53401,32.65,-3.14156,4.88681,1.35
4.43401,32.65,3.14156,4.84571,1.35
4.33401,32.65,-3.14051,4.80427,1.35
4.23401,32.64989,3.14151,4.76246,1.35
4.13401,32.6499,3.14149,4.72027,1.35
4.03401,32.64991,-3.14064,4.67771,1.35
3.93401,32.64982,-3.14144,4.63476,1.35
3.83401,32.6498,-3.14037,4.5914,1.35
3.73401,32.64968,-3.1404,4.54764,1.35
3.63401,32.64956,-3.14049,4.50344,1.35
3.53401,32.64945,-3.13952,4.45881,1.35
3.43401,32.64924,-3.13917,4.41373,1.35
3.33401,32.649,-3.13782,4.36817,1.35
3.23401,32.64862,-3.13675,4.32214,1.35
3.13401,32.64814,-3.13636,4.27562,1.35
3.03401,32.64761,-3.13377,4.22859,1.35
2.93401,32.64683,-3.13198,4.18102,1.35
2.83402,32.64587,-3.12913,4.13291,1.35
2.73402,32.64462,-3.12626,4.08423,1.35
2.63404,32.64309,-3.12257,4.03497,1.35
2.53405,32.64119,-3.11803,3.98509,1.35
2.43408,32.63883,-3.11221,3.93458,1.35
2.33413,32.63589,-3.10459,3.88342,1.35
2.23419,32.63219,-3.09705,3.83158,1.34999
2.13429,32.62774,-3.08758,3.77902,1.35003
2.03444,32.62234,-3.0752,3.72572,1.34992
1.93466,32.61571,-3.06224,3.67164,1.34987
1.83498,32.60778,-3.0471,3.61676,1.35328
1.73542,32.59835,-3.02981,3.56104,1.32166
1.63605,32.58719,-3.00876,3.50442,1.29851
1.53693,32.57395,-2.9861,3.44688,1.30097
1.43814,32.55846,-2.95925,3.38835,1.30021
1.33979,32.54033,-2.9311,3.32881,1.28209
1.242,32.51943,-2.89798,3.26817,1.3078
1.14496,32.49531,-2.86417,3.2064,1.3123
1.04878,32.46793,-2.82489,3.14339,1.29418
0.95376,32.43678,-2.78479,3.07912,1.27868
0.86006,32.40186,-2.74202,3.01347,1.30952
0.76794,32.36296,-2.69587,2.94668,1.30439
0.67771,32.31985,-2.64927,2.89639,1.34412
0.58959,32.27258,-2.60222,2.86341,1.37091
0.50379,32.22122,-2.55297,2.84224,1.36757
0.42063,32.16571,-2.50505,2.83952,1.39034
0.34021,32.10627,-2.45579,2.84229,1.4415
0.26283,32.04294,-2.408,2.86143,1.45233
0.18855,31.97599,-2.36064,2.88366,1.46633
0.11753,31.90559,-2.31518,2.91567,1.46079
0.04978,31.83205,-2.26954,2.95215,1.40341
-0.01454,31.75548,-2.22539,2.98935,1.39949
-0.07542,31.67616,-2.18338,3.03319,1.40264
-0.13292,31.59434,-2.14136,3.07106,1.36914
-0.18693,31.51018,-2.10104,3.11416,1.37402
-0.2375,31.42392,-2.06151,3.15078,1.37161
-0.28463,31.33572,-2.02277,3.18548,1.33579
-0.3283,31.24576,-1.98517,3.21802,1.30851
-0.36856,31.15423,-1.94741,3.24073,1.31243
-0.40534,31.06124,-1.91085,3.26481,1.3189
-0.43869,30.96697,-1.87421,3.27779,1.3216
-0.46857,30.87154,-1.83796,3.29002,1.35839
-0.49497,30.77509,-1.80186,3.29744,1.34325
-0.51787,30.67775,-1.76576,3.29847,1.37892
-0.53724,30.57964,-1.72985,3.30305,1.34536
-0.55308,30.48091,-1.69384,3.30003,1.39536
-0.56535,30.38166,-1.6578,3.30316,1.39923
-0.57404,30.28204,-1.62189,3.30489,1.40039
-0.57915,30.18218,-1.58603,3.30785,1.39991
-0.58067,30.08219,-1.55043,3.31807,1.40003
-0.57864,29.98221,-1.51487,3.32472,1.40002
-0.57305,29.88237,-1.47976,3.34101,1.39925
-0.56396,29.78279,-1.44487,3.35511,1.40495
-0.5514,29.68358,-1.41032,3.37125,1.3627
-0.53542,29.58487,-1.37628,3.38993,1.34951
-0.51609,29.48675,-1.34226,3.40072,1.3509
-0.49343,29.38936,-1.30869,3.41462,1.33748
-0.46752,29.29277,-1.27493,3.41739,1.32697
-0.43837,29.19712,-1.24158,3.41575,1.30283
-0.40604,29.10249,-1.20746,3.40658,1.30901
-0.3705,29.00902,-1.17326,3.38388,1.26383
-0.33179,28.91682,-1.13845,3.35853,1.24782
-0.28989,28.82602,-1.10285,3.31839,1.24335
-0.24478,28.73678,-1.06633,3.27583,1.25763
-0.19645,28.64923,-1.02845,3.22629,1.29463
-0.14483,28.56359,-0.98958,3.17106,1.30767
-0.08993,28.48001,-0.9492,3.11971,1.29572
-0.0317,28.39871,-0.90742,3.06293,1.3285
0.02988,28.31992,-0.86451,3.01567,1.32894
0.09478,28.24385,-0.81942,2.96965,1.33474
0.16304,28.17078,-0.77383,2.93162,1.34243
0.23456,28.10089,-0.72772,2.9045,1.39823
0.30923,28.03438,-0.68075,2.88246,1.37622
0.38693,27.97144,-0.63255,2.87793,1.33373
0.46758,27.91232,-0.58573,2.87947,1.30373
0.55091,27.85704,-0.5392,2.89861,1.29767
0.63672,27.8057,-0.49349,2.92942,1.25659
0.72479,27.75833,-0.44863,2.9731,1.28505
0.81489,27.71496,-0.40622,3.03557,1.22142
0.90675,27.67545,-0.36603,3.107,1.22017
1.00012,27.63966,-0.32693,3.19854,1.17783
1.09482,27.60754,-0.292,3.29117,1.18174
1.19059,27.57876,-0.25734,3.38105,1.21856
1.28729,27.55331,-0.22793,3.46867,1.20431
1.3847,27.53071,-0.19898,3.55409,1.2385
1.48273,27.51094,-0.17348,3.63752,1.1979
1.58123,27.49368,-0.15086,3.71908,1.24807
1.68009,27.47865,-0.12912,3.79889,1.24871
1.77926,27.46578,-0.11114,3.87706,1.25156
1.87864,27.45469,-0.09518,3.95368,1.24455
1.97819,27.44518,-0.0797,4.02884,1.29394
2.07787,27.43722,-0.06854,4.10263,1.29953
2.17763,27.43037,-0.05642,4.17511,1.30036
2.27748,27.42473,-0.04689,4.24636,1.2999
2.37737,27.42005,-0.03949,4.31643,1.30002
2.47729,27.4161,-0.03253,4.38538,1.3
2.57723,27.41284,-0.02566,4.45326,1.3
2.6772,27.41028,-0.02132,4.52012,1.3
2.77718,27.40815,-0.01778,4.58602,1.3
2.87716,27.40637,-0.0139,4.65098,1.3
2.97715,27.40498,-0.01082,4.71504,1.3
3.07715,27.4039,-0.00912,4.77824,1.3
3.17714,27.40299,-0.00646,4.84061,1.3
3.27714,27.40234,-0.00617,4.9022,1.3
3.37714,27.40172,-0.00401,4.96302,1.3
3.47714,27.40132,-0.00351,5.0231,1.3
3.57714,27.40097,-0.00238,5.08248,1.3
3.67714,27.40073,-0.00193,5.14116,1.3
3.77714,27.40054,-0.00111,5.19919,1.3
3.87714,27.40043,-0.0012,5.25657,1.3
3.97714,27.40031,-0.00111,5.31334,1.3
4.07714,27.4002,-0.00025,5.36951,1.3
4.17714,27.40017,-0.00082,5.42509,1.3
4.27714,27.40009,9e-05,5.48011,1.3
4.37714,27.4001,5e-05,5.53458,1.3
4.47714,27.4001,-0.0011,5.58852,1.3
4.57714,27.39999,9e-05,5.64195,1.3
4.67714,27.4,-4e-05,5.69487,1.3
4.77714,27.4,1e-05,5.74731,1.3
4.87714,27.4,-0.0,5.79927,1.3
4.97714,27.4,0.0,5.85078,1.3
5.07714,27.4,0.0,5.90182,1.3
5.17714,27.4,-0.0,5.95245,1.3
5.27714,27.4,0.0,6.00263,1.3
5.37714,27.4,-0.0,6.0524,1.3
5.47714,27.4,0.0,6.10177,1.3
5.57714,27.4,0.0,6.15074,1.3
5.67714,27.4,-0.0,6.19932,1.3
5.77714,27.4,0.0,6.24753,1.3
5.87714,27.4,-0.0,6.29536,1.3
5.97714,27.4,0.0,6.34284,1.3
6.07714,27.4,0.0,6.38996,1.3
6.17714,27.4,0.0,6.43674,1.3
6.27714,27.4,0.0,6.48318,1.3
6.37714,27.4,0.0,6.52928,1.3
6.47714,27.4,0.0,6.57507,1.3
6.57714,27.4,0.0,6.62054,1.3
6.67714,27.4,0.0,6.66571,1.3
6.77714,27.4,0.0,6.71056,1.3
6.87714,27.4,0.0,6.75512,1.3
6.97714,27.4,0.0,6.79938,1.3
7.07714,27.4,0.0,6.84335,1.3
7.17714,27.4,0.0,6.88712,1.3
7.27714,27.4,0.0,6.93016,1.3
7.37714,27.4,0.0,6.97481,1.3
7.47714,27.4,0.0,6.99952,1.3
7.57714,27.4,0.0,6.99985,1.3
7.67714,27.4,0.0,7.00007,1.3
7.77714,27.4,0.0,6.99998,1.3
7.87714,27.4,0.0,7.0,1.3
7.97714,27.4,0.0,7.0,1.3
8.07714,27.4,0.0,7.0,1.3
8.17714,27.4,0.0,7.0,1.3
8.27714,27.4,0.0,7.0,1.3
8.37714,27.4,0.0,7.0,1.3
8.47714,27.4,0.0,7.0,1.3
8.57714,27.4,0.0,7.0,1.3
8.67714,27.4,0.0,7.0,1.3
8.77714,27.4,0.0,7.0,1.29997
8.87714,27.4,0.0,7.0,1.3001
8.97714,27.4,0.0,7.0,1.29985
9.07714,27.4,0.0,7.0,1.29875
9.17714,27.4,0.0,7.0,1.31488
9.27714,27.4,0.0,7.0,1.35486
9.37714,27.4,0.0,7.0,1.34921
9.47714,27.4,0.0,7.0,1.35005
9.57714,27.4,0.0,7.0,1.35002
9.67714,27.4,0.0,7.0,1.34999
9.77714,27.4,0.0,7.0,1.35
9.87714,27.4,0.0,7.0,1.35
9.97714,27.4,0.0,7.0,1.35
10.07714,27.4,0.0,7.0,1.35
10.17714,27.4,0.0,7.0,1.35
10.27714,27.4,0.0,7.0,1.35
10.37714,27.4,0.0,7.0,1.35
10.47714,27.4,0.0,7.0,1.35
10.57714,27.4,0.0,7.0,1.35
10.67714,27.4,0.0,7.0,1.35
10.77714,27.4,0.0,7.0,1.35
10.87714,27.4,0.0,7.0,1.35
10.97714,27.4,0.0,7.0,1.35
11.07714,27.4,0.0,7.0,1.35
11.17714,27.4,0.0,7.0,1.35
11.27714,27.4,0.0,7.0,1.35
11.37714,27.4,0.0,7.0,1.35
11.47714,27.4,0.0,7.0,1.35
11.57714,27.4,0.0,7.0,1.35
11.67714,27.4,0.0,7.0,1.35
11.77714,27.4,0.0,7.0,1.35
11.87714,27.4,0.0,7.0,1.35
11.97714,27.4,0.0,7.0,1.35
12.07714,27.4,0.0,7.0,1.35
12.17714,27.4,0.0,6.99999,1.35
12.27714,27.4,0.0,7.00006,1.35
12.37714,27.4,0.0,6.99978,1.35
12.47714,27.4,0.0,6.99806,1.35
12.57714,27.4,0.0,6.97002,1.35
12.67714,27.4,0.0,6.94164,1.35
12.77714,27.4,0.0,6.91263,1.35
12.87714,27.4,0.0,6.88368,1.35
12.97714,27.4,0.0,6.85454,1.35
13.07714,27.4,0.0,6.82531,1.35
13.17714,27.4,0.0,6.79593,1.35
13.27714,27.4,0.0,6.76645,1.35
13.37714,27.4,0.0,6.73683,1.35
13.47714,27.4,0.0,6.70706,1.35
13.57714,27.4,0.0,6.6772,1.35
13.67714,27.4,0.0,6.64716,1.35
13.77714,27.4,0.0,6.61701,1.35
13.87714,27.4,0.0,6.58672,1.35
13.97714,27.4,0.0,6.55627,1.35
14.07714,27.4,0.0,6.52571,1.35
14.17714,27.4,0.0,6.49498,1.35
14.27714,27.4,0.0,6.46412,1.35
14.37714,27.4,0.0,6.43311,1.35
14.47714,27.4,0.0,6.40192,1.35
14.57714,27.4,0.0,6.37063,1.35
14.67714,27.4,0.0,6.33914,1.35
14.77714,27.4,0.0,6.30752,1.35
14.87714,27.4,0.0,6.27574,1.35
14.97714,27.4,0.0,6.24377,1.35
15.07714,27.4,0.0,6.21168,1.35
15.17714,27.4,0.0,6.17938,1.35
15.27714,27.4,0.0,6.14694,1.35
15.37714,27.4,0.0,6.11432,1.35
15.47714,27.4,0.0,6.08151,1.35
15.57714,27.4,0.0,6.04855,1.35
15.67714,27.4,0.0,6.01538,1.35
15.77714,27.4,0.0,5.98204,1.35
15.87714,27.4,0.0,5.94852,1.35
15.97714,27.4,0.0,5.91478,1.35
16.07714,27.4,0.0,5.88089,1.35
16.17714,27.4,0.0,5.84677,1.35
16.27714,27.4,0.0,5.81247,1.35
16.37714,27.4,0.0,5.77797,1.35
16.47714,27.4,0.0,5.74323,1.35
16.57714,27.4,0.0,5.70832,1.35
16.67714,27.4,0.0,5.67315,1.35
16.77714,27.4,0.0,5.6378,1.35
16.87714,27.4,-0.0,5.60222,1.35
16.97714,27.4,-0.0,5.56638,1.35
17.07714,27.4,0.0,5.53037,1.35
17.17714,27.4,-0.0,5.49406,1.35
17.27714,27.4,0.0,5.45754,1.35
17.37714,27.4,-0.0,5.42078,1.35
17.47714,27.4,-0.0,5.38374,1.35
17.57714,27.4,0.0,5.34649,1.35
17.67714,27.4,-0.0,5.30893,1.35
17.77714,27.4,0.0,5.27113,1.35
17.87714,27.4,-0.0,5.23305,1.35
17.97714,27.4,-1e-05,5.19467,1.35
18.07714,27.4,8e-05,5.15606,1.35
18.17714,27.40001,-0.0006,5.1171,1.35
18.27714,27.39995,-0.00052,5.07788,1.35
18.37714,27.39989,4e-05,5.03834,1.35
18.47714,27.3999,-9e-05,4.99847,1.35
18.57714,27.39989,-0.00095,4.95832,1.35
18.67714,27.39979,-0.00036,4.9178,1.35
18.77714,27.39976,-0.00136,4.87697,1.35
18.87714,27.39962,-0.00111,4.83579,1.35
18.97714,27.39951,-0.00226,4.79424,1.35
19.07714,27.39929,-0.00173,4.75237,1.35
19.17714,27.39911,-0.00314,4.71008,1.35
19.27714,27.3988,-0.0038,4.6674,1.35
19.37713,27.39842,-0.00488,4.62438,1.35
19.47713,27.39793,-0.006,4.58093,1.35
19.57713,27.39733,-0.00774,4.53706,1.35
19.67713,27.39656,-0.01015,4.49275,1.35
19.77712,27.39554,-0.01221,4.44802,1.35
19.87712,27.39432,-0.01524,4.40284,1.35
19.9771,27.3928,-0.01814,4.35715,1.35
20.07709,27.39098,-0.02244,4.31103,1.35
20.17706,27.38874,-0.02714,4.26437,1.35
20.27703,27.38603,-0.03393,4.2172,1.35
20.37697,27.38263,-0.04014,4.16949,1.35
20.47689,27.37862,-0.04734,4.12127,1.35
20.57678,27.37389,-0.05728,4.07246,1.34997
20.67661,27.36816,-0.06626,4.02304,1.35027
20.77639,27.36154,-0.07835,3.97302,1.34859
20.87609,27.35372,-0.09168,3.92235,1.35476
20.97566,27.34456,-0.10645,3.87102,1.30107
21.0751,27.33394,-0.12285,3.81901,1.30122
21.17434,27.32168,-0.1404,3.76625,1.2984
21.27336,27.30769,-0.16111,3.71277,1.30589
21.37206,27.29165,-0.18274,3.65855,1.25607
21.4704,27.27347,-0.20631,3.60346,1.27101
21.56828,27.25299,-0.23279,3.54749,1.27081
21.66558,27.22992,-0.2606,3.49068,1.26057
21.7622,27.20415,-0.29091,3.43291,1.2371
21.858,27.17547,-0.32355,3.37415,1.24887
21.95281,27.14368,-0.35768,3.31436,1.21087
22.04648,27.10867,-0.39371,3.25343,1.22231
22.13882,27.07031,-0.43144,3.1914,1.22611
22.22966,27.02849,-0.47268,3.12802,1.21049
22.31869,26.98296,-0.51336,3.06716,1.23577
22.4058,26.93386,-0.55683,3.01146,1.25529
22.49069,26.88101,-0.60195,2.96534,1.26328
22.57311,26.82438,-0.64729,2.93071,1.26114
22.65288,26.76408,-0.69408,2.89954,1.26825
22.72974,26.70012,-0.74105,2.88327,1.31831
22.80352,26.63261,-0.78908,2.86946,1.32554
22.87396,26.56165,-0.83596,2.86765,1.33858
22.94101,26.48745,-0.88432,2.8723,1.31671
23.00439,26.41011,-0.93147,2.88198,1.27088
23.06405,26.32986,-0.97799,2.9027,1.26119
23.11992,26.24693,-1.02356,2.92309,1.25907
23.17195,26.16153,-1.06886,2.95447,1.21937
23.22006,26.07387,-1.11317,2.98533,1.18412
23.26424,25.98416,-1.15569,3.02067,1.1882
23.30457,25.89266,-1.19778,3.05878,1.16512
23.34101,25.79954,-1.23819,3.09247,1.15649
23.37366,25.70502,-1.27949,3.13067,1.14846
23.40238,25.60923,-1.3176,3.15969,1.16463
23.42743,25.51243,-1.35742,3.18939,1.15535
23.4486,25.41469,-1.39452,3.21115,1.15257
23.46614,25.31625,-1.43253,3.22532,1.17201
23.47992,25.2172,-1.47017,3.23598,1.15019
23.48997,25.11771,-1.50762,3.23319,1.15002
23.49628,25.01791,-1.5449,3.2296,1.15
23.49887,24.91795,-1.5831,3.21414,1.14994
23.49764,24.81796,-1.62203,3.19588,1.15017
23.49252,24.71809,-1.65984,3.17359,1.15052
23.48363,24.61849,-1.70077,3.14479,1.16286
23.47067,24.51934,-1.74039,3.12045,1.17994
23.45379,24.42077,-1.78196,3.0899,1.20136
23.43283,24.323,-1.82316,3.0663,1.16875
23.40786,24.22617,-1.86563,3.04252,1.16827
23.3788,24.13049,-1.90842,3.02137,1.17616
23.34568,24.03613,-1.95299,3.00806,1.18759
23.30838,23.94335,-1.99519,2.99297,1.25016
23.26721,23.85222,-2.04056,2.98859,1.23908
23.22194,23.76306,-2.08329,2.9839,1.28309
23.17291,23.67591,-2.12785,2.98439,1.29896
23.12004,23.59103,-2.17216,2.9905,1.31982
23.06347,23.50857,-2.2156,2.99438,1.2716
23.00336,23.42865,-2.25895,3.00733,1.22813
22.93985,23.35141,-2.30181,3.01751,1.18611
22.87309,23.27697,-2.34517,3.03227,1.13645
22.80317,23.20548,-2.38688,3.0508,1.08805
22.73032,23.13698,-2.42897,3.0669,1.04476
22.65466,23.07159,-2.46922,3.09257,1.03489
22.57643,23.00931,-2.51075,3.11669,1.02732
22.49568,22.95033,-2.54919,3.14818,0.98357
22.41272,22.8945,-2.58813,3.18719,0.9785
22.32765,22.84193,-2.6265,3.22817,0.90417
22.24063,22.79267,-2.662,3.2849,0.9029
22.15191,22.74653,-2.697,3.34639,0.89158
22.06163,22.70352,-2.73088,3.42293,0.91187
21.96995,22.6636,-2.76326,3.50929,0.86893
21.87702,22.62666,-2.79213,3.59373,0.89917
21.78307,22.59242,-2.82091,3.67626,0.9027
21.68817,22.5609,-2.84653,3.75698,0.91105
21.59249,22.53182,-2.86994,3.83604,0.94572
21.49616,22.50499,-2.89219,3.91345,0.9503
21.39925,22.48031,-2.91144,3.98933,0.97635
21.30189,22.45749,-2.92884,4.06388,0.97437
21.20414,22.43638,-2.94431,4.13703,1.00506
21.10608,22.41678,-2.95927,4.20888,0.99595
21.00774,22.39865,-2.96997,4.27959,1.05125
20.90921,22.38157,-2.98083,4.34911,1.04943
20.8105,22.36556,-2.99018,4.41757,1.04581
20.71164,22.35048,-2.99881,4.48496,1.08251
20.61266,22.33625,-3.00456,4.55135,1.10191
20.5136,22.32259,-3.01284,4.61683,1.10009
20.41443,22.30975,-3.01709,4.68132,1.09767
20.3152,22.29733,-3.02399,4.74498,1.11952
20.21589,22.28559,-3.02832,4.80779,1.15436
20.11653,22.27429,-3.03432,4.86978,1.14911
20.01711,22.26358,-3.03895,4.93103,1.15009
19.91763,22.25334,-3.04384,4.99147,1.15752
19.81811,22.24358,-3.05021,5.05125,1.20539
19.71853,22.23445,-3.05397,5.11029,1.19877
19.61891,22.2257,-3.06056,5.16866,1.20026
19.51924,22.21761,-3.0652,5.22638,1.19993
19.41953,22.20998,-3.07135,5.28348,1.19829
19.31978,22.20296,-3.0776,5.33995,1.21696
19.21998,22.19656,-3.08137,5.39581,1.2546
19.12016,22.19054,-3.08797,5.45115,1.24931
19.02031,22.18518,-3.09273,5.50593,1.25003
18.92043,22.1803,-3.09858,5.56011,1.25002
18.82052,22.176,-3.10306,5.61384,1.24999
18.72059,22.17215,-3.10755,5.667,1.25
18.62065,22.16874,-3.11129,5.71969,1.25
18.5207,22.16571,-3.11541,5.77193,1.25
18.42073,22.1631,-3.11947,5.82364,1.25
18.32076,22.16088,-3.1221,5.87496,1.25
18.22078,22.15894,-3.12619,5.92579,1.25
18.12079,22.1574,-3.12716,5.97619,1.25
18.0208,22.15595,-3.13072,6.02621,1.25
17.9208,22.15487,-3.13125,6.07575,1.25
17.82081,22.15383,-3.13388,6.12496,1.25
17.72081,22.15306,-3.13515,6.17373,1.25
17.62082,22.15242,-3.13661,6.22212,1.25
17.52082,22.15192,-3.13799,6.27018,1.25
17.42082,22.15156,-3.13793,6.31781,1.25
17.32082,22.15119,-3.1384,6.36515,1.25
17.22082,22.15087,-3.1402,6.4121,1.25
17.12082,22.15073,-3.13936,6.45868,1.25
17.02082,22.15051,-3.14035,6.50505,1.25
16.92082,22.15038,-3.14074,6.5514,1.25
16.82082,22.1503,-3.14104,6.56979,1.25
16.72082,22.15024,-3.1412,6.53383,1.25
16.62082,22.1502,-3.14059,6.50435,1.25
16.52082,22.1501,-3.14157,6.47335,1.25
16.42082,22.1501,3.14154,6.4424,1.25
16.32082,22.15011,-3.14097,6.41127,1.25
16.22082,22.15004,-3.1411,6.38,1.25
16.12082,22.14999,3.14154,6.34858,1.25
16.02082,22.15,-3.14159,6.31698,1.25
15.92082,22.15,-3.14159,6.28527,1.25
15.82082,22.15,3.14159,6.25335,1.25
15.72082,22.15,-3.14159,6.22129,1.25
15.62082,22.15,3.14159,6.18907,1.25
15.52082,22.15,-3.14159,6.15665,1.25
15.42082,22.15,-3.14159,6.1241,1.25
15.32082,22.15,3.14159,6.09133,1.25
15.22082,22.15,-3.14159,6.05842,1.25
15.12082,22.15,3.14159,6.02532,1.25
15.02082,22.15,-3.14159,5.99201,1.25
14.92082,22.15,-3.14159,5.95857,1.25
14.82082,22.15,3.14159,5.92489,1.25
14.72082,22.15,3.14159,5.89105,1.25
14.62082,22.15,3.14159,5.857,1.25
14.52082,22.15,3.14159,5.82273,1.25
14.42082,22.15,3.14159,5.78831,1.24999
14.32082,22.15,3.14159,5.75364,1.25007
14.22082,22.15,3.14159,5.71878,1.24962
14.12082,22.15,3.14159,5.68371,1.2513
14.02082,22.15,3.14159,5.64839,1.24857
13.92082,22.15,3.14159,5.6129,1.30359
13.82082,22.15,3.14159,5.57713,1.29856
13.72082,22.15,3.14159,5.54116,1.30034
13.62082,22.15,3.14159,5.50495,1.29995
13.52082,22.15,3.14159,5.46849,1.3
13.42082,22.15,3.14159,5.43181,1.3
13.32082,22.15,-3.14159,5.39485,1.3
13.22082,22.15,3.14159,5.35765,1.3
13.12082,22.15,-3.14159,5.3202,1.3
13.02082,22.15,-3.14159,5.28245,1.3
12.92082,22.15,3.14159,5.24448,1.3
12.82082,22.15,-3.14159,5.20618,1.3
12.72082,22.15,3.14159,5.16763,1.3
12.62082,22.15,-3.14159,5.12879,1.3
12.52082,22.15,-3.14159,5.08963,1.3
12.42082,22.15,3.14159,5.0502,1.3
12.32082,22.15,-3.14159,5.01043,1.3
12.22082,22.15,3.14158,4.97036,1.3
12.12082,22.15,-3.14158,4.92996,1.3
12.02082,22.15,-3.14148,4.8892,1.3
11.92082,22.14999,-3.14061,4.84815,1.3
11.82082,22.14989,3.1415,4.80669,1.3
11.72082,22.1499,3.14149,4.76492,1.3
11.62082,22.14991,-3.14052,4.72276,1.3
11.52082,22.1498,-3.14149,4.68021,1.3
11.42082,22.14979,-3.14029,4.63731,1.3
11.32082,22.14966,-3.1404,4.59396,1.3
11.22082,22.14954,-3.14049,4.5502,1.3
11.12082,22.14943,-3.13936,4.50605,1.3
11.02082,22.14921,-3.1391,4.46145,1.3
10.92082,22.14896,-3.13796,4.41639,1.3
10.82082,22.1486,-3.13752,4.37086,1.3
10.72082,22.14819,-3.13612,4.32486,1.3
10.62082,22.14764,-3.13347,4.27838,1.3
10.52083,22.14683,-3.13292,4.23134,1.3
10.42083,22.14596,-3.12918,4.18383,1.3
10.32084,22.14472,-3.12699,4.13574,1.3
10.22085,22.14326,-3.12218,4.08711,1.3
10.12087,22.14132,-3.11911,4.03789,1.3
10.02089,22.13907,-3.1124,3.98801,1.3
9.92094,22.13615,-3.10625,3.93757,1.3
9.821,22.13262,-3.09899,3.88644,1.3
9.72109,22.12836,-3.0899,3.83464,1.3
9.62122,22.1232,-3.07946,3.78212,1.30001
9.52142,22.11699,-3.06649,3.72887,1.3
9.4217,22.10948,-3.05343,3.67484,1.29977
9.32209,22.10068,-3.03651,3.62,1.30253
9.22264,22.09019,-3.01875,3.56433,1.32311
9.12339,22.07794,-2.99867,3.50777,1.33837
9.02441,22.06369,-2.97531,3.45028,1.35122
8.92579,22.04714,-2.94952,3.39181,1.3392
8.82763,22.02805,-2.92099,3.33233,1.32662
8.73006,22.00617,-2.89016,3.27177,1.3517
8.6332,21.98129,-2.85615,3.21004,1.31863
8.53725,21.95314,-2.81826,3.14712,1.32081
8.44244,21.92136,-2.77933,3.08294,1.30152
8.34893,21.88592,-2.73666,3.01734,1.30854
8.25702,21.84653,-2.69166,2.95021,1.32109
8.16697,21.80304,-2.64445,2.88334,1.33893
8.07908,21.75535,-2.59489,2.82335,1.31432
7.99366,21.70337,-2.54411,2.78112,1.37924
7.91099,21.64711,-2.49254,2.75056,1.36778
7.83133,21.58667,-2.4405,2.73141,1.36653
7.75492,21.52217,-2.38674,2.72844,1.4051
7.68208,21.45366,-2.33503,2.73166,1.41671
7.61289,21.38147,-2.28267,2.7522,1.40774
7.54757,21.30576,-2.23267,2.77764,1.36033
7.48611,21.22688,-2.18219,2.81621,1.33964
7.42871,21.14499,-2.13479,2.86177,1.32282
7.37526,21.06049,-2.0886,2.91231,1.27211
7.32576,20.9736,-2.04376,2.97218,1.2605
7.28021,20.88458,-2.00136,3.02909,1.22357
7.23847,20.79371,-1.96019,3.09328,1.2024
7.20051,20.70119,-1.92057,3.15091,1.19901
7.16624,20.60725,-1.88265,3.20715,1.15996
7.13556,20.51208,-1.84535,3.25699,1.14507
7.10845,20.41582,-1.80942,3.29404,1.15288
7.08481,20.31866,-1.77388,3.32513,1.15662
7.06464,20.22072,-1.73865,3.33658,1.14015
7.04794,20.12212,-1.70334,3.34005,1.12578
7.03472,20.023,-1.6679,3.32521,1.15982
7.02503,19.92348,-1.63184,3.29789,1.14878
7.01893,19.82366,-1.59482,3.26003,1.14999
7.01652,19.7237,-1.55672,3.20714,1.15006
7.01793,19.62371,-1.51724,3.14973,1.14989
7.02329,19.52385,-1.47601,3.08486,1.15027
7.03275,19.42431,-1.43294,3.02074,1.1514
7.04649,19.32526,-1.38812,2.95315,1.12871
7.06466,19.22693,-1.34082,2.8905,1.09597
7.08745,19.12956,-1.29243,2.83506,1.09699
7.11493,19.03342,-1.24146,2.78657,1.04954
7.14727,18.9388,-1.19043,2.75875,1.01019
7.18439,18.84595,-1.13792,2.74531,1.00889
7.22634,18.75518,-1.08684,2.76621,0.98275
7.27287,18.66666,-1.03732,2.81021,0.96
7.32372,18.58056,-0.99058,2.88954,0.91484
7.37854,18.49693,-0.94692,2.83118,0.86851
7.43695,18.41577,-0.90633,2.7604,0.89169
7.49862,18.33705,-0.86658,2.6869,0.91965
7.56336,18.26084,-0.8243,2.61142,0.90789
7.63126,18.18744,-0.7766,2.53364,0.91313
7.70259,18.11735,-0.71818,2.45346,0.8791
7.77789,18.05155,-0.65104,2.37152,0.88316
7.85742,17.99096,-0.57564,2.27966,0.89594
7.9413,17.93653,-0.49978,2.27708,0.90797
8.02906,17.88861,-0.43291,2.4042,0.91638
8.11983,17.84666,-0.37885,2.52446,0.92381
8.21274,17.80968,-0.3384,2.64102,0.93037
8.30706,17.77648,-0.30945,2.75221,0.95937
8.40231,17.74603,-0.2883,2.85913,0.95603
8.49818,17.71759,-0.27327,2.96222,1.00153
8.59447,17.69061,-0.26066,3.06181,1.03115
8.6911,17.66483,-0.24825,3.15827,1.04804
8.78803,17.64026,-0.23588,3.25188,1.1006
8.88526,17.61689,-0.22283,3.34287,1.09636
8.98279,17.59479,-0.209,3.43143,1.12076
9.08061,17.57405,-0.19316,3.51776,1.15531
9.17875,17.55485,-0.17962,3.60204,1.14577
9.27714,17.53699,-0.16375,3.68438,1.20114
9.3758,17.52068,-0.14906,3.76493,1.1962
9.47469,17.50583,-0.13506,3.84378,1.22184
9.57378,17.49237,-0.12191,3.92107,1.25377
9.67304,17.48021,-0.11,3.99683,1.24965
9.77244,17.46923,-0.09713,4.07121,1.25008
9.87197,17.45953,-0.08602,4.14423,1.24742
9.9716,17.45094,-0.07585,4.216,1.27167
10.07131,17.44336,-0.06667,4.28656,1.30384
10.17109,17.4367,-0.05803,4.35602,1.29957
10.27092,17.4309,-0.04971,4.42434,1.29997
10.37079,17.42593,-0.04361,4.49164,1.30002
10.4707,17.42157,-0.03679,4.55792,1.29999
10.57063,17.41789,-0.03217,4.62328,1.3
10.67058,17.41468,-0.0267,4.6877,1.3
10.77054,17.41201,-0.02226,4.75128,1.3
10.87052,17.40978,-0.01829,4.81401,1.3
10.9705,17.40795,-0.01555,4.87594,1.3
11.07049,17.4064,-0.01251,4.9371,1.3
11.17048,17.40515,-0.01084,4.99746,1.3
11.27048,17.40406,-0.0082,5.05714,1.3
11.37047,17.40324,-0.0067,5.11614,1.3
11.47047,17.40257,-0.00613,5.17444,1.3
11.57047,17.40196,-0.00419,5.23207,1.3
11.67047,17.40154,-0.00354,5.28914,1.3
11.77047,17.40119,-0.00234,5.34551,1.3
11.87047,17.40095,-0.00252,5.40137,1.3
11.97047,17.4007,-0.00173,5.45662,1.3
12.07047,17.40053,-0.00114,5.51131,1.3
12.17047,17.40042,-0.00121,5.56551,1.3
12.27047,17.40029,-0.00097,5.61912,1.3
12.37047,17.4002,-0.00039,5.67228,1.3
12.47047,17.40016,-0.00066,5.72492,1.3
12.57047,17.40009,6e-05,5.77707,1.3
12.67047,17.4001,-2e-05,5.8288,1.3
12.77047,17.4001,-0.00107,5.88001,1.3
12.87047,17.39999,0.00013,5.93083,1.3
12.97047,17.4,-3e-05,5.9812,1.3
13.07047,17.4,1e-05,6.03113,1.3
13.17047,17.4,-0.0,6.0807,1.3
13.27047,17.4,-0.0,6.1298,1.3
13.37047,17.4,0.0,6.17856,1.3
13.47047,17.4,-0.0,6.22701,1.3
13.57047,17.4,0.0,6.27458,1.3
13.67047,17.4,-0.0,6.31688,1.3
13.77047,17.4,-0.0,6.28993,1.3
13.87047,17.4,0.0,6.25861,1.3
13.97047,17.4,-0.0,6.22621,1.30001
14.07047,17.4,0.0,6.19412,1.29997
14.17047,17.4,-0.0,6.1617,1.30007
14.27047,17.4,0.0,6.12918,1.30011
14.37047,17.4,0.0,6.09646,1.29737
14.47047,17.4,-0.0,6.06356,1.32179
14.57047,17.4,0.0,6.03049,1.35382
14.67047,17.4,0.0,5.99722,1.34958
14.77047,17.4,-0.0,5.9638,1.34997
14.87047,17.4,0.0,5.93016,1.35002
14.97047,17.4,-0.0,5.89633,1.34999
15.07047,17.4,0.0,5.86232,1.35
15.17047,17.4,0.0,5.82809,1.35
15.27047,17.4,-0.0,5.7937,1.35
15.37047,17.4,0.0,5.75905,1.35
15.47047,17.4,-0.0,5.72423,1.35
15.57047,17.4,0.0,5.68919,1.35
15.67047,17.4,0.0,5.6539,1.35
15.77047,17.4,-1e-05,5.61844,1.35
15.87047,17.4,0.00011,5.58272,1.35
15.97047,17.40001,-0.00077,5.54678,1.35
16.07047,17.39993,-0.00035,5.51062,1.35
16.17047,17.3999,3e-05,5.47418,1.35
16.27047,17.3999,-0.00023,5.43755,1.35
16.37047,17.39988,-0.00078,5.40062,1.35
16.47047,17.3998,-0.00067,5.36347,1.35
16.57047,17.39973,-0.0003,5.32606,1.35
16.67047,17.3997,-0.00107,5.28835,1.35
16.77047,17.3996,-0.00141,5.25042,1.35
16.87047,17.39945,-0.00204,5.21217,1.35
16.97047,17.39925,-0.00163,5.17366,1.35
17.07047,17.39909,-0.00339,5.13486,1.35
17.17046,17.39875,-0.00361,5.09575,1.35
17.27046,17.39839,-0.00396,5.05637,1.35
17.37046,17.39799,-0.00615,5.01664,1.35
17.47046,17.39738,-0.00642,4.97662,1.35
17.57046,17.39673,-0.00902,4.93628,1.35
17.67046,17.39583,-0.01075,4.89557,1.35
17.77045,17.39476,-0.01238,4.85458,1.35
17.87044,17.39352,-0.01478,4.81319,1.35
17.97043,17.39204,-0.01734,4.77145,1.35
18.07042,17.39031,-0.02201,4.72936,1.35
18.17039,17.38811,-0.02507,4.68686,1.35
18.27036,17.3856,-0.02907,4.64402,1.35
18.37032,17.38269,-0.03313,4.60073,1.35
18.47026,17.37938,-0.03927,4.55706,1.35
18.57019,17.37545,-0.04425,4.51297,1.34999
18.67009,17.37103,-0.0501,4.46842,1.35002
18.76996,17.36602,-0.05591,4.42342,1.35003
18.86981,17.36043,-0.06318,4.378,1.34932
18.96961,17.35412,-0.07036,4.33206,1.35457
19.06936,17.34709,-0.07727,4.28562,1.3172
19.16906,17.33937,-0.08568,4.23874,1.29825
19.26869,17.33081,-0.09198,4.19129,1.29996
19.36827,17.32163,-0.10142,4.14329,1.29946
19.46776,17.3115,-0.10823,4.09475,1.30437
19.56717,17.3007,-0.11617,4.04559,1.26864
19.6665,17.28911,-0.12482,3.99586,1.24783
19.76572,17.27666,-0.13207,3.94547,1.25003
19.86485,17.26349,-0.14051,3.89444,1.25202
19.96386,17.24949,-0.14908,3.84275,1.23218
20.06275,17.23464,-0.15683,3.79038,1.19581
20.16153,17.21902,-0.16484,3.73721,1.19944
20.26017,17.20261,-0.1735,3.68331,1.20156
20.35867,17.18534,-0.18277,3.62859,1.14637
20.457,17.16717,-0.19088,3.57309,1.15479
20.55519,17.1482,-0.20105,3.51664,1.12469
20.65317,17.12823,-0.21114,3.45932,1.09524
20.75095,17.10727,-0.2214,3.40102,1.10358
20.84851,17.08531,-0.23153,3.34167,1.04875
20.94584,17.06236,-0.24404,3.28131,1.04039
21.04288,17.0382,-0.25575,3.21975,0.99304
21.13963,17.0129,-0.26697,3.15704,1.0068
21.23608,16.98652,-0.27853,3.09301,0.95622
21.33223,16.95903,-0.28892,3.02767,0.94983
21.42809,16.93054,-0.29835,2.96088,0.92001
21.52367,16.90114,-0.30559,2.89254,0.91775
21.61903,16.87106,-0.31534,2.82255,0.91268
21.7141,16.84004,-0.32486,2.75082,0.88579
21.80887,16.80813,-0.34118,2.67706,0.89899
21.90311,16.77467,-0.36568,2.60126,0.85302
21.99649,16.73891,-0.40445,2.5234,0.84668
22.08843,16.69956,-0.45796,2.44211,0.87483
22.17811,16.65535,-0.52628,2.36137,0.85485
22.26458,16.60512,-0.60264,2.27253,0.91927
22.34695,16.54844,-0.67464,2.33424,0.90717
22.42504,16.48599,-0.73508,2.4627,0.94391
22.49922,16.41892,-0.78477,2.5808,0.98042
22.56997,16.34826,-0.82281,2.69461,0.96924
22.63799,16.27496,-0.85504,2.80368,0.98153
22.7036,16.1995,-0.88463,2.90886,0.99455
22.76696,16.12213,-0.91551,3.00994,0.99584
22.8279,16.04284,-0.95026,3.10797,0.94902
22.88604,15.96149,-0.98697,3.13562,0.949
22.94116,15.87806,-1.02818,3.06312,0.9625
22.9928,15.79242,-1.07179,2.9984,0.90342
23.04065,15.70462,-1.11704,2.94216,0.91121
23.08449,15.61474,-1.16296,2.91005,0.93669
23.12415,15.52295,-1.21026,2.89935,0.9305
23.15942,15.42938,-1.25667,2.90491,0.95986
23.19032,15.33428,-1.30269,2.91554,0.954
23.21681,15.23785,-1.34759,2.93703,0.96709
23.23895,15.14034,-1.39313,2.95452,0.93889
23.25662,15.04191,-1.43715,2.97745,0.98002
23.26994,14.94281,-1.48171,2.9942,0.9514
23.27884,14.84321,-1.52385,3.00912,0.94995
23.28353,14.74332,-1.56801,3.02044,0.95
23.28381,14.64333,-1.61019,3.02313,0.94993
23.27987,14.5434,-1.65371,3.02603,0.95036
23.27159,14.44375,-1.69624,3.01779,0.9495
23.25908,14.34454,-1.73987,3.01095,0.94229
23.24225,14.24597,-1.7834,2.99642,0.89168
23.22115,14.14822,-1.82727,2.9801,0.92055
23.19579,14.0515,-1.87173,2.96348,0.87968
23.16615,13.956,-1.91769,2.94102,0.89503
23.13215,13.86195,-1.96389,2.92425,0.8722
23.09384,13.76959,-2.01073,2.90183,0.86776
23.05126,13.67911,-2.0563,2.88509,0.90922
23.00459,13.59067,-2.10499,2.86837,0.90233
22.95368,13.5046,-2.15374,2.85175,0.9184
22.89864,13.42112,-2.20154,2.8475,0.90489
22.83966,13.34037,-2.25048,2.79344,0.96067
22.77681,13.26259,-2.29887,2.72099,0.97127
22.71027,13.18795,-2.34574,2.6464,0.98045
22.6403,13.1165,-2.39249,2.56971,0.97235
22.56708,13.04841,-2.4338,2.49065,0.96005
22.4911,12.98339,-2.46818,2.40904,0.97511
22.41293,12.92103,-2.49348,2.32457,0.94514
22.33321,12.86066,-2.50722,2.23684,0.95439
22.25266,12.80139,-2.51172,2.14552,0.91153
22.17185,12.74249,-2.51657,2.05019,0.92359
22.09076,12.68398,-2.54068,1.9504,0.91293
22.00828,12.62744,-2.60732,1.84435,0.86576
21.92222,12.57652,-2.73016,1.73506,0.89644
21.83059,12.53654,-2.87613,1.63445,0.94832
21.73412,12.51032,-2.98599,1.79976,0.93218
21.63534,12.49482,-3.03926,1.95539,0.9682
21.53587,12.4846,-3.04994,2.10471,0.9472
21.43629,12.47545,-3.04059,2.24236,0.95006
21.3368,12.46537,-3.02485,2.37247,0.94988
21.23748,12.45372,-3.01261,2.49576,0.9595
21.13831,12.44086,-3.00742,2.61318,1.00542
21.03921,12.42748,-3.0071,2.72553,0.99858
20.94011,12.41407,-3.011,2.83351,1.00108
20.84096,12.40105,-3.01451,2.93744,1.00177
20.74177,12.38838,-3.02015,3.03783,1.05494
20.6425,12.37626,-3.02459,3.13505,1.04826
20.54319,12.36459,-3.02803,3.22935,1.0517
20.44383,12.35326,-3.03217,3.32097,1.04645
20.34443,12.34234,-3.03382,3.41011,1.1015
20.24501,12.33158,-3.03576,3.49694,1.09851
20.14557,12.32102,-3.03815,3.5817,1.10162
20.0461,12.31069,-3.03945,3.66447,1.09455
19.94662,12.3005,-3.04089,3.74545,1.14345
19.84713,12.29044,-3.0424,3.82475,1.14975
19.74762,12.28054,-3.0442,3.90236,1.15038
19.6481,12.27082,-3.0464,3.97851,1.14958
19.54855,12.26131,-3.04878,4.05327,1.15147
19.44898,12.25204,-3.05159,4.12655,1.1458
19.34938,12.24305,-3.05558,4.19862,1.20019
19.24975,12.23446,-3.05914,4.26949,1.19882
19.15009,12.22623,-3.06393,4.33921,1.20047
19.0504,12.21847,-3.06722,4.40778,1.19953
18.95067,12.21104,-3.07275,4.47531,1.2012
18.85091,12.20416,-3.07729,4.54188,1.19966
18.75112,12.19774,-3.08286,4.60747,1.25416
18.65129,12.19187,-3.08668,4.67209,1.24856
18.55144,12.18638,-3.0931,4.73591,1.25032
18.45156,12.18153,-3.09698,4.79881,1.24996
18.35166,12.17707,-3.10229,4.86093,1.25
18.25173,12.17314,-3.10669,4.92227,1.25
18.15179,12.16965,-3.11022,4.98281,1.25
18.05184,12.16651,-3.11487,5.04269,1.25
17.95188,12.16384,-3.11858,5.10181,1.25
17.85191,12.16154,-3.12137,5.16029,1.25
17.75193,12.15952,-3.12428,5.21812,1.25
17.65194,12.15779,-3.12707,5.27526,1.25
17.55195,12.15634,-3.13022,5.33187,1.25
17.45196,12.1552,-3.1308,5.38781,1.25
17.35196,12.15412,-3.13329,5.44322,1.25
17.25197,12.15329,-3.1347,5.49807,1.25
17.15197,12.1526,-3.13615,5.55233,1.25
17.05197,12.15206,-3.13768,5.60614,1.25
16.95197,12.15166,-3.13803,5.65937,1.25
16.85197,12.15131,-3.13806,5.71214,1.25
16.75197,12.15095,-3.13969,5.76444,1.25
16.65197,12.15076,-3.13979,5.81622,1.25
16.55197,12.15058,-3.13995,5.8676,1.25
16.45197,12.15042,-3.1404,5.91849,1.25
16.35197,12.1503,-3.14145,5.96897,1.25
16.25197,12.15029,-3.14069,6.01903,1.25
16.15197,12.1502,-3.14106,6.06865,1.25
16.05197,12.15014,-3.14111,6.11791,1.25
15.95197,12.1501,3.14155,6.16673,1.25
15.85197,12.1501,-3.14145,6.21519,1.25
15.75197,12.15009,-3.14062,6.26328,1.25
15.65197,12.14999,3.14146,6.31098,1.25
15.55197,12.15,-3.14157,6.35837,1.25
15.45197,12.15,3.14159,6.40535,1.25
15.35197,12.15,3.14159,6.45202,1.25
15.25197,12.15,-3.14159,6.49837,1.25
15.15197,12.15,3.14159,6.54435,1.25
15.05197,12.15,-3.14159,6.59005,1.25
14.95197,12.15,3.14159,6.6354,1.25
14.85197,12.15,3.14159,6.68046,1.25
14.75197,12.15,-3.14159,6.72523,1.25
14.65197,12.15,3.14159,6.76967,1.25
14.55197,12.15,-3.14159,6.81387,1.25
14.45197,12.15,3.14159,6.85773,1.25
14.35197,12.15,3.14159,6.90135,1.25
14.25197,12.15,-3.14159,6.94478,1.25
14.15197,12.15,3.14159,6.98645,1.25
14.05197,12.15,3.14159,7.00162,1.25
13.95197,12.15,3.14159,6.99977,1.25
13.85197,12.15,3.14159,7.00001,1.25
13.75197,12.15,3.14159,7.00001,1.25
13.65197,12.15,3.14159,7.0,1.25
13.55197,12.15,3.14159,7.0,1.25
13.45197,12.15,3.14159,7.0,1.25
13.35197,12.15,3.14159,7.0,1.25
13.25197,12.15,3.14159,7.0,1.25
13.15197,12.15,3.14159,7.0,1.25
13.05197,12.15,3.14159,7.0,1.25
12.95197,12.15,3.14159,7.0,1.25
12.85197,12.15,3.14159,7.0,1.25
12.75197,12.15,3.14159,7.0,1.25
12.65197,12.15,3.14159,7.0,1.25
12.55197,12.15,3.14159,7.0,1.25
12.45197,12.15,3.14159,7.0,1.25
12.35197,12.15,3.14159,7.0,1.25
12.25197,12.15,3.14159,7.0,1.25
12.15197,12.15,3.14159,7.0,1.25
12.05197,12.15,3.14159,7.0,1.25
11.95197,12.15,3.14159,7.0,1.25
11.85197,12.15,3.14159,7.0,1.25
11.75197,12.15,3.14159,7.0,1.25
11.65197,12.15,3.14159,7.0,1.25
11.55197,12.15,3.14159,7.0,1.25
11.45197,12.15,3.14159,7.0,1.25
11.35197,12.15,3.14159,7.0,1.25
11.25197,12.15,3.14159,7.0,1.25004
11.15197,12.15,3.14159,7.0,1.24971
11.05197,12.15,3.14159,7.0,1.25143
10.95197,12.15,3.14159,7.0,1.24539
10.85197,12.15,3.14159,7.0,1.29922
10.75197,12.15,3.14159,7.0,1.29892
10.65197,12.15,3.14159,7.0,1.30039
10.55197,12.15,3.14159,7.0,1.29991
10.45197,12.15,3.14159,7.0,1.30001
10.35197,12.15,3.14159,7.0,1.3
10.25197,12.15,3.14159,7.0,1.3
10.15197,12.15,3.14159,7.0,1.3
10.05197,12.15,3.14159,7.0,1.3
9.95197,12.15,3.14159,7.0,1.3
9.85197,12.15,3.14159,7.0,1.3
9.75197,12.15,3.14159,7.00001,1.3
9.65197,12.15,3.14159,6.98779,1.3
9.55197,12.15,3.14159,6.95725,1.3
9.45197,12.15,3.14159,6.92883,1.3
9.35197,12.15,3.14159,6.89985,1.3
9.25197,12.15,3.14159,6.8708,1.3
9.15197,12.15,3.14159,6.84164,1.3
9.05197,12.15,3.14159,6.81234,1.3
8.95197,12.15,3.14159,6.78292,1.3
8.85197,12.15,3.14159,6.75337,1.3
8.75197,12.15,3.14159,6.72369,1.3
8.65197,12.15,3.14159,6.69388,1.3
8.55197,12.15,3.14159,6.66393,1.3
8.45197,12.15,3.14159,6.63385,1.3
8.35197,12.15,3.14159,6.60364,1.3
8.25197,12.15,3.14159,6.57328,1.3
8.15197,12.15,3.14159,6.54278,1.3
8.05197,12.15,3.14159,6.51214,1.3
7.95197,12.15,3.14159,6.48136,1.3
7.85197,12.15,3.14159,6.45043,1.3
7.75197,12.15,3.14159,6.41934,1.3
7.65197,12.15,3.14159,6.38812,1.3
7.55197,12.15,3.14159,6.35673,1.3
7.45197,12.15,3.14159,6.32519,1.3
7.35197,12.15,3.14159,6.29349,1.3
7.25197,12.15,3.14159,6.26163,1.3
7.15197,12.15,3.14159,6.22961,1.3
7.05197,12.15,3.14159,6.19742,1.3
6.95197,12.15,3.14159,6.16506,1.3
6.85197,12.15,-3.14159,6.13253,1.3
6.75197,12.15,3.14159,6.09983,1.3
6.65197,12.15,-3.14159,6.06696,1.3
6.55197,12.15,3.14159,6.0339,1.3
6.45197,12.15,-3.14159,6.00067,1.3
6.35197,12.15,-3.14159,5.96724,1.3
6.25197,12.15,3.14159,5.93364,1.3
6.15197,12.15,-3.14159,5.89983,1.3
6.05197,12.15,3.14159,5.86583,1.3
5.95197,12.15,-3.14159,5.83164,1.3
5.85197,12.15,-3.14159,5.79724,1.3
5.75197,12.15,3.14159,5.76264,1.3
5.65197,12.15,-3.14156,5.72783,1.3
5.55197,12.15,3.14147,5.6928,1.3
5.45197,12.15001,-3.14052,5.65757,1.3
5.35197,12.1499,-3.14159,5.6221,1.3
5.25197,12.1499,3.14152,5.58641,1.3
5.15197,12.14991,-3.14089,5.5505,1.3
5.05197,12.14984,-3.14126,5.51435,1.3
4.95197,12.14981,-3.14056,5.47796,1.3
4.85197,12.1497,-3.14148,5.44133,1.3
4.75197,12.14969,-3.14037,5.40444,1.3
4.65197,12.14957,-3.13974,5.36731,1.3
4.55197,12.14938,-3.14,5.32992,1.3
4.45197,12.14922,-3.13943,5.29226,1.3
4.35198,12.14901,-3.13799,5.25433,1.3
4.25198,12.14865,-3.13804,5.21613,1.3
4.15198,12.14829,-3.13763,5.17765,1.3
4.05198,12.14789,-3.13505,5.13887,1.3
3.95198,12.14724,-3.13435,5.09981,1.3
3.85198,12.14652,-3.13312,5.06043,1.3
3.75199,12.14567,-3.13143,5.02076,1.3
3.65199,12.14465,-3.12829,4.98076,1.3
3.552,12.14332,-3.12654,4.94044,1.3
3.45201,12.14182,-3.12283,4.8998,1.3
3.35203,12.13994,-3.12076,4.85881,1.3
3.25205,12.13786,-3.11598,4.81747,1.3
3.15208,12.1353,-3.11314,4.77578,1.3
3.05212,12.13245,-3.10794,4.73371,1.3
2.95218,12.12909,-3.10263,4.69127,1.3
2.85226,12.12519,-3.09805,4.64845,1.3
2.75235,12.12084,-3.09236,4.60521,1.3
2.65247,12.11592,-3.08599,4.56159,1.3
2.55263,12.11036,-3.0796,4.51753,1.3
2.45282,12.10416,-3.07289,4.47303,1.3
2.35305,12.0973,-3.06578,4.4281,1.3
2.25334,12.08973,-3.05952,4.3827,1.30001
2.15368,12.08153,-3.05063,4.33682,1.29992
2.05409,12.07244,-3.04281,4.29046,1.30038
1.95458,12.06258,-3.03579,4.24359,1.29871
1.85514,12.05202,-3.02606,4.19619,1.30134
1.75581,12.04049,-3.01736,4.14826,1.24649
1.65658,12.0281,-3.00881,4.09977,1.25042
1.55746,12.01486,-2.99842,4.05068,1.25494
1.45848,12.00059,-2.98757,4.00101,1.21105
1.35966,11.98525,-2.97717,3.9507,1.19959
1.26101,11.96888,-2.9638,3.89975,1.20117
1.16259,11.9512,-2.95039,3.84812,1.18445
1.06441,11.9322,-2.93612,3.79579,1.14377
0.96652,11.91179,-2.91847,3.74272,1.1559
0.869,11.88966,-2.90102,3.6889,1.10102
0.77188,11.86584,-2.88028,3.63429,1.09432
0.67527,11.84,-2.85816,3.57884,1.04319
0.57926,11.81204,-2.83357,3.52251,1.05637
0.48397,11.78172,-2.80707,3.46526,1.01318
0.38951,11.74889,-2.777,3.40705,1.02935
0.29609,11.71323,-2.74533,3.34784,0.97626
0.20384,11.67464,-2.71138,3.28755,0.96417
0.11295,11.63293,-2.67406,3.22614,0.95493
0.02369,11.58787,-2.63472,3.16354,0.92915
-0.06374,11.53932,-2.59503,3.09964,0.92002
-0.14917,11.48735,-2.55229,3.03542,0.96925
-0.2323,11.43177,-2.50772,2.98628,0.97345
-0.31287,11.37255,-2.46314,2.95186,0.98014
-0.39072,11.30979,-2.41668,2.92428,0.98235
-0.46558,11.24348,-2.37087,2.91367,0.98965
-0.53731,11.17382,-2.32461,2.90639,1.04054
-0.60575,11.10092,-2.27766,2.91092,1.01931
-0.6707,11.02488,-2.23219,2.9208,1.00745
-0.73212,10.94597,-2.18651,2.93281,0.99646
-0.78987,10.86433,-2.14162,2.95281,0.96352
-0.8439,10.78019,-2.09675,2.96807,0.91028
-0.8941,10.69371,-2.05294,2.989,0.91667
-0.94047,10.60511,-2.00985,3.00512,0.9048
-0.98298,10.5146,-1.96643,3.01908,0.88046
-1.02151,10.42232,-1.92384,3.03242,0.87701
-1.05609,10.32849,-1.8811,3.03659,0.91091
-1.08662,10.23327,-1.839,3.04514,0.88459
-1.11312,10.13685,-1.7964,3.02721,0.91069
-1.13549,10.03939,-1.75417,2.96416,0.89959
-1.15373,9.94107,-1.71157,2.8958,0.95487
-1.16776,9.84206,-1.66908,2.8258,0.94835
-1.17757,9.74254,-1.62656,2.75414,0.95027
-1.18314,9.6427,-1.58429,2.68054,0.94999
-1.18449,9.54271,-1.54231,2.60486,0.95
-1.18164,9.44276,-1.5009,2.52691,0.94991
-1.17466,9.343,-1.46022,2.44649,0.95035
-1.16362,9.24362,-1.42048,2.36333,0.94989
-1.14865,9.14475,-1.38143,2.27712,0.93998
-1.12983,9.04654,-1.34381,2.18754,0.89363
-1.10732,8.9491,-1.30802,2.09411,0.90553
-1.08135,8.85254,-1.27736,1.99633,0.86008
-1.05242,8.75681,-1.25713,1.89348,0.8763
-1.02157,8.66169,-1.2566,1.78473,0.85182
-0.99066,8.56659,-1.28398,1.66894,0.84353
-0.96237,8.47067,-1.32721,1.5444,0.86587
-0.93826,8.37363,-1.33127,1.40877,0.86972
-0.91453,8.27648,-1.19733,1.26203,0.92829
-0.87808,8.18346,-0.87751,1.07889,0.9536
-0.81438,8.10679,-0.58353,1.13523,0.95149
-0.73097,8.05172,-0.46618,1.38453,0.93637
-0.64164,8.00678,-0.45655,1.58349,0.94218
-0.55188,7.96269,-0.48401,1.76324,0.88096
-0.46337,7.91616,-0.51145,1.92586,0.91152
-0.37617,7.86721,-0.52532,2.07578,0.92613
-0.28965,7.81706,-0.52549,2.2156,0.97781
-0.20314,7.7669,-0.51635,2.3471,0.98272
-0.11618,7.71753,-0.50257,2.47162,0.99967
-0.02855,7.66936,-0.48679,2.59016,1.04874
0.05984,7.62258,-0.47032,2.70349,1.04999
0.14898,7.57727,-0.45367,2.81227,1.04515
0.23886,7.53344,-0.43701,2.917,1.00385
0.32947,7.49112,-0.42023,3.0181,0.95707
0.42076,7.45032,-0.40335,3.11591,0.96109
0.51274,7.41107,-0.38633,3.21075,0.907
0.60537,7.37339,-0.36938,3.30286,0.87996
0.69862,7.33729,-0.35211,3.39248,0.91726
0.79249,7.3028,-0.33506,3.47978,0.91151
0.88693,7.26992,-0.31788,3.56495,0.93037
0.98192,7.23866,-0.30079,3.64814,0.94038
1.07743,7.20903,-0.28392,3.72946,0.94764
1.17342,7.18102,-0.26705,3.80906,1.00056
1.26988,7.15463,-0.25049,3.88702,1.02901
1.36676,7.12985,-0.23399,3.96344,1.08853
1.46403,7.10666,-0.21781,4.03843,1.12691
1.56167,7.08505,-0.20196,4.11204,1.15417
1.65964,7.06499,-0.18637,4.18436,1.1475
1.7579,7.04646,-0.17133,4.25546,1.19071
1.85644,7.02941,-0.15675,4.32538,1.17428
1.95521,7.0138,-0.14258,4.39418,1.14922
2.0542,6.99959,-0.12916,4.46195,1.18298
2.15337,6.98671,-0.11625,4.52867,1.20172
2.25269,6.97511,-0.10406,4.59445,1.20005
2.35215,6.96473,-0.09266,4.65928,1.20055
2.45172,6.95548,-0.08195,4.72323,1.19559
2.55138,6.94729,-0.07212,4.78632,1.23176
2.65112,6.94008,-0.06299,4.8486,1.25195
2.75093,6.93379,-0.05479,4.91008,1.25002
2.85078,6.92831,-0.04723,4.9708,1.24991
2.95066,6.92359,-0.04052,5.0308,1.25003
3.05058,6.91954,-0.03447,5.09008,1.24999
3.15052,6.9161,-0.02919,5.14868,1.25
3.25048,6.91318,-0.02458,5.20662,1.25
3.35045,6.91072,-0.02049,5.26392,1.25
3.45043,6.90867,-0.01699,5.32061,1.25
3.55041,6.90697,-0.014,5.3767,1.25
3.6504,6.90557,-0.01147,5.4322,1.25
3.7504,6.90443,-0.0093,5.48716,1.25
3.85039,6.9035,-0.00755,5.54156,1.25
3.95039,6.90274,-0.00603,5.59543,1.25
4.05039,6.90214,-0.00479,5.6488,1.25
4.15039,6.90166,-0.0038,5.70166,1.25
4.25039,6.90128,-0.00304,5.75403,1.25
4.35039,6.90097,-0.00227,5.80594,1.25
4.45039,6.90075,-0.00186,5.85738,1.25
4.55039,6.90056,-0.00143,5.90838,1.25
4.65039,6.90042,-0.00099,5.95893,1.25
4.75039,6.90032,-0.00083,6.00906,1.25
4.85039,6.90024,-0.00064,6.05879,1.25
4.95039,6.90017,-0.00048,6.1081,1.25
5.05039,6.90012,-0.00031,6.15702,1.25
5.15039,6.90009,-0.00023,6.20555,1.25
5.25039,6.90007,-0.00023,6.25371,1.25
5.35039,6.90005,-0.00011,6.3015,1.25
5.45039,6.90004,-0.00014,6.34893,1.25
5.55039,6.90002,-2e-05,6.39601,1.25
5.65039,6.90002,-0.00011,6.44274,1.25
5.75039,6.90001,0.0,6.48914,1.25
5.85039,6.90001,1e-05,6.5352,1.25
5.95039,6.90001,-7e-05,6.58095,1.25
6.05039,6.9,-4e-05,6.62638,1.25
6.15039,6.9,0.0,6.6715,1.25
6.25039,6.9,0.0,6.71631,1.25
6.35039,6.9,-0.0,6.76083,1.25
6.45039,6.9,0.0,6.80506,1.25
6.55039,6.9,-0.0,6.84901,1.25
6.65039,6.9,0.0,6.89267,1.25
6.75039,6.9,0.0,6.93606,1.25
6.85039,6.9,-0.0,6.9791,1.25
6.95039,6.9,0.0,7.00221,1.25
7.05039,6.9,-0.0,6.99953,1.25
7.15039,6.9,0.0,7.00006,1.25
7.25039,6.9,0.0,7.0,1.25
7.35039,6.9,-0.0,7.0,1.25
7.45039,6.9,0.0,7.0,1.25
7.55039,6.9,0.0,7.0,1.25
7.65039,6.9,0.0,7.0,1.25
7.75039,6.9,0.0,7.0,1.25
7.85039,6.9,0.0,7.0,1.25
7.95039,6.9,0.0,7.0,1.25
8.05039,6.9,0.0,7.0,1.25
8.15039,6.9,0.0,7.0,1.25
8.25039,6.9,0.0,7.0,1.25
8.35039,6.9,0.0,7.0,1.25
8.45039,6.9,0.0,7.0,1.25
8.55039,6.9,0.0,7.0,1.25
8.65039,6.9,0.0,7.0,1.25
8.75039,6.9,0.0,7.0,1.25
8.85039,6.9,0.0,7.0,1.25
8.95039,6.9,0.0,7.0,1.25
9.05039,6.9,0.0,7.0,1.25
9.15039,6.9,0.0,7.0,1.25
9.25039,6.9,0.0,7.0,1.25
9.35039,6.9,0.0,7.0,1.25
9.45039,6.9,0.0,7.0,1.25
9.55039,6.9,0.0,7.0,1.25
9.65039,6.9,0.0,7.0,1.25
9.75039,6.9,0.0,7.0,1.25
9.85039,6.9,0.0,7.0,1.25004
9.95039,6.9,0.0,7.0,1.24969
10.05039,6.9,0.0,7.0,1.25144
10.15039,6.9,0.0,7.0,1.24572
10.25039,6.9,0.0,7.0,1.30015
10.35039,6.9,0.0,7.0,1.29882
10.45039,6.9,0.0,7.0,1.30039
10.55039,6.9,0.0,7.0,1.29992
10.65039,6.9,0.0,7.0,1.30001
10.75039,6.9,0.0,7.0,1.3
10.85039,6.9,0.0,7.0,1.3
10.95039,6.9,0.0,7.0,1.3
11.05039,6.9,0.0,7.0,1.3
11.15039,6.9,0.0,7.0,1.3
11.25039,6.9,0.0,7.0,1.3
11.35039,6.9,0.0,7.0,1.3
11.45039,6.9,0.0,7.0,1.3
11.55039,6.9,0.0,7.0,1.3
11.65039,6.9,0.0,7.0,1.3
11.75039,6.9,0.0,7.0,1.3
11.85039,6.9,0.0,7.0,1.3
11.95039,6.9,0.0,7.0,1.3
12.05039,6.9,0.0,7.00001,1.3
12.15039,6.9,0.0,6.99998,1.3
12.25039,6.9,0.0,7.0,1.3
12.35039,6.9,0.0,7.00064,1.3
12.45039,6.9,0.0,6.99396,1.3
12.55039,6.9,0.0,6.96568,1.3
12.65039,6.9,0.0,6.93701,1.3
12.75039,6.9,0.0,6.9081,1.3
12.85039,6.9,0.0,6.87909,1.3
12.95039,6.9,0.0,6.84996,1.3
13.05039,6.9,0.0,6.82069,1.3
13.15039,6.9,0.0,6.79131,1.3
13.25039,6.9,0.0,6.7618,1.3
13.35039,6.9,0.0,6.73215,1.3
13.45039,6.9,0.0,6.70239,1.3
13.55039,6.9,0.0,6.67246,1.3
13.65039,6.9,0.0,6.64244,1.3
13.75039,6.9,0.0,6.61225,1.3
13.85039,6.9,0.0,6.58193,1.3
13.95039,6.9,0.0,6.55149,1.3
14.05039,6.9,0.0,6.52087,1.3
14.15039,6.9,0.0,6.49015,1.3
14.25039,6.9,0.0,6.45925,1.3
14.35039,6.9,0.0,6.4282,1.3
14.45039,6.9,0.0,6.39704,1.3
14.55039,6.9,0.0,6.36567,1.3
14.65039,6.9,0.0,6.33419,1.3
14.75039,6.9,0.0,6.30253,1.3
14.85039,6.9,0.0,6.27071,1.3
14.95039,6.9,0.0,6.23875,1.3
15.05039,6.9,0.0,6.20659,1.3
15.15039,6.9,-0.0,6.1743,1.3
15.25039,6.9,-0.0,6.14181,1.3
15.35039,6.9,0.0,6.10915,1.3
15.45039,6.9,-0.0,6.07635,1.3
15.55039,6.9,0.0,6.04332,1.3
15.65039,6.9,-0.0,6.01016,1.3
15.75039,6.9,-0.0,5.97678,1.3
15.85039,6.9,0.0,5.94322,1.3
15.95039,6.9,-0.0,5.90949,1.3
16.05039,6.9,0.0,5.87552,1.3
16.15039,6.9,-0.0,5.84141,1.3
16.25039,6.9,-0.0,5.80706,1.3
16.35039,6.9,1e-05,5.77251,1.3
16.45039,6.9,-7e-05,5.73777,1.3
16.55039,6.89999,-4e-05,5.70279,1.3
16.65039,6.89999,0.0,5.66763,1.3
16.75039,6.89999,-1e-05,5.63222,1.3
16.85039,6.89999,-0.00014,5.59659,1.3
16.95039,6.89997,-3e-05,5.56076,1.3
17.05039,6.89997,-0.00018,5.52465,1.3
17.15039,6.89995,-0.00014,5.48835,1.3
17.25039,6.89994,-0.00024,5.45178,1.3
17.35039,6.89992,-0.00027,5.41496,1.3
17.45039,6.89989,-0.00042,5.37792,1.3
17.55039,6.89985,-0.00057,5.34058,1.3
17.65039,6.89979,-0.00071,5.30301,1.3
17.75039,6.89972,-0.00097,5.26515,1.3
17.85039,6.89962,-0.00117,5.22703,1.3
17.95039,6.89951,-0.00163,5.18864,1.3
18.05039,6.89934,-0.00205,5.14993,1.3
18.15039,6.89914,-0.00259,5.11096,1.3
18.25038,6.89888,-0.00332,5.07168,1.3
18.35038,6.89855,-0.00417,5.03208,1.3
18.45038,6.89813,-0.00515,4.9922,1.3
18.55038,6.89762,-0.00638,4.95195,1.3
18.65038,6.89698,-0.00791,4.91142,1.3
18.75038,6.89619,-0.00954,4.87052,1.3
18.85037,6.89523,-0.0117,4.82927,1.3
18.95037,6.89406,-0.01396,4.78769,1.3
19.05036,6.89267,-0.01666,4.74572,1.3
19.15034,6.891,-0.01988,4.70337,1.3
19.25032,6.88901,-0.02327,4.66068,1.3
19.35029,6.88669,-0.02729,4.61756,1.3
19.45026,6.88396,-0.03157,4.57403,1.3
19.55021,6.8808,-0.03643,4.53012,1.3
19.65014,6.87716,-0.04167,4.48576,1.3
19.75005,6.87299,-0.04729,4.44095,1.3
19.84994,6.86827,-0.05345,4.39568,1.3
19.9498,6.86292,-0.06004,4.34992,1.3
20.04962,6.85692,-0.06682,4.30369,1.3
20.1494,6.85025,-0.07428,4.257,1.3
20.24912,6.84282,-0.08195,4.20972,1.3
20.34878,6.83464,-0.08994,4.16195,1.29996
20.44838,6.82566,-0.09847,4.11363,1.3003
20.5479,6.81582,-0.10733,4.06471,1.29855
20.64732,6.80511,-0.11658,4.01518,1.30444
20.74664,6.79348,-0.12633,3.96506,1.25025
20.84584,6.78088,-0.13674,3.91431,1.25059
20.94491,6.76725,-0.14789,3.86289,1.25383
21.04382,6.75251,-0.15951,3.81074,1.21939
21.14255,6.73663,-0.17272,3.75793,1.19818
21.24106,6.71944,-0.1864,3.70429,1.20003
21.33933,6.70091,-0.20188,3.64993,1.19137
21.4373,6.68086,-0.21881,3.5947,1.1435
21.53491,6.65915,-0.23728,3.5386,1.15622
21.63211,6.63565,-0.2581,3.48167,1.1121
21.7288,6.61012,-0.28103,3.42372,1.12882
21.82487,6.58239,-0.3061,3.36479,1.09904
21.92022,6.55226,-0.33435,3.30485,1.07196
22.01469,6.51944,-0.36535,3.24377,1.05078
22.10808,6.48371,-0.39885,3.18146,1.01924
22.20023,6.44488,-0.43534,3.11797,1.02605
22.2909,6.40271,-0.47586,3.0532,0.97097
22.37979,6.3569,-0.51837,2.98694,0.96802
22.46665,6.30735,-0.56387,2.91924,0.94581
22.55117,6.25391,-0.61263,2.84959,0.91723
22.63298,6.19641,-0.66263,2.785,0.92403
22.71181,6.13489,-0.71566,2.72969,0.91935
22.78727,6.06929,-0.76944,2.69372,0.9094
22.8591,5.99972,-0.82566,2.66534,0.91026
22.9269,5.92622,-0.88005,2.65154,0.90985
22.99061,5.84915,-0.93672,2.64777,0.92443
23.04985,5.76859,-0.99297,2.65175,0.91533
23.10447,5.68483,-1.04736,2.66819,0.92753
23.15445,5.59822,-1.10164,2.68678,0.9209
23.19966,5.50903,-1.15567,2.71796,0.96936
23.23999,5.41753,-1.20693,2.74939,0.96831
23.27558,5.32408,-1.25704,2.78997,0.99963
23.30644,5.22897,-1.30637,2.83276,1.00068
23.33258,5.13245,-1.35359,2.87837,1.0108
23.35412,5.0348,-1.3997,2.92996,1.04925
23.37115,4.93626,-1.44317,2.97826,1.0488
23.38388,4.83708,-1.48587,3.03404,1.05032
23.39236,4.73744,-1.52806,3.08428,1.04996
23.39663,4.63754,-1.56702,3.13797,1.05
23.39701,4.53754,-1.60649,3.18807,1.04999
23.39344,4.43761,-1.64348,3.23295,1.05007
23.38618,4.33787,-1.67988,3.27717,1.04983
23.37529,4.23847,-1.71607,3.3086,1.04929
23.36082,4.13952,-1.75119,3.3391,1.06061
23.34288,4.04115,-1.78551,3.35039,1.04206
23.32157,3.94345,-1.82091,3.30153,1.04906
23.29682,3.84656,-1.85519,3.23983,1.00764
23.26876,3.75058,-1.89046,3.17731,1.03558
23.23734,3.65565,-1.92497,3.11379,1.04321
23.20266,3.56185,-1.96214,3.04887,1.07596
23.16451,3.46942,-1.99698,2.98257,1.09665
23.12318,3.37836,-2.03479,2.91472,1.11874
23.07842,3.28894,-2.07307,2.84528,1.16469
23.03028,3.20129,-2.11046,2.77412,1.15971
22.9789,3.11551,-2.14918,2.70105,1.14955
22.92423,3.03177,-2.18801,2.62595,1.1236
22.86636,2.95022,-2.22654,2.54866,1.10698
22.80538,2.87097,-2.26324,2.46896,1.05535
22.74154,2.794,-2.29896,2.38657,1.00092
22.675,2.71936,-2.33253,2.30124,0.97819
22.60598,2.647,-2.36209,2.21264,0.95306
22.53485,2.57671,-2.38643,2.12031,0.895
22.46204,2.50817,-2.40287,2.02376,0.88605
22.3881,2.44083,-2.40616,1.92243,0.87796
22.31395,2.37374,-2.39601,1.81535,0.88248
22.24048,2.3059,-2.36993,1.7017,0.83808
22.16881,2.23617,-2.34885,1.5799,0.8654
22.09862,2.16494,-2.3852,1.44699,0.90579
22.0259,2.09632,-2.55628,1.30344,0.92831
21.94266,2.04116,-2.84211,1.15978,0.92624
21.84728,2.01171,-3.04952,1.30323,0.94418
21.74773,2.00251,-3.11526,1.52174,0.92799
21.64776,1.99988,-3.10325,1.7081,0.92017
21.54784,1.99605,-3.06663,1.8752,0.95408
21.44812,1.98856,-3.03101,2.02898,0.94958
21.34873,1.97752,-3.00513,2.17175,0.95006
21.24966,1.96392,-2.9887,2.30574,0.94734
21.15083,1.94869,-2.97952,2.4324,0.97283
21.05214,1.93255,-2.97428,2.55272,1.00324
20.95354,1.9159,-2.97177,2.66769,1.00049
20.85497,1.899,-2.97104,2.7779,1.00241
20.75643,1.88202,-2.97134,2.88383,1.05579
20.65787,1.86508,-2.97283,2.98608,1.04381
20.55929,1.84829,-2.97498,3.08488,1.08425
20.46068,1.8317,-2.9781,3.18065,1.1013
20.36201,1.81542,-2.98177,3.27363,1.09977
20.26328,1.79951,-2.9863,3.364,1.10934
20.16449,1.78404,-2.99107,3.45198,1.15507
20.06562,1.76905,-2.99665,3.53784,1.15031
19.96667,1.7546,-3.00259,3.62164,1.1457
19.86763,1.74075,-3.00904,3.70355,1.19941
19.76851,1.72753,-3.0159,3.78371,1.19942
19.6693,1.715,-3.02312,3.86221,1.19645
19.57,1.70318,-3.03047,3.93909,1.22828
19.47062,1.69209,-3.03799,4.01451,1.2527
19.37115,1.68174,-3.04576,4.08855,1.24985
19.27161,1.67218,-3.05341,4.16129,1.24983
19.172,1.66337,-3.06099,4.23278,1.251
19.07232,1.65532,-3.06839,4.30308,1.2448
18.97259,1.648,-3.07577,4.37227,1.2881
18.87281,1.64143,-3.08251,4.4403,1.3007
18.77298,1.63552,-3.08915,4.50738,1.30022
18.67312,1.63028,-3.09531,4.57348,1.2999
18.57323,1.62565,-3.10106,4.6386,1.30003
18.47331,1.6216,-3.10626,4.70281,1.3
18.37337,1.61807,-3.11121,4.76621,1.3
18.27342,1.61503,-3.11546,4.82869,1.3
18.17345,1.61242,-3.11937,4.89046,1.3
18.07348,1.61019,-3.12282,4.95141,1.3
17.9735,1.60832,-3.1258,5.01162,1.3
17.87351,1.60674,-3.12854,5.07116,1.3
17.77352,1.60543,-3.1307,5.12994,1.3
17.67352,1.60434,-3.13276,5.18813,1.3
17.57353,1.60346,-3.1343,5.24562,1.3
17.47353,1.60273,-3.13575,5.30249,1.3
17.37353,1.60215,-3.13682,5.3588,1.3
17.27353,1.60167,-3.1379,5.41445,1.3
17.17353,1.6013,-3.1386,5.46961,1.3
17.07353,1.601,-3.13927,5.52417,1.3
16.97353,1.60077,-3.13973,5.57821,1.3
16.87353,1.60058,-3.14016,5.63176,1.3
16.77353,1.60044,-3.14054,5.68474,1.3
16.67353,1.60033,-3.14073,5.7373,1.3
16.57353,1.60025,-3.14096,5.78935,1.3
16.47353,1.60018,-3.14109,5.84093,1.3
16.37353,1.60013,-3.14124,5.89209,1.3
16.27353,1.6001,-3.14135,5.94275,1.3
16.17353,1.60007,-3.14142,5.99305,1.3
16.07353,1.60006,-3.14138,6.04288,1.3
15.97353,1.60003,-3.14155,6.09236,1.3
15.87353,1.60003,-3.14148,6.14134,1.3
15.77353,1.60002,-3.1415,6.1715,1.3
15.67353,1.60001,3.14159,6.13544,1.3
15.57353,1.60001,3.14158,6.10418,1.3
15.47353,1.60001,-3.14149,6.071,1.3
15.37353,1.6,-3.14159,6.03801,1.3
15.27353,1.6,-3.14159,6.00481,1.3
15.17353,1.6,3.14159,5.97139,1.3
15.07353,1.6,-3.14159,5.93781,1.3
14.97353,1.6,3.14159,5.90403,1.3
14.87353,1.6,-3.14159,5.87005,1.3
14.77353,1.6,-3.14159,5.83589,1.3
14.67353,1.6,3.14159,5.80151,1.3
14.57353,1.6,-3.14159,5.76694,1.3
14.47353,1.6,3.14159,5.73216,1.3
14.37353,1.6,-3.14159,5.69714,1.3
14.27353,1.6,-3.14159,5.66195,1.30002
14.17353,1.6,3.14159,5.6265,1.29975
14.07353,1.6,-3.14159,5.59085,1.30137
13.97353,1.6,3.14159,5.55497,1.2949
13.87353,1.6,3.14159,5.51883,1.34705
13.77353,1.6,-3.14159,5.48249,1.3492
13.67353,1.6,3.14159,5.44587,1.35038
13.57353,1.6,-3.14159,5.40902,1.34991
13.47353,1.6,3.14159,5.37193,1.35002
13.37353,1.6,3.14159,5.33455,1.35
13.27353,1.6,-3.14159,5.29695,1.35
13.17353,1.6,3.14159,5.25904,1.35
13.07353,1.6,-3.14159,5.22088,1.35
12.97353,1.6,3.14159,5.18244,1.35
12.87353,1.6,3.14159,5.14368,1.35
12.77353,1.6,-3.14159,5.10468,1.35
12.67353,1.6,3.14158,5.06532,1.35
12.57353,1.6,-3.14151,5.02569,1.35
12.47353,1.59999,-3.14157,4.98575,1.35
12.37353,1.59999,3.14159,4.94544,1.35
12.27353,1.59999,-3.14157,4.90487,1.35
12.17353,1.59999,-3.14145,4.8639,1.35
12.07353,1.59997,-3.14157,4.82261,1.35
11.97353,1.59997,-3.14139,4.78097,1.35
11.87353,1.59995,-3.14146,4.73894,1.35
11.77353,1.59994,-3.14131,4.69653,1.35
11.67353,1.59991,-3.14125,4.65378,1.35
11.57353,1.59988,-3.14108,4.61059,1.35
11.47353,1.59982,-3.141,4.56699,1.35
11.37353,1.59977,-3.14064,4.52302,1.35
11.27353,1.59967,-3.14045,4.47859,1.35
11.17353,1.59956,-3.14,4.4337,1.35
11.07353,1.5994,-3.13949,4.38836,1.35
10.97353,1.59919,-3.13893,4.34252,1.35
10.87353,1.59892,-3.13798,4.29623,1.35
10.77354,1.59856,-3.13705,4.24941,1.35
10.67354,1.5981,-3.13563,4.20208,1.35
10.57354,1.59751,-3.13397,4.15421,1.35
10.47354,1.59675,-3.13193,4.10577,1.35
10.37355,1.59578,-3.12933,4.0568,1.35
10.27355,1.59455,-3.12616,4.00721,1.35
10.17357,1.59301,-3.12231,3.95694,1.35
10.07358,1.59108,-3.11764,3.90608,1.35
9.97361,1.58869,-3.11202,3.85456,1.35
9.87366,1.58573,-3.10542,3.80231,1.35
9.77372,1.58211,-3.0973,3.74934,1.35
9.67382,1.57769,-3.08803,3.69562,1.35002
9.57396,1.57233,-3.07688,3.64109,1.34989
9.47417,1.56586,-3.06406,3.58574,1.35025
9.37447,1.55812,-3.04903,3.52953,1.35098
9.2749,1.54888,-3.03182,3.4724,1.33423
9.1755,1.53792,-3.01206,3.41431,1.29606
9.07634,1.525,-2.9895,3.35524,1.29938
8.9775,1.50985,-2.96406,3.29508,1.29599
8.87907,1.49219,-2.93539,3.23382,1.24669
8.78119,1.47172,-2.90328,3.17137,1.27161
8.68402,1.44811,-2.86802,3.10766,1.24028
8.58774,1.4211,-2.82893,3.04262,1.25819
8.49259,1.39034,-2.7866,2.97617,1.24349
8.39883,1.35558,-2.74107,2.9082,1.2479
8.30675,1.31659,-2.69236,2.83864,1.1988
8.21667,1.27317,-2.64116,2.76727,1.23475
8.12894,1.22519,-2.5879,2.71257,1.25145
8.04389,1.17261,-2.53298,2.67429,1.24466
7.96185,1.11544,-2.47713,2.6502,1.25738
7.88313,1.05378,-2.42108,2.64364,1.29908
7.80798,0.98781,-2.36494,2.64494,1.30022
7.73666,0.91772,-2.30957,2.66279,1.28503
7.66933,0.84379,-2.25518,2.68357,1.28919
7.60611,0.76632,-2.20193,2.71701,1.30252
7.54711,0.68559,-2.15011,2.75087,1.30888
7.49237,0.60191,-2.09976,2.7907,1.30008
7.44191,0.51558,-2.05078,2.83103,1.22158
7.39573,0.42688,-2.00311,2.86928,1.23817
7.35384,0.33608,-1.95672,2.90932,1.17216
7.31619,0.24344,-1.91132,2.94053,1.17922
7.2828,0.14919,-1.86689,2.97228,1.13965
7.25362,0.05354,-1.8232,2.99638,1.1295
7.22865,-0.04329,-1.77985,2.9627,1.0941
7.2079,-0.14111,-1.73684,2.89356,1.09464
7.19137,-0.23973,-1.69379,2.82393,1.10738
7.1791,-0.33897,-1.65049,2.75215,1.08868
7.17114,-0.43865,-1.60641,2.6785,1.06549
7.16758,-0.53858,-1.56157,2.60276,1.04702
7.1685,-0.63857,-1.51522,2.52475,1.03054
7.17406,-0.73842,-1.46731,2.44425,1.00533
7.18439,-0.83788,-1.41721,2.36101,1.0049
7.19968,-0.93669,-1.36471,2.27472,0.95278
7.22015,-1.03457,-1.30943,2.18504,0.95365
7.24598,-1.13117,-1.25147,2.0915,0.92636
7.27737,-1.22611,-1.19203,1.99357,0.92832
7.31435,-1.31901,-1.13581,1.8906,0.89774
7.35649,-1.4097,-1.09509,1.78167,0.87285
7.40228,-1.49859,-1.09234,1.66564,0.878
7.44832,-1.58736,-1.13758,1.54086,0.87889
7.4903,-1.67812,-1.17043,1.40506,0.91923
7.52927,-1.77021,-1.06531,1.25615,0.9373
7.57766,-1.85764,-0.74692,1.0792,0.98206
7.65077,-1.92533,-0.42377,1.0827,0.9749
7.74185,-1.96642,-0.28617,1.34799,0.93045
7.83778,-1.99464,-0.26965,1.55122,0.89145
7.93417,-2.02128,-0.29294,1.73396,0.86182
8.02991,-2.05016,-0.31016,1.89921,0.84842
8.12514,-2.08068,-0.30581,2.05107,0.84908
8.2205,-2.11079,-0.28375,2.19246,0.88203
8.3165,-2.13878,-0.25307,2.32527,0.85315
8.41331,-2.16382,-0.22075,2.45089,0.89168
8.51088,-2.18571,-0.19005,2.57038,0.89787
8.60908,-2.2046,-0.16234,2.68456,0.92044
8.70777,-2.22077,-0.13788,2.79408,0.95293
8.80682,-2.23451,-0.1164,2.89947,0.95021
8.90614,-2.24612,-0.09793,3.00115,0.95895
9.00566,-2.2559,-0.08191,3.09951,1.00529
9.10532,-2.26408,-0.06827,3.19482,0.99911
9.20509,-2.27091,-0.0564,3.28739,1.00005
9.30493,-2.27654,-0.04651,3.37741,1.00002
9.40482,-2.28119,-0.03814,3.4651,0.99999
9.50475,-2.285,-0.03104,3.55062,1.0
9.6047,-2.28811,-0.02519,3.63413,1.0
9.70467,-2.29063,-0.02022,3.71576,1.0
9.80465,-2.29265,-0.01621,3.79565,1.0
9.90464,-2.29427,-0.01288,3.87387,1.0
10.00463,-2.29556,-0.01016,3.95058,1.0
10.10462,-2.29658,-0.00803,4.02579,1.0
10.20462,-2.29738,-0.00628,4.09965,1.0
10.30462,-2.29801,-0.00481,4.17216,1.0
10.40462,-2.29849,-0.00372,4.24348,1.0
10.50462,-2.29886,-0.0029,4.31358,1.0
10.60461,-2.29915,-0.00219,4.38255,1.0
10.70461,-2.29937,-0.00162,4.45047,1.0
10.80461,-2.29953,-0.00123,4.51736,1.0
10.90461,-2.29965,-0.00095,4.5833,1.0
11.00461,-2.29975,-0.00064,4.6483,1.0
11.10461,-2.29981,-0.00059,4.71242,1.0
11.20461,-2.29987,-0.00033,4.77568,1.0
11.30461,-2.29991,-0.00023,4.83804,1.0
11.40461,-2.29993,-0.00025,4.89968,1.0
11.50461,-2.29995,-0.00015,4.96056,1.0
11.60461,-2.29997,-0.00012,5.02064,1.0
11.70461,-2.29998,-2e-05,5.08006,1.0
11.80461,-2.29998,-9e-05,5.13878,1.0
11.90461,-2.29999,1e-05,5.1968,1.0
12.00461,-2.29999,1e-05,5.25425,1.0
12.10461,-2.29999,-0.00011,5.311,1.0
12.20461,-2.3,1e-05,5.36721,1.0
12.30461,-2.3,-0.0,5.42283,1.0
12.40461,-2.3,0.0,5.47783,1.0
12.50461,-2.3,-0.0,5.53237,1.0
12.60461,-2.3,0.0,5.5863,1.0
12.70461,-2.3,0.0,5.63977,1.0
12.80461,-2.3,-0.0,5.69271,1.0
12.90461,-2.3,0.0,5.74514,1.0
13.00461,-2.3,-0.0,5.79716,1.0
13.10461,-2.3,0.0,5.84866,1.0
13.20461,-2.3,0.0,5.89974,1.0
13.30461,-2.3,-0.0,5.95038,1.0
13.40461,-2.3,0.0,6.00056,1.0
13.50461,-2.3,-0.0,6.05038,1.0
13.60461,-2.3,0.0,6.09973,1.0
13.70461,-2.3,0.0,6.14873,1.0
13.80461,-2.3,0.0,6.19734,1.0
13.90461,-2.3,0.0,6.24554,1.0
14.00461,-2.3,0.0,6.29342,1.0
14.10461,-2.3,0.0,6.34088,1.0
14.20461,-2.3,0.0,6.38803,1.0
14.30461,-2.3,0.0,6.43483,1.0
14.40461,-2.3,0.0,6.48126,1.0
14.50461,-2.3,0.0,6.52741,1.0
14.60461,-2.3,0.0,6.57318,1.0
14.70461,-2.3,0.0,6.61868,1.0
14.80461,-2.3,0.0,6.66386,1.0
14.90461,-2.3,0.0,6.70871,1.0
15.00461,-2.3,0.0,6.7533,1.0
15.10461,-2.3,0.0,6.79755,1.0
15.20461,-2.3,0.0,6.84155,1.0
15.30461,-2.3,0.0,6.88533,1.0
15.40461,-2.3,0.0,6.92837,1.0
15.50461,-2.3,0.0,6.9732,1.0
15.60461,-2.3,0.0,6.99905,1.0
15.70461,-2.3,0.0,6.99993,1.0
15.80461,-2.3,0.0,7.00006,1.0
15.90461,-2.3,0.0,6.99998,1.0
16.00461,-2.3,0.0,7.0,1.0
16.10461,-2.3,0.0,7.0,1.0
16.20461,-2.3,0.0,7.0,1.0
16.30461,-2.3,0.0,7.0,1.0
16.40461,-2.3,0.0,7.0,1.0
16.50461,-2.3,0.0,7.0,1.0
16.60461,-2.3,0.0,7.0,1.0
16.70461,-2.3,0.0,7.0,1.0
16.80461,-2.3,0.0,7.0,1.0
16.90461,-2.3,0.0,7.0,1.0
17.00461,-2.3,0.0,7.0,1.0
17.10461,-2.3,0.0,7.0,1.0
17.20461,-2.3,0.0,7.0,1.0
17.30461,-2.3,0.0,7.0,1.0
17.40461,-2.3,0.0,7.0,1.0
17.50461,-2.3,0.0,7.0,1.0
17.60461,-2.3,0.0,7.0,1.0
17.70461,-2.3,0.0,7.0,1.0
17.80461,-2.3,0.0,7.0,1.0
17.90461,-2.3,0.0,7.0,1.0
18.00461,-2.3,0.0,7.0,1.0
18.10461,-2.3,0.0,7.0,1.0
18.20461,-2.3,0.0,7.0,1.0
18.30461,-2.3,0.0,7.0,1.0
18.40461,-2.3,0.0,7.0,1.0
18.50461,-2.3,0.0,7.0,1.0
18.60461,-2.3,-0.0,7.0,1.0
18.70461,-2.3,0.0,7.0,1.0
18.80461,-2.3,-0.0,7.0,1.0
18.90461,-2.3,0.0,7.0,1.0
19.00461,-2.3,-0.0,7.0,1.0
19.10461,-2.3,-0.0,7.0,1.0
19.20461,-2.3,0.0,7.0,1.0
19.30461,-2.3,-0.0,7.0,1.0
19.40461,-2.3,0.0,7.0,1.0
19.50461,-2.3,-0.0,7.0,1.0
19.60461,-2.3,-0.0,7.0,1.0
19.70461,-2.3,0.0,7.0,1.0
19.80461,-2.3,-1e-05,7.0,1.0
19.90461,-2.3,8e-05,7.0,1.0
20.00461,-2.29999,3e-05,7.0,1.0
20.10461,-2.29999,-0.0,7.0,1.0
20.20461,-2.29999,2e-05,7.0,1.0
20.30461,-2.29999,8e-05,7.0,1.0
20.40461,-2.29998,5e-05,7.0,1.0
20.50461,-2.29997,0.00013,7.0,1.0
20.60461,-2.29996,0.00012,7.0,1.0
20.70461,-2.29995,0.00024,7.0,1.0
20.80461,-2.29993,0.00028,7.0,1.0
20.90461,-2.2999,0.00035,7.0,1.0
21.00461,-2.29986,0.00054,7.0,1.0
21.10461,-2.29981,0.00061,7.0,1.0
21.20461,-2.29975,0.00088,7.0,1.0
21.30461,-2.29966,0.00116,7.0,1.0
21.40461,-2.29954,0.00145,7.0,1.0
21.50461,-2.2994,0.00182,7.0,1.0
21.60461,-2.29922,0.00238,7.0,1.0
21.70461,-2.29898,0.00299,7.0,1.0
21.80461,-2.29868,0.0038,7.0,1.0
21.90461,-2.2983,0.00473,7.0,1.0
22.00461,-2.29783,0.00577,7.0,1.0
22.10461,-2.29725,0.00725,7.0,1.0
22.20461,-2.29652,0.00873,7.0,1.0
22.3046,-2.29565,0.01053,7.0,1.0
22.4046,-2.2946,0.01269,7.0,1.0
22.50459,-2.29333,0.01517,7.0,1.0
22.60458,-2.29181,0.0179,7.0,1.0
22.70456,-2.29002,0.02096,7.0,1.0
22.80454,-2.28793,0.02442,7.0,1.0
22.90451,-2.28548,0.02825,7.0,1.00001
23.00447,-2.28266,0.03225,7.0,0.99995
23.10442,-2.27944,0.03666,7.0,1.00011
23.20435,-2.27577,0.04135,7.0,1.00021
23.30427,-2.27164,0.04608,7.0,1.0141
23.40416,-2.26703,0.05119,7.0,1.0394
23.50403,-2.26191,0.05617,7.0,1.05563
23.60387,-2.2563,0.06127,7.0,1.07468
23.70368,-2.25017,0.06625,7.0,1.09817
23.80346,-2.24355,0.07088,7.0,1.0973
23.90321,-2.23647,0.07542,7.0,1.17758
24.00293,-2.22894,0.07944,7.0,1.20276
24.10261,-2.221,0.08304,7.0,1.1994
24.20227,-2.21271,0.08612,7.0,1.19975
24.3019,-2.20411,0.08833,7.0,1.20941
24.40151,-2.19528,0.09012,7.0,1.25535
24.5011,-2.18628,0.09102,7.0,1.24886
24.60069,-2.17719,0.09122,7.0,1.25023
24.70027,-2.16809,0.09063,7.0,1.25001
24.79986,-2.15903,0.0892,7.0,1.24791
24.89946,-2.15013,0.08734,7.0,1.26874
24.99908,-2.1414,0.08444,7.0,1.30436
25.09873,-2.13297,0.0813,7.0,1.29939
25.1984,-2.12485,0.07736,7.0,1.30001
25.2981,-2.11712,0.07308,7.0,1.30002
25.39783,-2.10982,0.06844,7.0,1.29999
25.4976,-2.10298,0.0636,7.0,1.3
25.59739,-2.09662,0.0586,7.0,1.3
25.69722,-2.09077,0.05357,7.0,1.3
25.79708,-2.08541,0.04849,7.0,1.3
25.89696,-2.08056,0.04363,7.0,1.3
25.99687,-2.0762,0.03885,7.0,1.3
26.09679,-2.07232,0.03434,7.0,1.3
26.19673,-2.06889,0.03017,7.0,1.3
26.29669,-2.06587,0.02624,7.0,1.3
26.39665,-2.06325,0.02259,7.0,1.3
26.49663,-2.06099,0.01934,7.0,1.3
26.59661,-2.05905,0.01651,7.0,1.3
26.69659,-2.0574,0.0138,7.0,1.3
26.79658,-2.05602,0.01158,7.0,1.3
26.89658,-2.05486,0.00967,7.0,1.3
26.99657,-2.0539,0.00785,7.0,1.3
27.09657,-2.05311,0.00651,7.0,1.3
27.19657,-2.05246,0.00523,7.0,1.3
27.29657,-2.05194,0.00425,7.0,1.3
27.39657,-2.05151,0.00338,7.0,1.3
27.49656,-2.05117,0.00267,7.0,1.3
27.59656,-2.05091,0.00211,7.0,1.3
27.69656,-2.0507,0.00167,7.0,1.3
27.79656,-2.05053,0.00135,7.0,1.3
27.89656,-2.05039,0.00095,7.0,1.3
27.99656,-2.0503,0.00075,7.0,1.3
28.09656,-2.05022,0.00062,7.0,1.3
28.19656,-2.05016,0.00036,7.0,1.3
28.29656,-2.05013,0.00033,7.0,1.3
28.39656,-2.05009,0.00023,7.0,1.3
28.49656,-2.05007,0.00025,7.0,1.3
28.59656,-2.05004,0.00014,7.0,1.3
28.69656,-2.05003,1e-05,7.0,1.3
28.79656,-2.05003,0.00014,7.0,1.3
28.89656,-2.05002,6e-05,7.0,1.3
28.99656,-2.05001,-0.0,7.0,1.3
29.09656,-2.05001,-0.0,7.0,1.3
29.19656,-2.05001,0.00011,7.0,1.3
29.29656,-2.05,-1e-05,7.0,1.3
29.39656,-2.05,0.0,7.0,1.3
29.49656,-2.05,-0.0,7.0,1.3
29.59656,-2.05,0.0,7.0,1.3
29.69656,-2.05,-0.0,7.0,1.3
29.79656,-2.05,-0.0,7.0,1.3
29.89656,-2.05,0.0,7.0,1.3
29.99656,-2.05,-0.0,7.0,1.3
30.09656,-2.05,0.0,7.0,1.3
30.19656,-2.05,-0.0,7.0,1.3
30.29656,-2.05,-0.0,7.0,1.3
30.39656,-2.05,0.0,7.0,1.3
30.49656,-2.05,-0.0,7.0,1.3
30.59656,-2.05,0.0,7.0,1.3
30.69656,-2.05,-0.0,7.0,1.3
30.79656,-2.05,0.0,7.0,1.3
30.89656,-2.05,0.0,7.0,1.3
30.99656,-2.05,0.0,7.0,1.3
31.09656,-2.05,0.0,7.0,1.3
31.19656,-2.05,0.0,7.0,1.3
31.29656,-2.05,0.0,7.0,1.3
31.39656,-2.05,0.0,7.0,1.3
31.49656,-2.05,0.0,7.0,1.3
31.59656,-2.05,0.0,7.0,1.3
31.69656,-2.05,0.0,7.0,1.3
31.79656,-2.05,0.0,7.0,1.29997
31.89656,-2.05,0.0,7.0,1.30028
31.99656,-2.05,0.0,7.0,1.29858
32.09656,-2.05,0.0,7.0,1.30479
32.19656,-2.05,0.0,7.0,1.2514
32.29656,-2.05,0.0,7.0,1.25101
32.39656,-2.05,0.0,7.0,1.24961
32.49656,-2.05,0.0,7.0,1.25009
32.59656,-2.05,0.0,6.99998,1.24999
32.69656,-2.05,0.0,7.00001,1.25
32.79656,-2.05,0.0,7.00027,1.25
32.89656,-2.05,0.0,6.99704,1.25
32.99656,-2.05,0.0,6.97395,1.25
33.09656,-2.05,0.0,6.94463,1.25
33.19656,-2.05,0.0,6.91585,1.25
33.29656,-2.05,0.0,6.88686,1.25
33.39656,-2.05,0.0,6.85777,1.25
33.49656,-2.05,-0.0,6.82853,1.25
33.59656,-2.05,0.0,6.79919,1.25
33.69656,-2.05,0.0,6.76971,1.25
33.79656,-2.05,-0.0,6.74009,1.25
33.89656,-2.05,0.0,6.71038,1.25
33.99656,-2.05,-0.0,6.68048,1.25
34.09656,-2.05,0.0,6.65049,1.25
34.19656,-2.05,0.0,6.62035,1.25
34.29656,-2.05,-0.0,6.59006,1.25
34.39656,-2.05,0.0,6.55965,1.25
34.49656,-2.05,-0.0,6.52907,1.25
34.59656,-2.05,0.0,6.49839,1.25
34.69656,-2.05,0.0,6.46753,1.25
34.79656,-2.05,-1e-05,6.43652,1.25
34.89656,-2.05,6e-05,6.40539,1.25
34.99656,-2.04999,5e-05,6.37408,1.25
35.09656,-2.04999,-0.0,6.34264,1.25
35.19656,-2.04999,1e-05,6.31102,1.25
35.29656,-2.04999,0.00014,6.27924,1.25
35.39656,-2.04998,4e-05,6.24732,1.25
35.49656,-2.04997,0.00017,6.21521,1.25
35.59656,-2.04995,0.00014,6.18296,1.25
35.69656,-2.04994,0.00024,6.15053,1.25
35.79656,-2.04992,0.00026,6.11791,1.25
35.89656,-2.04989,0.00042,6.08515,1.25
35.99656,-2.04985,0.00056,6.05217,1.25
36.09656,-2.04979,0.0007,6.01906,1.25
36.19656,-2.04972,0.00096,5.98573,1.25
36.29656,-2.04963,0.00117,5.95222,1.25
36.39656,-2.04951,0.00155,5.91854,1.25
36.49656,-2.04936,0.00198,5.88463,1.25
36.59656,-2.04916,0.00257,5.85056,1.25
36.69656,-2.0489,0.00327,5.81626,1.25
36.79656,-2.04857,0.00404,5.78177,1.25
36.89656,-2.04817,0.00506,5.74709,1.25
36.99656,-2.04766,0.0062,5.71216,1.25
37.09656,-2.04704,0.00773,5.67707,1.25
37.19656,-2.04627,0.00933,5.64171,1.25
37.29655,-2.04534,0.01124,5.60615,1.25
37.39654,-2.04421,0.01351,5.57038,1.25
37.49654,-2.04286,0.01612,5.53434,1.25
37.59652,-2.04125,0.01897,5.49809,1.25001
37.6965,-2.03935,0.02225,5.46159,1.24999
37.79648,-2.03713,0.02574,5.42483,1.24981
37.89645,-2.03455,0.02979,5.38787,1.25213
37.9964,-2.03158,0.034,5.35059,1.27001
38.09634,-2.02818,0.03854,5.3131,1.29542
38.19627,-2.02432,0.04341,5.27532,1.30851
38.29618,-2.01998,0.04826,5.23725,1.3324
38.39606,-2.01516,0.05348,5.19895,1.35118
38.49592,-2.00981,0.05855,5.16031,1.3746
38.59574,-2.00396,0.06381,5.12143,1.398
38.69554,-1.99759,0.06875,5.08222,1.41668
38.79531,-1.99072,0.07361,5.0427,1.4519
38.89503,-1.98336,0.07822,5.00291,1.4492
38.99473,-1.97555,0.08234,4.96275,1.45029
39.09439,-1.96732,0.08598,4.92227,1.44961
39.19402,-1.95874,0.08914,4.8815,1.45054
39.29362,-1.94983,0.0919,4.84035,1.4547
39.3932,-1.94066,0.09381,4.79885,1.50526
39.49276,-1.93129,0.09533,4.75698,1.49878
39.59231,-1.92177,0.09616,4.71474,1.49986
39.69185,-1.91217,0.09645,4.67213,1.50066
39.79138,-1.90254,0.09641,4.62914,1.50366
39.89092,-1.89291,0.09586,4.58573,1.55514
39.99046,-1.88334,0.09523,4.5419,1.54874
40.09,-1.87383,0.09447,4.49766,1.54987
40.18956,-1.8644,0.09372,4.45298,1.55078
40.28912,-1.85504,0.09331,4.40782,1.5529
40.38868,-1.84572,0.09327,4.36221,1.60507
40.48825,-1.83641,0.09387,4.31614,1.59865
40.58781,-1.82704,0.09546,4.26955,1.60015
40.68735,-1.8175,0.09797,4.22244,1.6002
40.78687,-1.80772,0.10177,4.17479,1.60079
40.88636,-1.79756,0.10708,4.12662,1.58721
40.98578,-1.78688,0.11409,4.07786,1.54488
41.08513,-1.77549,0.12263,4.02849,1.55122
41.18438,-1.76326,0.13337,3.97854,1.54933
41.28349,-1.74996,0.1463,3.92799,1.54515
41.38243,-1.73539,0.1612,3.87671,1.49364
41.48113,-1.71933,0.17878,3.8248,1.50659
41.57954,-1.70155,0.19852,3.77214,1.45847
41.67757,-1.68183,0.22074,3.71875,1.46039
41.77514,-1.65994,0.24532,3.66457,1.47156
41.87215,-1.63565,0.27233,3.60958,1.44239
41.96846,-1.60875,0.30127,3.5537,1.47185
42.06396,-1.57908,0.33228,3.49699,1.43921
42.15849,-1.54646,0.36512,3.43941,1.44715
42.25189,-1.51075,0.39949,3.37993,1.39622
42.34402,-1.47186,0.43477,3.3282,1.42982
42.43471,-1.42974,0.47095,3.29493,1.44001
42.52382,-1.38437,0.50788,3.27346,1.46364
42.6112,-1.33574,0.54401,3.2757,1.49863
42.69676,-1.28398,0.58089,3.28727,1.51188
42.78036,-1.22911,0.61556,3.31519,1.50737
42.862,-1.17136,0.65122,3.35697,1.54037
42.94154,-1.11075,0.68481,3.40384,1.54939
43.01899,-1.0475,0.71761,3.4667,1.57973
43.09433,-0.98174,0.74877,3.53085,1.61683
43.16758,-0.91367,0.77955,3.60218,1.62983
43.2387,-0.84337,0.80849,3.679,1.60685
43.30776,-0.77105,0.83613,3.7503,1.68372
43.37479,-0.69684,0.8628,3.82797,1.70648
43.43982,-0.62088,0.88848,3.89853,1.75214
43.50288,-0.54327,0.91367,3.96471,1.79154
43.56397,-0.46409,0.93793,4.03069,1.83207
43.62311,-0.38346,0.96175,4.08335,1.85753
43.68032,-0.30144,0.98378,4.13652,1.86914
43.73571,-0.21818,1.00688,4.18266,1.84973
43.78916,-0.13367,1.02865,4.21941,1.85183
43.84076,-0.04801,1.05098,4.2601,1.82465
43.89043,0.03879,1.07205,4.29152,1.79175
43.93826,0.1266,1.092,4.32463,1.74023
43.98433,0.21536,1.11394,4.36182,1.68537
44.02844,0.3051,1.13366,4.39323,1.65961
44.07078,0.3957,1.1535,4.4367,1.66839
44.11131,0.48712,1.17308,4.48167,1.6375
44.15004,0.57931,1.19222,4.5301,1.61302
44.187,0.67223,1.21119,4.59274,1.55477
44.22219,0.76583,1.22894,4.65546,1.55364
44.25571,0.86005,1.24569,4.71913,1.53931
44.28765,0.95481,1.26416,4.78226,1.53134
44.31784,1.05014,1.27951,4.84461,1.5535
44.34656,1.14593,1.29553,4.90614,1.55625
44.37374,1.24217,1.31071,4.96691,1.5665
44.39945,1.3388,1.32477,5.02695,1.58317
44.42381,1.43579,1.33965,5.08627,1.58031
44.44672,1.53313,1.35252,5.14492,1.56354
44.46837,1.63076,1.36539,5.20291,1.60563
44.48877,1.72866,1.37795,5.26025,1.59382
44.50793,1.8268,1.39017,5.31697,1.6363
44.5259,1.92517,1.40126,5.3731,1.65193
44.54277,2.02374,1.41272,5.42865,1.65265
44.55851,2.12249,1.42468,5.48363,1.70462
44.57307,2.22143,1.43437,5.53807,1.69988
44.58667,2.3205,1.44418,5.59198,1.69489
44.5993,2.4197,1.45529,5.64537,1.74323
44.61083,2.51903,1.46414,5.69827,1.7498
44.62147,2.61846,1.47372,5.75066,1.75037
44.63116,2.71799,1.48295,5.80261,1.74958
44.63994,2.81761,1.49126,5.85408,1.75147
44.64788,2.91729,1.49936,5.9051,1.74574
44.65502,3.01703,1.50777,5.95568,1.80011
44.66132,3.11684,1.5137,6.00585,1.79884
44.66702,3.21667,1.52128,6.05559,1.80039
44.67197,3.31655,1.52646,6.10493,1.79992
44.67641,3.41645,1.53296,6.15388,1.80001
44.68019,3.51638,1.53772,6.20244,1.8
44.6835,3.61633,1.54271,6.25062,1.8
44.6863,3.71629,1.54685,6.29843,1.8
44.6887,3.81626,1.55009,6.34588,1.8
44.69077,3.91624,1.55355,6.39298,1.8
44.69249,4.01622,1.55664,6.43974,1.8
44.69391,4.11621,1.55926,6.48615,1.8
44.69506,4.2162,1.56043,6.53224,1.8
44.6961,4.3162,1.563,6.57801,1.8
44.69688,4.4162,1.56361,6.62346,1.8
44.6976,4.51619,1.56601,6.6686,1.8
44.69808,4.61619,1.56618,6.71344,1.8
44.69854,4.71619,1.56808,6.75797,1.8
44.69881,4.81619,1.56739,6.80222,1.8
44.69915,4.91619,1.56931,6.8462,1.8
44.6993,5.01619,1.56851,6.88986,1.8
44.69953,5.11619,1.56962,6.93298,1.8
44.69965,5.21619,1.57029,6.97861,1.8
44.6997,5.31619,1.56991,7.00169,1.8
44.69978,5.41619,1.57064,6.99976,1.8
44.6998,5.51619,1.56971,7.0,1.8
44.69991,5.61619,1.57089,7.00001,1.8
44.6999,5.71619,1.57089,7.0,1.8
44.69989,5.81619,1.56987,7.0,1.8
44.69998,5.91619,1.57062,7.0,1.8
44.7,6.01619,1.57079,7.0,1.8
44.7,6.11619,1.5708,7.0,1.8
44.7,6.21619,1.57079,7.0,1.8
44.7,6.31619,1.5708,7.0,1.8
44.7,6.41619,1.5708,7.0,1.8
44.7,6.51619,1.5708,7.0,1.8
44.7,6.61619,1.5708,7.0,1.8
44.7,6.71619,1.5708,7.0,1.8
44.7,6.81619,1.5708,7.0,1.8
44.7,6.91619,1.5708,7.0,1.8
44.7,7.01619,1.5708,7.0,1.8
44.7,7.11619,1.5708,7.0,1.8
44.7,7.21619,1.5708,7.0,1.8
44.7,7.31619,1.5708,7.0,1.8
44.7,7.41619,1.5708,7.0,1.8
44.7,7.51619,1.5708,7.0,1.8
44.7,7.61619,1.5708,7.0,1.8
44.7,7.71619,1.5708,7.0,1.8
44.7,7.81619,1.5708,7.0,1.8
44.7,7.91619,1.5708,7.0,1.8
44.7,8.01619,1.5708,7.0,1.8
44.7,8.11619,1.5708,7.0,1.8
44.7,8.21619,1.5708,7.0,1.8
44.7,8.31619,1.5708,7.0,1.8
44.7,8.41619,1.5708,7.0,1.8
44.7,8.51619,1.5708,7.0,1.8
44.7,8.61619,1.5708,7.0,1.8
44.7,8.71619,1.5708,7.0,1.8
44.7,8.81619,1.5708,7.0,1.8
44.7,8.91619,1.5708,7.0,1.8
44.7,9.01619,1.5708,7.0,1.8
44.7,9.11619,1.5708,7.0,1.8
44.7,9.21619,1.5708,7.0,1.8
44.7,9.31619,1.5708,7.0,1.8
44.7,9.41619,1.5708,7.0,1.8
44.7,9.51619,1.5708,7.0,1.8
44.7,9.61619,1.5708,7.0,1.8
44.7,9.71619,1.5708,7.0,1.8
44.7,9.81619,1.5708,7.0,1.8
44.7,9.91619,1.5708,7.0,1.8
44.7,10.01619,1.5708,7.0,1.8
44.7,10.11619,1.5708,7.0,1.80004
44.7,10.21619,1.5708,7.0,1.7997
44.7,10.31619,1.5708,7.0,1.80144
44.7,10.41619,1.5708,7.0,1.79561
44.7,10.51619,1.5708,7.0,1.8498
44.7,10.61619,1.5708,7.0,1.84886
44.7,10.71619,1.5708,7.0,1.85039
44.7,10.81619,1.5708,7.0,1.84992
44.7,10.91619,1.5708,7.0,1.85001
44.7,11.01619,1.5708,7.0,1.85
44.7,11.11619,1.5708,7.0,1.85
44.7,11.21619,1.5708,7.0,1.85
44.7,11.31619,1.5708,7.0,1.85
44.7,11.41619,1.5708,7.0,1.85
44.7,11.51619,1.5708,7.0,1.85
44.7,11.61619,1.5708,7.0,1.85
44.7,11.71619,1.5708,7.0,1.85
44.7,11.81619,1.5708,7.0,1.85
44.7,11.91619,1.5708,7.0,1.85
44.7,12.01619,1.5708,7.0,1.85
44.7,12.11619,1.5708,7.0,1.85
44.7,12.21619,1.5708,7.0,1.85
44.7,12.31619,1.5708,7.0,1.85
44.7,12.41619,1.5708,7.0,1.85
44.7,12.51619,1.5708,7.0,1.85
44.7,12.61619,1.5708,7.0,1.85
44.7,12.71619,1.5708,7.0,1.85
44.7,12.81619,1.5708,7.0,1.85
44.7,12.91619,1.5708,7.0,1.85
44.7,13.01619,1.5708,7.0,1.85
44.7,13.11619,1.5708,7.0,1.85
44.7,13.21619,1.5708,7.0,1.85
44.7,13.31619,1.5708,7.0,1.85
44.7,13.41619,1.5708,7.0,1.85
44.7,13.51619,1.5708,7.0,1.85
44.7,13.61619,1.5708,7.0,1.85
44.7,13.71619,1.5708,7.0,1.85
44.7,13.81619,1.5708,7.0,1.85
44.7,13.91619,1.5708,7.0,1.85
44.7,14.01619,1.5708,7.0,1.85
44.7,14.11619,1.5708,7.0,1.85
44.7,14.21619,1.5708,7.0,1.85
44.7,14.31619,1.5708,7.0,1.85
44.7,14.41619,1.5708,7.0,1.85
44.7,14.51619,1.5708,7.0,1.85
44.7,14.61619,1.5708,7.0,1.85
44.7,14.71619,1.5708,7.0,1.85
44.7,14.81619,1.5708,7.0,1.85
44.7,14.91619,1.5708,7.0,1.85
44.7,15.01619,1.5708,7.0,1.85
44.7,15.11619,1.5708,7.0,1.85
44.7,15.21619,1.5708,7.0,1.85
44.7,15.31619,1.5708,7.0,1.85
44.7,15.41619,1.5708,7.0,1.85
44.7,15.51619,1.5708,7.0,1.85
44.7,15.61619,1.5708,7.0,1.85
44.7,15.71619,1.5708,7.0,1.85
44.7,15.81619,1.5708,7.0,1.85
44.7,15.91619,1.5708,7.0,1.85
44.7,16.01619,1.5708,7.0,1.85
44.7,16.11619,1.5708,7.0,1.85
44.7,16.21619,1.5708,7.0,1.85
44.7,16.31619,1.5708,7.0,1.85
44.7,16.41619,1.5708,7.0,1.85
44.7,16.51619,1.5708,7.0,1.85
44.7,16.61619,1.5708,7.0,1.85
44.7,16.71619,1.5708,7.0,1.85
44.7,16.81619,1.5708,7.0,1.85
44.7,16.91619,1.5708,7.0,1.85
44.7,17.01619,1.5708,7.0,1.85
44.7,17.11619,1.5708,7.0,1.85
44.7,17.21619,1.5708,7.0,1.85
44.7,17.31619,1.5708,7.0,1.85
44.7,17.41619,1.5708,7.0,1.85
44.7,17.51619,1.5708,7.0,1.85
44.7,17.61619,1.5708,7.00005,1.85
44.7,17.71619,1.5708,6.99959,1.85
44.7,17.81619,1.5708,7.00194,1.85
44.7,17.91619,1.5708,6.98247,1.85
44.7,18.01619,1.5708,6.95309,1.85
44.7,18.11619,1.5708,6.92423,1.85
44.7,18.21619,1.5708,6.89532,1.85
44.7,18.31619,1.5708,6.86625,1.85
44.7,18.41619,1.5708,6.83705,1.85
44.7,18.51619,1.5708,6.80775,1.85
44.7,18.61619,1.5708,6.7783,1.85
44.7,18.71619,1.5708,6.74873,1.85
44.7,18.81619,1.5708,6.71904,1.85
44.7,18.91619,1.5708,6.68919,1.85
44.7,19.01619,1.5708,6.65924,1.85
44.7,19.11619,1.5708,6.62912,1.85
44.7,19.21619,1.5708,6.59889,1.85
44.7,19.31619,1.5708,6.56852,1.85
44.7,19.41619,1.5708,6.53798,1.85
44.7,19.51619,1.5708,6.50735,1.85
44.7,19.61619,1.5708,6.47652,1.85
44.7,19.71619,1.5708,6.44557,1.85
44.7,19.81619,1.5708,6.41448,1.85
44.7,19.91619,1.5708,6.3832,1.85
44.7,20.01619,1.5708,6.35181,1.85
44.7,20.11619,1.5708,6.32023,1.85
44.7,20.21619,1.5708,6.28851,1.85002
44.7,20.31619,1.5708,6.25664,1.8499
44.7,20.41619,1.5708,6.22457,1.85032
44.7,20.51619,1.5708,6.19237,1.84995
44.7,20.61619,1.5708,6.15998,1.84204
44.7,20.71619,1.5708,6.12742,1.79461
44.7,20.81619,1.5708,6.0947,1.80116
44.7,20.91619,1.5708,6.06179,1.79984
44.7,21.01619,1.5708,6.02872,1.8
44.7,21.11619,1.5708,5.99544,1.80001
44.7,21.21619,1.5708,5.962,1.8
44.7,21.31619,1.5708,5.92837,1.8
44.7,21.41619,1.5708,5.89451,1.8
44.7,21.51619,1.5708,5.8605,1.8
44.7,21.61619,1.5708,5.82626,1.8
44.7,21.71619,1.5708,5.79183,1.8
44.7,21.81619,1.5708,5.75721,1.8
44.7,21.91619,1.5708,5.72234,1.8
44.7,22.01619,1.5708,5.68731,1.8
44.7,22.11619,1.5708,5.65202,1.8
44.7,22.21619,1.5708,5.61652,1.8
44.7,22.31619,1.5708,5.58081,1.8
44.7,22.41619,1.5708,5.54483,1.8
44.7,22.51619,1.5708,5.50868,1.8
44.7,22.61619,1.5708,5.47223,1.8
44.7,22.71619,1.5708,5.43556,1.8
44.7,22.81619,1.5708,5.39866,1.8
44.7,22.91619,1.5708,5.36146,1.8
44.7,23.01619,1.5708,5.32405,1.8
44.7,23.11619,1.5708,5.28633,1.8
44.7,23.21619,1.5708,5.24836,1.8
44.7,23.31619,1.5708,5.21014,1.8
44.7,23.41619,1.5708,5.17158,1.8
44.7,23.51619,1.5708,5.13279,1.8
44.7,23.61619,1.5708,5.09365,1.8
44.7,23.71619,1.5708,5.05424,1.8
44.7,23.81619,1.5708,5.01452,1.8
44.7,23.91619,1.5708,4.97445,1.8
44.7,24.01619,1.5708,4.93412,1.8
44.7,24.11619,1.5708,4.89339,1.8
44.7,24.21619,1.5708,4.85235,1.8
44.7,24.31619,1.5708,4.81098,1.8
44.7,24.41619,1.5708,4.7692,1.8
44.7,24.51619,1.5708,4.72711,1.8
44.7,24.61619,1.5708,4.68459,1.8
44.7,24.71619,1.5708,4.64169,1.8
44.7,24.81619,1.57079,4.59842,1.8
44.7,24.91619,1.5708,4.55469,1.8
44.7,25.01619,1.57095,4.5106,1.8
44.69998,25.11619,1.57175,4.46602,1.8
44.69989,25.21619,1.57066,4.42101,1.8
44.6999,25.31619,1.57086,4.37555,1.8
44.6999,25.41619,1.57076,4.32958,1.8
44.6999,25.51619,1.57185,4.28317,1.8
44.69979,25.61619,1.57103,4.23619,1.8
44.69977,25.71619,1.57212,4.18872,1.8
44.69964,25.81619,1.572,4.14071,1.8
44.69952,25.91619,1.57197,4.09209,1.8
44.6994,26.01619,1.57306,4.04295,1.8
44.69917,26.11619,1.57214,3.99316,1.8
44.69904,26.21619,1.57396,3.94275,1.8
44.69872,26.31619,1.57434,3.89172,1.8
44.69837,26.41619,1.57546,3.83995,1.8
44.6979,26.51619,1.57585,3.78754,1.8
44.6974,26.61619,1.57812,3.73434,1.8
44.69666,26.71618,1.57848,3.6804,1.8
44.6959,26.81618,1.57996,3.62567,1.8
44.69498,26.91618,1.58253,3.57005,1.8
44.69381,27.01617,1.58424,3.51361,1.8
44.69246,27.11616,1.58681,3.4562,1.8
44.69086,27.21615,1.58852,3.39784,1.8
44.68909,27.31613,1.59266,3.33848,1.8
44.6869,27.41611,1.59466,3.27799,1.8
44.68452,27.51608,1.59861,3.21645,1.8
44.68173,27.61604,1.60181,3.15362,1.79999
44.67863,27.71599,1.60559,3.08955,1.80011
44.67516,27.81593,1.60917,3.02415,1.79947
44.67132,27.91586,1.61359,2.95723,1.80651
44.66704,28.01577,1.61688,2.88886,1.82937
44.66243,28.11566,1.62154,2.81874,1.84227
44.65736,28.21553,1.62449,2.74688,1.86667
44.65199,28.31539,1.629,2.6731,1.88972
44.64618,28.41522,1.63157,2.59716,1.86245
44.6401,28.51503,1.63456,2.51903,1.87753
44.63373,28.61483,1.63701,2.4383,1.88987
44.62712,28.71461,1.63907,2.35485,1.91912
44.62029,28.81438,1.64087,2.26839,1.94701
44.61329,28.91412,1.64203,2.17825,1.95021
44.60617,29.01389,1.87676,2.08467,1.95006
