1.4950503351749882,0.01724346995684661,2.949757729482081
1.3525651186732883,0.04803520742810462,2.9415736240406734
1.2118900003904496,0.07859879120101172,2.934917881721578
1.072894542794491,0.10891656166057397,2.9297063174369975
0.935448308353432,0.13897085919179733,2.925854746099134
0.7994208595352904,0.16874402417968778,2.9232789826201877
0.6646817588080848,0.19821839700925137,2.9218948419123603
0.5311005686398346,0.2273763180654941,2.9216181388878537
0.3985468514985582,0.25620012773342193,2.9223646884588694
0.26689016985227404,0.28467216639804094,2.9240503055376075
0.1360000861690009,0.312774774444357,2.9265908050362697
0.005746162916757516,0.34049029225737626,2.9299020018670574
-0.12400203743643726,0.3678010602221045,2.9338997109421725
-0.2533749524225651,0.39468941872354807,2.938499747173816
-0.382503019573607,0.4211377081467126,2.9436179254741894
-0.5115166764215446,0.4471282688766043,2.949170060755494
-0.6405463604983588,0.4726434412982291,2.9550719679299307
-0.7697225093360314,0.4976655657965931,2.9612394619097016
-0.8991755604665435,0.5221769827567022,2.9675883576070072
-1.0290359514218763,0.5461600325635624,2.974034469934049
-1.1594341197340112,0.5695970556021798,2.98049361380303
-1.2905005029349292,0.5924703922575602,2.986881604126149
-1.4223655385566127,0.6147623829147097,2.993114255815609
-1.5551596641310423,0.6364553679586346,2.9991073837836106
-1.6890133171901986,0.6575316877743403,3.0047768029423554
-1.8240569352660638,0.6779736827468333,3.0100383282040455
-1.9604209558906194,0.6977636932611194,3.0148077744808806
-2.098235816595847,0.7168840597022048,3.0190009566850637
-2.2376319549137254,0.735317122455095,3.022533689728794
-2.3787398083762397,0.7530452219047967,3.025321788524277
-2.521675246089915,0.7700502782538652,3.0272806329444393
-2.665680984530082,0.7862890282412796,3.028299528961245
-2.808646901224713,0.8016791900322436,3.028227384353388
-2.9483465644409677,0.8161351272008753,3.026909633696781
-3.0825535424460058,0.8295712033212925,3.0241917115673376
-3.209041403506986,0.8419017819676133,3.019919052540969
-3.3255837158910664,0.8530412267139551,3.0139370911935877
-3.429954047865408,0.8629039011344362,3.0060912621011076
-3.518439203739181,0.8708578990454354,2.996330002177435
-3.5787997620667227,0.873138591511683,2.9851924414201374
-3.5975735358156675,0.865384290263578,2.9734086674936924
-3.584309003627654,0.849809919952622,2.961464701283016
-3.564389810051767,0.8331564153692055,2.949678456745392
-3.5635116390242505,0.8222538984608513,2.93836453521208
-3.605787089507189,0.8235181706077478,2.9279423309896884
-3.693803314791334,0.8377314538129361,2.920256124309754
-3.8146177332060702,0.8616115713233655,2.918178192737859
-3.9550966322339414,0.8918135603508062,2.9244428518138874
-4.105788945234464,0.9256482472972181,2.937905949501243
-4.2610249016312824,0.9610998149410915,2.9534409703562194
-4.415307066274425,0.996183134786764,2.9657398997125943
-4.563138004013918,1.0289130783385718,2.9694947229041437
-4.699020279699782,1.0573045171008515,2.959397425264646
-4.817456458182045,1.0793723225779395,2.930139992127875
-4.912963137123717,1.0931405061144506,2.876431914170419
-4.984215638323246,1.0993417358576762,2.7981705151653533
-5.039830340887126,1.105183481270496,2.707654168928326
-5.089877750470487,1.1188203123301816,2.6189952108626686
-5.144428372728449,1.1484067990140052,2.546305976371708
-5.213552713316139,1.2020975112992383,2.503698800858774
-5.304706959255082,1.285050770784736,2.500532042106715
-5.411212450986497,1.386225071473271,2.520460708869571
-5.521635256449653,1.4891289299472017,2.5384926393679206
-5.625278628737471,1.5784991350057715,2.531523052514
-5.718481109302646,1.6507767884972508,2.4944341271153205
-5.801468973629459,1.708870851699416,2.4320477221365877
-5.87450944993031,1.7557584172196385,2.349290399440307
-5.937869766417593,1.7944165776652914,2.251088720888981
-5.991817151303703,1.8278224256437445,2.142369248345117
-6.036618832801043,1.858953053762372,2.0280585436712175
-6.072542039122001,1.890785554628543,1.913083168729788
-6.09985399847898,1.9262970208496304,1.8023696853833358
-6.1188219390843726,1.9684645450330063,1.7008446554943621
-6.1297130891505756,2.020265219786041,1.6134346409253733
-6.132811034993154,2.084594576585948,1.5449214983115158
-6.128822514450321,2.162238323047199,1.4963438484947107
-6.11890524841634,2.251733575529271,1.464750876317669
-6.104238889276549,2.3515081004762437,1.4469977587134693
-6.08600308941628,2.4599896643321966,1.4399396726151863
-6.065377501220868,2.575606033541208,1.4404317949558978
-6.043541777075651,2.6967849745473598,1.445329302668681
-6.021675569365961,2.82195425379473,1.4514873726866124
-6.0009078395847855,2.9495814318054703,1.455873255794208
-5.98156285446762,3.0787657819109198,1.4572333239657385
-5.963320907005583,3.2091121187788185,1.4557377279730859
-5.945844244545593,3.3402394235226174,1.4515965161861795
-5.928795114434567,3.471766677255766,1.445019736974949
-5.911835764019421,3.6033128610917107,1.436217438709324
-5.894628440647066,3.7344969561439028,1.425399669759233
-5.876835391664427,3.864937943525793,1.4127764784946073
-5.858118864418414,3.9942548043508257,1.398557913285375
-5.8381411062559465,4.1220665197324555,1.3829540225014663
-5.816564364523942,4.2479920707841305,1.3661748545128105
-5.793050886569312,4.371650438619296,1.3484304576893373
-5.767262919738978,4.492660604351407,1.329930880400976
-5.738862711379854,4.610641549093909,1.310886171017657
-5.707512508838858,4.725212253960255,1.2915063779093086
-5.672874559462902,4.8359917000638895,1.2720015494458603
-5.634613163697692,4.9426037753509915,1.252583370879389
-5.592681700552533,5.04536325520506,1.2336940022659186
-5.547618296669266,5.145982440956395,1.2162418077074728
-5.500031634816354,5.246342260556756,1.2011914038667928
-5.450530397762265,5.3483236419578875,1.1895074074066208
-5.399723268275458,5.453807513111533,1.1821544349896966
-5.348218929124402,5.564674801969453,1.1800971032787637
-5.296626063077563,5.682806436483391,1.1843000289365626
-5.24555095749597,5.810052175365032,1.1957016764926804
-5.195461253405863,5.946457699726429,1.2137268233443523
-5.146612560158172,6.089309716946713,1.2354853669530248
-5.099242579197794,6.235661915247487,1.257891693178858
-5.053589011969619,6.382567982850349,1.2778601878820117
-5.009889559918546,6.5270816079769,1.2923052369226458
-4.968381924489468,6.666256478848738,1.2981412261609198
-4.929303807127283,6.797146283687469,1.2922825414569943
-4.892766351173953,6.917293040917856,1.2723441784203038
-4.858192302605335,7.026894981548997,1.2397520139464113
-4.824771474308776,7.1270491195189765,1.1972214132288421
-4.791693494628906,7.218853180832306,1.1474687630663463
-4.758147991910365,7.303404891493507,1.0932104502576756
-4.723324594497786,7.381801977507097,1.0371628616015824
-4.686412930735808,7.455142164877596,0.9820423838968165
-4.646602628969064,7.524523179609521,0.9305654039421296
-4.6030833175421915,7.591042747707392,0.8854483085362743
-4.555044624799826,7.6557985951757255,0.8494074844780005
-4.501678142269843,7.719889214868106,0.8251482951794377
-4.442474708997088,7.784529990244199,0.8136958120618395
-4.377542902787785,7.85117760286682,0.8126064679301973
-4.307067658508754,7.921318560521517,0.8190079463096867
-4.231233911026824,7.996439370993832,0.8300279307254835
-4.1502265952088235,8.078026542069315,0.8427941047027645
-4.064230645921577,8.167566581533512,0.8544341517667051
-3.9734309980319136,8.266545997171965,0.8620757554424808
-3.8782431300372058,8.37589741008745,0.8627744154492885
-3.7815151924359554,8.490708887699874,0.8528239556217014
-3.687554792740889,8.602562116435934,0.8280612400348758
-3.6006893658339383,8.702991146985298,0.784316924763476
-3.525170075249113,8.783665366399598,0.7176130506608349
-3.4619443265437626,8.84211637077155,0.6322616522195389
-3.4074609003390273,8.883858144722248,0.5438629915717749
-3.3578461702780085,8.914976753852986,0.4688263343590914
-3.3092265100038043,8.941558263765046,0.42356094622303675
-3.2575117646998435,8.969004060810205,0.41763816428660117
-3.1973998513519026,8.998716544264331,0.42110784955355846
-3.125771069877954,9.030322895186483,0.40796396379837135
-3.0433780843489937,9.062961047688624,0.3791244241181726
-2.951282571094509,9.095730057821918,0.33765688731963084
-2.8505462064439873,9.127728981637533,0.2866290102094141
-2.7422306667269187,9.158056875186634,0.229108449594193
-2.627397628272784,9.18581279452039,0.16816286228063226
-2.5071087674110735,9.210095795689963,0.10685990507540218
-2.382425760471275,9.230004934746525,0.048267234785171045
-2.254410283782875,9.24463926774124,-0.00454749178339256
-2.1241217557970478,9.253107683623512,-0.04853481348848713
-1.9924665511879083,9.25518556602283,-0.08187860991331278
-1.8601031306359779,9.25172794624221,-0.10476063621929943
-1.7276673278274415,9.243688394523318,-0.11754499273830865
-1.595794976448481,9.23202048110781,-0.12059577980220271
-1.4651219101852773,9.21767777623735,-0.1142770977428441
-1.3362839627240155,9.201613850153596,-0.0989530468920958
-1.20991696775087,9.184782273098214,-0.07498772758181951
-1.086656758952026,9.168136615312864,-0.04274524014387782
-0.9671391700136646,9.152630447039206,-0.0025896849101331443
-0.8520000346219668,9.139217338518899,0.04511483778755196
-0.7418751864631177,9.12885085999361,0.10000422761731351
-0.6374004592232924,9.122484581704999,0.16171438424729212
-0.5392116865886756,9.121072073894727,0.22988120734562387
-0.44794470224544813,9.125566906804453,0.30414059658044645
-0.364235339879792,9.136922650675839,0.3841284516198972
-0.2887194331778904,9.156092875750552,0.46948067213211153
-0.2220328158259205,9.184031152270244,0.5598331577852316
-0.164811321510066,9.221691050476583,0.6548218082473924
-0.11758200009237994,9.269946776938363,0.7539757333383039
-0.07967448389476615,9.328798957481121,0.8556485736510492
-0.04967663184680308,9.397707054192853,0.9574657928758562
-0.026165251048763688,9.476122466255408,1.0570420054504472
-0.007717148600919147,9.563496592850633,1.1519918258125508
0.007090868396457429,9.659280833160373,1.2399298683998883
0.01968199284309362,9.762926586366477,1.3184707476501836
0.03147941763871702,9.873885251650782,1.3852290780011598
0.04390633568305487,9.99160822819514,1.4378194738905408
0.058385939875835416,10.115546915181397,1.473856549756052
0.07634128085535757,10.24515266589144,1.4909553930722284
0.09874991127524257,10.379733095844065,1.4882124271116748
0.125157626887061,10.518133871140856,1.4694848436040553
0.1548231658642208,10.659108040148682,1.4395843361651597
0.18700526638012863,10.801408651234404,1.4033225984107776
0.2209626666081942,10.943788752764906,1.3655113239566965
0.25595410472182434,11.08500139310704,1.3309622064187057
0.29123831889442686,11.223799620627679,1.3044869394125944
0.3260708138647122,11.358964867822676,1.2906671240291216
0.3596674039140598,11.489626982778722,1.2912599723109508
0.39121726189726475,11.615149680587567,1.3061268815749842
0.41990906775679565,11.734901003283747,1.3350941732972044
0.4449315014351228,11.848248992901807,1.3779881689535944
0.4654732428747157,11.954561691476279,1.4346351900201364
0.4807229720180441,12.053207141041705,1.504861557972811
0.4898693688075786,12.143553383632627,1.5884935942876046
0.4921011131857886,12.224968461283582,1.685357620440498
0.48663202167960823,12.296866780716757,1.7951921118707301
0.4731321737048579,12.35950433022862,1.9161410200455549
0.4516689923607904,12.413870002611693,2.0449596802554977
0.42232318282383163,12.46097718958595,2.178357010273976
0.38517545027041,12.501839282871368,2.313041927874399
0.3403064998769524,12.537469674187925,2.445723350830179
0.28779703681988655,12.56888175525559,2.5731101969147265
0.22772776627564,12.597088917794352,2.6919113839014552
0.16017939342064208,12.623104553524177,2.7988358295637723
0.08523262343131646,12.647942054165055,2.8905924516750967
0.0029681614840923187,12.672614811436954,2.9638901680088376
-0.0865332872446028,12.69813621705985,3.015437896338406
-0.18318881446021879,12.725512999207758,3.041984697889148
-0.2867507502928558,12.755253548575482,3.043281787203543
-0.39669531165912975,12.787031124471815,3.0241114924077497
-0.512472363627475,12.820439282466596,2.989736303875939
-0.6335317712663283,12.85507157812966,2.9454187119822843
-0.7593233996441273,12.890521567030845,2.896421207100959
-0.8892971138293088,12.926382804739994,2.848006279606137
-1.0229027788903062,12.962248846826936,2.8054364198719917
-1.1595902598955639,12.997713248861514,2.7739741182726934
-1.2988092995151355,13.03236963123405,2.7588803365281582
-1.4398500800936547,13.065896115270714,2.7634232602220368
-1.5815295762190777,13.098221426564018,2.784961102502763
-1.7225774476497864,13.129320531429483,2.8197615867103085
-1.8617233541441742,13.159168396182642,2.864092436184649
-1.9976969554606243,13.187739987139015,2.9142213742657583
-2.1292279113575217,13.21501027061413,2.96641612429361
-2.255045881593253,13.240954212923512,3.016944409608177
-2.3738805259262015,13.265546780382694,3.062073953549433
-2.4844615041147593,13.288762939307194,3.0980724794573544
-2.5855998251170385,13.310580524296757,3.1214153195386904
-2.677055784935581,13.331010840778786,3.131000453158315
-2.759203837831633,13.350086848732252,3.127293234658807
-2.8324287513648825,13.367841871771779,3.1107853386441544
-2.8971152930950237,13.384309233512012,3.0819684397183433
-2.9536482305817446,13.399522257567583,3.041334212485364
-3.002412331384733,13.413514267553122,2.989374331549201
-3.04379236306368,13.42631858708327,2.926580471513845
-3.0781730931782754,13.437968539772662,2.853444306983281
-3.1059392892882065,13.448497449235926,2.7704575125615007
-3.127475718953166,13.457938639087704,2.6781117628524878
-3.1431671497328413,13.466325432942625,2.57689873246023
-3.153398349186923,13.473691154415334,2.4673100959887164
-3.158554084875101,13.480069127120457,2.349837528041935
-3.159019124357064,13.485492674672633,2.224972703223876
-3.1551782351925017,13.489995120686492,2.0932072961385217
-3.147416184941105,13.493609788776675,1.9550329813898613
-3.1361177411625616,13.496370002557812,1.8109414335818834
-3.1216676714165628,13.498309085644545,1.6614243273185754
-3.104450743262796,13.499460361651503,1.5069733372039262
-3.084851724260953,13.499857154193315,1.348080137841926
-3.0632553819707224,13.499532786884634,1.1852364038365508
-3.0400464839517944,13.498520583340078,1.0189338097918057
-3.015609797763859,13.496853867174293,0.8496640303116687
-2.9903300909666024,13.494565962001904,0.6779187400001184
-2.964592131119719,13.491690191437556,0.5041896134611622
-2.938780685782895,13.488259879095875,0.32896832529876807
-2.913280522515822,13.484308348591503,0.15274655011694255
-2.8884764088781885,13.47986892353907,-0.02398403748033645
-2.8647531124296832,13.474974927553218,-0.2007317628890899
-2.842495400729998,13.46965968424857,-0.3770049515053105
-2.822088041338821,13.463956517239774,-0.5523119287250315
-2.803915801815843,13.457898750141458,-0.7261610199442449
-2.7883634497207512,13.451519706568256,-0.8980605505589736
-2.775815752613237,13.444852710134803,-1.067518845965237
-2.7666574780529904,13.43793108445574,-1.2340442315590319
-2.7612733935997005,13.430788153145695,-1.3971450327363866
-2.7600482668130564,13.423457239819312,-1.5563295748932964
-2.763366865252747,13.415971668091213,-1.7111061834257826
-2.7716139564784648,13.408364761576042,-1.8609831837298652
-2.7851743080498954,13.400669843888432,-2.005468901201541
-2.8044326875267322,13.392920238643018,-2.144071661236837
-2.829773862468662,13.385149269454438,-2.276299789231751
-2.8615826004353755,13.377390259937318,-2.401661610582304
-2.900243668986564,13.369676533706302,-2.5196654506845135
-2.946141835681914,13.362041414376023,-2.629819634934378
-2.999661868081117,13.354518225561108,-2.7316324887279233
-3.0611885337438607,13.347140290876204,-2.8246123374611503
-3.131106600229839,13.33994093393594,-2.9082675065300814
-3.2098008350987364,13.332953478354955,-2.98210632133072
-3.2976560059102416,13.326211247747874,-3.045637107259082
-3.395056880224054,13.31974756572934,-3.0983681897111843
-3.502388225599851,13.31359575591399,-3.1398078940830323
-3.6200348095973336,13.307789141916452,-3.169464545770643
-3.74815627082046,13.302357017823011,-3.1869166785827434
-3.8849462944358564,13.297293489598152,-3.192355925917477
-4.027583547849759,13.29257449565064,-3.1862904632437696
-4.173238227149699,13.28817582276319,-3.1692311078845847
-4.319080528423233,13.2840732577185,-3.141688677162876
-4.462280647757891,13.280242587299275,-3.104173988401605
-4.6000087812412245,13.276659598288221,-3.057197858923728
-4.729435124960787,13.273300077468045,-3.0012711060522026
-4.847830540924465,13.270140433044187,-2.936899715967125
-4.95418865151794,13.267167708027513,-2.8645069964060834
-5.048949521258385,13.264377874488789,-2.7844468376855764
-5.1325980869345145,13.261767181500666,-2.697070976619163
-5.205619285335042,13.259331878135798,-2.6027311500204005
-5.268498053248667,13.257068213466837,-2.50177909470286
-5.3217193274641055,13.254972436566437,-2.394566547480094
-5.365768044770061,13.253040796507253,-2.281445245165676
-5.401129141955245,13.251269542361943,-2.162766924573163
-5.428287555808369,13.249654923203149,-2.0388833225161096
-5.447728223118135,13.24819318810353,-1.9101461758080915
-5.459936080673258,13.246880586135743,-1.7769072212626575
-5.465396065262445,13.245713366372435,-1.6395181956933846
-5.464593113674401,13.244687777886261,-1.4983308359138179
-5.458012162697839,13.24380006974988,-1.3536968787375376
-5.44613814912147,13.243046491035942,-1.2059680609780976
-5.429456009733995,13.242423290817095,-1.0554961194490515
-5.408450681324131,13.241926718166,-0.9026327909639775
-5.383607100680579,13.241553022155305,-0.7477298123364212
-5.355410204592053,13.241298451857668,-0.5911389203799629
-5.324344929847262,13.241159256345739,-0.4332118519081554
-5.290896213234911,13.24113168469217,-0.2743003437345522
-5.255548991543712,13.24121198596962,-0.11475613267273381
-5.218788201562371,13.24139640925074,0.045069044463756425
-5.181098780079601,13.241681203608177,0.20482345086133813
-5.142965663884108,13.242062618114593,0.3641553497064574
-5.1048737897646,13.24253690184264,0.522713004185562
-5.067308094509786,13.243100303864964,0.6801446774850699
-5.030753514908375,13.243749073254229,0.8360986327914393
-4.9956949877490775,13.244479459083081,0.9902231332910885
-4.962617449820601,13.245287710424174,1.1421664421704638
-4.932005837911653,13.246170076350168,1.2915768226160131
-4.904345088810945,13.247122805933707,1.438102537814156
-4.880120139307184,13.248142148247455,1.5813918509513485
-4.8598159261890785,13.249224352364052,1.72109302521401
-4.843917386245338,13.25036566735616,1.8568543237885873
-4.83290945626467,13.25156234229643,1.9883240098615254
-4.827277073035786,13.252810626257519,2.115150346619248
-4.827505173347392,13.254106768312077,2.2369815972482057
-4.8340786939881975,13.255447017532756,2.3534660249348245
-4.847482571746912,13.256827622992212,2.464251892865548
-4.868201743412243,13.258244833763095,2.5689874642268196
-4.8967211457729,13.259694898918065,2.667321002205066
-4.933525715617593,13.26117406752977,2.758900769986736
-4.979100389735029,13.262678588670866,2.8433750307582564
-5.033930104913916,13.264204711414006,2.9203920477060707
-5.098499797942967,13.265748684831841,2.9896000840166206
-5.173294405610886,13.267306757997023,3.0506474028763355
-5.258798864706385,13.268875179982208,3.1031822674716607
-5.355498112018168,13.270450199860054,3.146852940989027
-5.4638770843349524,13.272028066703205,3.181307686614879
-5.584420718445436,13.273605029584324,3.206194767535649
-5.717612464834974,13.275177355178524,3.221162633939158
-5.8629372333200545,13.276753135997424,3.225985368834928
-6.017149854840638,13.278372797203081,3.220780544009057
-6.176542823598937,13.280082239466793,3.2057239008052316
-6.3374086337971285,13.281927363459868,3.1809911805671445
-6.496039779637416,13.283954069853607,3.1467581246384846
-6.648728755322,13.286208259319311,3.103200474362937
-6.791768055053065,13.288735832528285,3.050493971084197
-6.921838417911277,13.291575909458448,2.988833417659853
-7.038333366791772,13.294720231342266,2.9185468054820487
-7.141803622348002,13.29814032896354,2.8400189404493923
-7.232804217883216,13.301807657785677,2.753634840197051
-7.311890186700647,13.30569367327209,2.659779522360205
-7.379616562103538,13.309769830886186,2.5588380045740133
-7.436538377395131,13.314007586091376,2.4511953044736585
-7.4832106658786675,13.318378394351075,2.337236439694307
-7.52018846085739,13.322853711128687,2.217346427871121
-7.5480267956345335,13.327404991887624,2.091910286639285
-7.567280703513346,13.332003692091295,1.9613130336339555
-7.5785052177970655,13.336621267203114,1.8259396864903181
-7.582255371788932,13.341229172686486,1.686175262843537
-7.5790861987921865,13.345798864004822,1.5424047803287724
-7.569552732110071,13.350301796621537,1.395013256581213
-7.55421000504583,13.354709426000037,1.2443857092360133
-7.5336130509027,13.358993207603728,1.0909071559283585
-7.508316902983921,13.363124596896027,0.9349626142934042
-7.478876594592738,13.367075049340338,0.7769371019663384
-7.44584715903239,13.370816020400072,0.6172156365823214
-7.409783629606117,13.374318965538649,0.4561832357765171
-7.371241039617163,13.377555340219464,0.29422491718411203
-7.330774422368767,13.380496599905939,0.1317256984402604
-7.288938811164171,13.383114200061478,-0.030929402819850155
-7.246289239306616,13.385379596149491,-0.19335536896105748
-7.20338074009934,13.38726424363339,-0.3551671823481997
-7.1607683468455905,13.388739597976585,-0.5159798253460892
-7.1190070928486,13.389777114642477,-0.6754082803195719
-7.078652011411618,13.390348249094496,-0.8330675296334604
-7.040258135837882,13.390424456796035,-0.9885725556525925
-7.0043804994306305,13.389977193210509,-1.141538340741806
-6.971574135493105,13.388977913801327,-1.2915798672659127
-6.94239407732855,13.387398074031898,-1.43831211758976
-6.917395358240207,13.385209129365638,-1.58135007407816
-6.897133011531312,13.382382535265952,-1.7203087190959505
-6.88216207050511,13.37888974719625,-1.8548030350079678
-6.8730375684648415,13.374702220619941,-1.984448004179027
-6.870314538713748,13.369791411000442,-2.108858608973972
-6.874548014555067,13.364128773801156,-2.227649831757617
-6.886293029292044,13.357685764485495,-2.3404366548947992
-6.906104616227918,13.35043383851687,-2.4468340607503545
-6.934537808665929,13.342344451358692,-2.5464570316890995
-6.97214763990932,13.333389058474364,-2.6389205500758743
-7.01948914326133,13.323539115327302,-2.7238395982754984
-7.077117352025201,13.312766077380918,-2.8008291586528076
-7.145587299504177,13.301041400098615,-2.8695042135726334
-7.225454019001495,13.288336538943812,-2.9294797453997976
-7.3172725438203985,13.274622949379909,-2.980370736499136
-7.421597907264125,13.259872086870326,-3.021792169235474
-7.538985142635916,13.244055406878465,-3.0533590259736423
-7.669989283239023,13.227144364867742,-3.074686289078472
-7.814794061072295,13.209133961944307,-3.0853443945689523
-7.969525819895397,13.190276493796517,-3.084416999081486
-8.127811184797292,13.170982772880906,-3.0706878590606728
-8.283240111403078,13.151665937005632,-3.0429363315843356
-8.429402555337827,13.132739123978883,-2.9999417737303085
-8.559888472226625,13.114615471608813,-2.9404835425764144
-8.66831743975224,13.097702999122797,-2.863359736370055
-8.751798778320204,13.081806711252815,-2.7695763303695675
-8.814169152408795,13.065569152826692,-2.664395530020593
-8.860031187500391,13.047500513474438,-2.5535641460324507
-8.893987509077395,13.026110982826067,-2.442828989114442
-8.920640742622188,12.999910750511592,-2.3379368699758682
-8.94459351361717,12.967410006161034,-2.2446345993260493
-8.970448447544722,12.927118939404389,-2.168668987874281
-9.002808169887238,12.877547739871693,-2.115786846329881
-9.04583295134654,12.817332997685872,-2.090851948309095
-9.098951072385727,12.746463443661014,-2.089281977799851
-9.158722120466722,12.665747522165445,-2.100768078827384
-9.221677505857064,12.57600784373538,-2.1149603226595253
-9.285480047831372,12.478320222559384,-2.1251980416458607
-9.349835657725652,12.374217706566212,-2.1314826151775397
-9.414664797397757,12.265281359013622,-2.134515021893549
-9.479887928705542,12.15309224315942,-2.134996240432879
-9.54542551350687,12.039231422261373,-2.1336272494345168
-9.611198013659594,11.925279959577272,-2.1311090275374527
-9.67712589102157,11.812818918364897,-2.1281425533806746
-9.743130903679987,11.70325285835599,-2.1253589486962845
-9.809144304433293,11.59669347390887,-2.122877642458478
-9.875101568512763,11.492677503805583,-2.120590506611527
-9.940938190367131,11.390739070044546,-2.1183883774240067
-10.006589664445148,11.290412294624154,-2.1161620911644903
-10.071991485195548,11.191231299542821,-2.1138024841015532
-10.137079147067082,11.092730206798947,-2.11120039250377
-10.20178814450849,10.99444313839093,-2.1082466526397132
-10.266053971968512,10.89590421631718,-2.1048321007779585
-10.3298121238959,10.796647562576101,-2.1008475731870804
-10.392998094739387,10.696207299166103,-2.096183906135653
-10.455547378947715,10.59411754808558,-2.09073193589225
-10.517395470969639,10.489912431332936,-2.084382498725445
-10.57847786525389,10.383126070906586,-2.0770264309038153
-10.63873005624922,10.273292588804924,-2.0685545686959323
-10.69808753840436,10.159946107026363,-2.0588577483703716
-10.756485956964433,10.042622531398642,-2.047827526034509
-10.813886971556908,9.921165502064754,-2.035479639574419
-10.870307600605841,9.796073520049427,-2.0220940866127943
-10.925771954063437,9.667928974840603,-2.00798471676107
-10.9803041418819,9.537314255926244,-1.9934653796306816
-11.033928274013432,9.404811752794293,-1.9788499248330644
-11.086668460410245,9.271003854932692,-1.9644522019796533
-11.138548811024535,9.136472951829408,-1.9505860606818848
-11.18959343580851,9.001801432972373,-1.9375653505511932
-11.239826444714366,8.867571687849548,-1.9257039211990143
-11.289271947694322,8.734366105948883,-1.9153156222367844
-11.33795405470057,8.602767076758315,-1.9067143032759362
-11.385896875685319,8.473356989765813,-1.9002138139279088
-11.433124520600774,8.346718234459308,-1.8961280038041344
-11.479661099399133,8.223433200326763,-1.8947707225160497
-11.525530722032606,8.104084276856124,-1.8964558196750905
-11.57076667933686,7.98909014563988,-1.9013678762299238
-11.615443797427389,7.878128856579767,-1.9091066481395151
-11.659648642729872,7.770669113550876,-1.9191065854633098
-11.703467782387532,7.666179607633703,-1.9308021281577374
-11.746987783543586,7.564129029908728,-1.943627716179228
-11.79029521334126,7.463986071456433,-1.9570177894842125
-11.833476638923768,7.365219423357313,-1.9704067880291198
-11.876618627434336,7.267297776691846,-1.983229151770381
-11.919807746016176,7.1696898225405254,-1.994919320664425
-11.963130561812513,7.071864251983826,-2.004911734667682
-12.006673641966563,6.973289756102246,-2.012640833736582
-12.05052355362155,6.873435025976264,-2.0175410578275548
-12.094766863920697,6.771768752686365,-2.019046846897031
-12.139490140007217,6.66775962731304,-2.0165926409014405
-12.184779949024328,6.5608763409367645,-2.0096128797972126
-12.23068202106156,6.450662436438015,-1.997673300845419
-12.276976190925733,6.337148826345932,-1.9811945348602207
-12.32333585172436,6.220561524257557,-1.960939438819418
-12.369434114100285,6.101127061510262,-1.9376717778674575
-12.414944088696343,5.979071969441397,-1.91215531714878
-12.459538886155364,5.85462277938833,-1.8851538218078308
-12.502891617120206,5.72800602268842,-1.8574310569890529
-12.5446753922337,5.599448230679019,-1.8297507878368884
-12.584563322138681,5.4691759346975015,-1.8028767794957825
-12.622228517477996,5.337415666081211,-1.7775727971101771
-12.65734408889448,5.204393956167525,-1.7546026058245179
-12.689583147030973,5.070337336293797,-1.7347299707832469
-12.718618802530322,4.93547233779738,-1.7187186571308075
-12.744124166035357,4.8000254920156475,-1.7073324300116437
-12.76577234818892,4.664223330285946,-1.7013350545701982
-12.78323645963385,4.528292383945649,-1.7014902959509155
-12.796250361512259,4.3924593031957775,-1.7084788527037285
-12.80617003109277,4.256953912049404,-1.720763438931596
-12.816109283308764,4.122009473882737,-1.7344032067871071
-12.829269882852811,3.9878594241533554,-1.7453370511892352
-12.84882448172418,3.854758271069446,-1.7495755849514028
-12.87532589810622,3.724856847030483,-1.7495832712124118
-12.904663922446378,3.6036812413879806,-1.7593117456513774
-12.932249437494788,3.497103371977447,-1.7938915456118425
-12.955303323267088,3.4089147059252873,-1.8631806918678293
-12.976215442971473,3.336965367266885,-1.9619799727601563
-12.998292401333238,3.278051757153254,-2.0824197113582352
-13.02484080307768,3.2289702767354,-2.216630230731489
-13.059041287672894,3.186572344993148,-2.356788008012893
-13.10125823086406,3.1489394400421116,-2.496101408157124
-13.149083989140095,3.1153637744837974,-2.6287944726298353
-13.199993803321627,3.085188713514754,-2.7491341544431807
-13.251462914229295,3.0577576223315193,-2.8513874066093603
-13.301202451949203,3.032469560067388,-2.930445882022085
-13.348546043372417,3.0091066606609584,-2.9854980529316184
-13.393509779422214,2.9876121892009544,-3.017539744708898
-13.436112119735133,2.9679299700341435,-3.0275730557314016
-13.476371523947751,2.9500038275072904,-3.0166000843766185
-13.514306451696617,2.9337775859671558,-2.985622929022032
-13.54993536261829,2.919195069760507,-2.9356436880451278
-13.58327671634933,2.906200103234104,-2.86766445982338
-13.614348972526289,2.8947365107347163,-2.7826873427342877
-13.643170590785722,2.8847481166091034,-2.681714435155329
-13.669760030764193,2.8761787452040317,-2.5657478354639864
-13.694135752098255,2.8689722208662642,-2.435789642037744
-13.716316214424467,2.8630723679425647,-2.2928419532540714
-13.736319877379387,2.8584230107796995,-2.1379068674904826
-13.75416520059957,2.85496797372443,-1.9719864831244465
-13.76987064372157,2.8526510811235215,-1.7960828985334474
-13.78345466638195,2.851416157323738,-1.6111982120949686
-13.794935728217265,2.851207026671844,-1.4183345221864732
-13.80433228886407,2.851967513514603,-1.2184939271854869
-13.811662807958928,2.853641442198779,-1.012678525469474
-13.816945745138389,2.856172637071136,-0.801890415415917
-13.820199560039015,2.8595049224784383,-0.5871316954023016
-13.821442712297358,2.8635821227674505,-0.3694044638060859
-13.820693661549985,2.8683480622849364,-0.14971081900480204
-13.817970867433443,2.873746565377659,0.07094714062408759
-13.813292789584292,2.879721456392384,0.29156731670310143
-13.806677887639088,2.886216559675874,0.5111476108547544
-13.798144621234394,2.8931756995748947,0.7286859247015876
-13.78771145000676,2.9005427004362083,0.943180159866069
-13.77539683359275,2.9082613866065805,1.153628217970737
-13.76121923162891,2.9162755824327737,1.3590280006381077
-13.745197103751812,2.9245291122615527,1.5583774094906993
-13.727348909597998,2.9329658004396837,1.7506743461510479
-13.707693108804039,2.9415294713139275,1.9349167122416258
-13.686248161006484,2.9501639492310496,2.110102409384972
-13.663032525841896,2.9588130585378143,2.275229339203601
-13.638064662946821,2.9674206235809852,2.42929540332003
-13.611363031957826,2.9759304687073276,2.571298503356792
-13.582946092511463,2.9842864182636033,2.700236540936368
-13.552832304244294,2.992432296596578,2.8151074176812902
-13.521040126792872,3.000311928053015,2.9149090352140794
-13.487588019793755,3.0078691369796795,2.998639295157255
-13.452494442883502,3.015047747723334,3.0652960991333167
-13.415777855698668,3.0217915846307433,3.1138773487647913
-13.377467413560709,3.028048247000298,3.1434756650698676
-13.337709757326902,3.033806799657738,3.1542241035099097
-13.29672419342823,3.039081954129161,3.146899235066361
-13.254731106161687,3.0438888023643598,3.1222871761417963
-13.211950879824247,3.0482424363131306,3.0811740431387924
-13.168603898712897,3.0521579479252687,3.024345952459927
-13.124910547124614,3.055650429150568,2.9525890205077756
-13.081091209356387,3.058734971938827,2.866689363684904
-13.037366269705206,3.0614266682398386,2.76743309839391
-12.993956112468041,3.063740610003397,2.6556063410373567
-12.951081121941888,3.0656918891793,2.5319952080178254
-12.90896168242372,3.0672955977173415,2.397385815737889
-12.867818178210525,3.068566827567317,2.252564280600109
-12.827870993599287,3.069520670679023,2.098316719007094
-12.789340512886993,3.070172219002252,1.9354292473614036
-12.75244712037062,3.0705365644868006,1.7646879820656154
-12.717411200347156,3.070628799082465,1.5868790395223054
-12.684453137113579,3.07046401473904,1.4027885361340298
-12.65379331496688,3.0700573034063208,1.2132025883034048
-12.625652118204037,3.0694237570341016,1.0189073124329875
-12.600249931122038,3.068578467572178,0.8206888249253528
-12.577807138017864,3.0675365269703474,0.6193332421830798
-12.558544123188495,3.0663130271784023,0.4156266806087206
-12.542681270930917,3.0649230601461386,0.21035525660489696
-12.530438965542121,3.063381717823354,0.004305086574161954
-12.52203759131908,3.0617040921598404,-0.20173771308090638
-12.517697532558781,3.059905275105395,-0.40698702595773284
-12.51763917355821,3.058000358609812,-0.6106567356537628
-12.522082898614348,3.056004434622887,-0.8119607257663752
-12.53124909202418,3.053932595094417,-1.0101128798930166
-12.54535813808469,3.0517999319741946,-1.2043270816311091
-12.564630421092858,3.049621537212017,-1.3938172145780778
-12.589286325345672,3.0474125027576777,-1.577797162331366
-12.619546235140113,3.045187920560973,-1.7554808084883566
-12.655630534773163,3.0429628825716986,-1.9260820366464928
-12.697759608541805,3.0407524807396484,-2.0888147304031994
-12.74615384074303,3.0385718070146197,-2.2428927733559005
-12.801033615673818,3.0364359533464054,-2.3875300491020335
-12.86261931763115,3.034360011684803,-2.521940441238992
-12.931131330912006,3.0323590739796065,-2.645337833364213
-13.006790039813374,3.0304482321806114,-2.756936109075123
-13.089815828632243,3.0286425782376125,-2.8559491519691456
-13.180429081665594,3.0269572041004054,-2.941590845643711
-13.2788501832104,3.025407201718785,-3.0130750736962253
-13.385299517563656,3.024007663042549,-3.0696157197241223
-13.499997469022336,3.022773680021489,-3.110426667324825
-13.62305057594285,3.021717159111951,-3.1349181897045466
-13.752946938562614,3.020804657086631,-3.1453342847118995
-13.887473959009723,3.0199819895864595,-3.1458630105022327
-14.02485106499094,3.0192060916952,-3.1405748624783616
-14.163312529071892,3.0184342827632653,-3.133534877257229
-14.301117715188866,3.0176249759935425,-3.1287663130840575
-14.4376984287447,3.0167876969022713,-3.1283402552429997
-14.574134441397966,3.016003813711758,-3.1315838437917174
-14.711620528471057,3.0153594673629605,-3.137610078745164
-14.850022140776405,3.0148458856267197,-3.1442687586735842
-14.986455898424088,3.0142580310022096,-3.146797583379291
-15.117697958222395,3.0133665570624992,-3.140110724638601
-15.240524505540508,3.0119421196066227,-3.119122401542206
-15.352388950480803,3.009808155610755,-3.0798687354164813
-15.453176219229793,3.0069776082443354,-3.0224139392937452
-15.54331674228547,3.0035059358985383,-2.9477259181073863
-15.623240950145792,2.9994485969645397,-2.856772576790818
-15.693379273308752,2.994861049833513,-2.7505218202774278
-15.754162142272333,2.989798752896632,-2.629941553500613
-15.806019987534519,2.984317164545074,-2.4959996813937706
-15.849383239593285,2.97847174317001,-2.3496641088902797
-15.884682328946614,2.972317947162618,-2.1919027409235703
-15.912347686092483,2.965911234914071,-2.0236834824270216
-15.932809741528882,2.959307064815545,-1.8459742383340323
-15.946498925753783,2.952560895258213,-1.659742913577997
-15.953845669265172,2.94572818463325,-1.4659574130922919
-15.955280402561032,2.9388643913318315,-1.2655856418103553
-15.951233556139343,2.9320249737451323,-1.0595955046655643
-15.942135560498077,2.925265390264326,-0.8489549065913138
-15.928416846135228,2.9186410992805882,-0.6346317525210017
-15.910507843548768,2.912207559185092,-0.41759394738799865
-15.888838983236687,2.906020228369014,-0.19880939612575116
-15.863840695696963,2.9001345652235297,0.020753996332369823
-15.83594341142757,2.8946060281398105,0.24012832505296602
-15.805577560926496,2.889490075509033,0.4583456851026417
-15.773173574691718,2.8848421657223717,0.6744381715480249
-15.739161883221223,2.880717757171001,0.8874378794556692
-15.70397291701299,2.8771723082460965,1.096376903892204
-15.668037106564999,2.8742612773388316,1.3002873399242318
-15.631784882375229,2.872040122840382,1.4982012826183564
-15.59564667494166,2.8705643031419212,1.6891508270412023
-15.560052914762279,2.869889276634625,1.8721680682593296
-15.525434032335067,2.8700705017096673,2.0462851013393637
-15.492220458158002,2.871163436758224,2.2105340213479088
-15.460842622729064,2.8732235401714683,2.363946923351568
-15.431730956546236,2.8763062703405757,2.505555902416959
-15.405315890107499,2.8804670856567203,2.634393053610654
-15.382027853910838,2.8857614445110773,2.749490471999274
-15.362297278454223,2.892244805294821,2.8498802526494207
-15.346554594235648,2.899972626399126,2.9345944906276995
-15.335230231753087,2.9090003662151687,3.002665281000718
-15.328754621504523,2.919383483134121,3.0531247188350674
-15.327558193987935,2.9311774355471587,3.085004899197358
-15.332071379701308,2.944437681845457,3.097337917154193
-15.34272460914262,2.9592196804201905,3.0891558677721767
-15.359948312809854,2.9755788896625344,3.0594908461179076
-15.384172921200989,2.9935707679636616,3.007374947257995
-15.415828864814008,3.013250773714747,2.9318402662590413
-15.45534657414689,3.034674365306966,2.8319188981876504
-15.50315647969762,3.057897001131493,2.7066429381104236
-15.558745238867202,3.0831139955613813,2.5577690512264284
-15.615966856038009,3.111355355355988,2.403314758474475
-15.666856295237249,3.1439525137022843,2.2666685258465593
-15.708769768053115,3.182096509791715,2.158289059466699
-15.744027703279254,3.2268470310876296,2.076571414347222
-15.77514012903667,3.2792587483109044,2.0194498960928873
-15.804617073446376,3.3403863321824048,1.9848588103084759
-15.83496856462938,3.4112844534230096,1.9707324625987481
-15.868704630706691,3.4930077827535913,1.9750051585684696
-15.908335299799319,3.5866109908950237,1.9956112038224085
-15.95626219356753,3.6929692474502214,2.0303327349019726
-16.01299618525376,3.8098269911368123,2.0742978637283525
-16.07744170088202,3.9322686801722884,2.12037974834921
-16.14845209394752,4.05529420607985,2.1613798568149125
-16.22486285675411,4.1741888889420755,2.1905027786523754
-16.30528905271559,4.287760585460995,2.205928114180309
-16.388197213134113,4.397190751380681,2.209187786808859
-16.47205109369895,4.503705197784135,2.2018763646594968
-16.555314450099377,4.608529735754344,2.1855884158536902
-16.636451038024653,4.712890176374307,2.161918508512902
-16.713924613164032,4.818012330726985,2.132461210758608
-16.78619893120679,4.925122009895379,2.0988110907122715
-16.85200073203475,5.0352423525320535,2.062408516233305
-16.91129336112792,5.14844348996385,2.0239687739302474
-16.96440331060908,5.264515689500067,1.983994220094678
-17.01165712100672,5.383249181145402,1.9429871826355778
-17.05338133284935,5.504434194904591,1.9014499894619135
-17.089902486665483,5.6278609607823595,1.8598849684826586
-17.121547122983607,5.753319708783427,1.8187944476067839
-17.14864178233224,5.880600668912535,1.7786807547432582
-17.171513005239884,6.00949407117438,1.7400462178010618
-17.190487332235044,6.139790145573696,1.7033931646891627
-17.205891303846226,6.271279122115211,1.6692239233165334
-17.218051460601938,6.403751230803648,1.6380408215921456
-17.227294343030675,6.5369967016437425,1.610346187424968
-17.23394649166095,6.670805764640192,1.58664234872398
-17.238334447021266,6.804968649797734,1.5674316333981497
-17.24078474964013,6.939275587121093,1.5532163693564498
-17.241623940980176,7.073516807627576,1.5444988769091894
-17.24120357597628,7.2075096565627526,1.5415780053285464
-17.239965416698208,7.341169262351602,1.5440188177409215
-17.238371553298755,7.474432788755845,1.5512210193362055
-17.236884075930696,7.6072373995371825,1.5625843153042904
-17.235965074746822,7.739520258457319,1.5775084108350688
-17.236076639899903,7.871218529277971,1.5953930111184336
-17.237680861542742,8.002269375760813,1.6156378213442735
-17.24123982982811,8.132609961667564,1.637642546702482
-17.247215634908798,8.262177450759925,1.660806892382951
-17.256070366937585,8.390909006799598,1.6845305635755725
-17.268266116067263,8.518741793548303,1.7082132654702407
-17.2842649724506,8.645612974767712,1.7312547032568424
-17.304529026240395,8.771459714219544,1.753054582125272
-17.329520367589424,8.8962191756655,1.773012607265422
-17.359701086650475,9.019828522867286,1.7905284838671833
-17.39542835995534,9.142222457615459,1.8051012272944582
-17.435245303211833,9.263293111771246,1.8179470245650802
-17.47616205247342,9.382896643299873,1.8317331657546079
-17.515140546358314,9.500888079134246,1.8491725641440175
-17.549187563958235,9.61709569395144,1.8729936063946206
-17.577723551164475,9.729907745706532,1.9067575781418253
-17.60375912486512,9.83557056196416,1.9552646475961264
-17.630596734288275,9.930156360320845,2.0234156873637734
-17.661538828662014,10.0097373583731,2.1161115700510114
-17.699409503928166,10.071074029729202,2.2367868927858705
-17.743579032425554,10.115896218809104,2.3782893977490183
-17.791901000704872,10.148115981677659,2.528817796283006
-17.842222487428973,10.171654737966502,2.6765508513854703
-17.892390902791398,10.19043331216082,2.8096692793723257
-17.940729264260582,10.207518743575957,2.9191559878493942
-17.986985451821667,10.223420233264536,3.004388914406493
-18.031173045259163,10.238170011971269,3.0663114513749634
-18.073305624357612,10.251800310440872,3.105866991086176
-18.11339676890154,10.264343359418048,3.123998925871489
-18.15146005867549,10.275831389647514,3.1216506480622646
-18.187509073463985,10.28629663187398,3.0997655499898578
-18.221557393051558,10.295771316842153,3.059287023985632
-18.25361859722274,10.304287675296749,3.001158462380948
-18.283706265762056,10.311877937982471,2.9263232575071623
-18.311833978454054,10.318574335644037,2.8357248016956285
-18.338015315083247,10.324409099026155,2.730306487277722
-18.362263855434175,10.329414458873533,2.611011706584794
-18.384593179291368,10.333622645930882,2.4787838519482057
-18.405016866439357,10.337065890942919,2.334566315699317
-18.423548496662683,10.33977642465435,2.1793024901694684
-18.44020164974586,10.341786477809881,2.0139357676900547
-18.454989905473433,10.34312828115423,1.8394095405924187
-18.46792684362992,10.343834065432109,1.6566672012079193
-18.47902604399987,10.343936061388218,1.4666521418679181
-18.488301086367805,10.34346649976728,1.2703077549037525
-18.49576555051825,10.342457611313995,1.0685774326468245
-18.501433016235747,10.340941626773082,0.8624045674284726
-18.505317063304815,10.338950776889243,0.6527325515800573
-18.507431271510004,10.336517292407198,0.44050477743293603
-18.50778922063583,10.333673404071652,0.22666463731844755
-18.50640449046683,10.33045134262732,0.0121555235679989
-18.50329066078754,10.326883338818904,-0.20207917148707588
-18.498461311382478,10.323001623391123,-0.41509605551541595
-18.491930022036186,10.318838427088687,-0.6259517361856621
-18.483710372533192,10.314425980656301,-0.8337028211664753
-18.473815942658028,10.30979651483868,-1.0374059181264532
-18.46226031219523,10.304982260380536,-1.236117634734257
-18.44905706092932,10.300015448026574,-1.4288945786585279
-18.434219768644834,10.294928308521508,-1.6147933575679065
-18.417762015126304,10.289753072610049,-1.7928705791310504
-18.399697380158266,10.284521971036908,-1.9621828510165624
-18.380039443525238,10.279267234546793,-2.121786780893102
-18.358801785011767,10.274021093884421,-2.270738976429312
-18.335997984402375,10.268815779794497,-2.408096045293829
-18.31164162148159,10.263683523021728,-2.532914595155308
-18.285746276033958,10.258656554310834,-2.6442512336823616
-18.258325527843994,10.253767104406517,-2.7411625685436456
-18.229392956696238,10.249047404053494,-2.8227052074077994
-18.198962142375226,10.244529683996475,-2.8879357579434632
-18.16704666466547,10.240246174980165,-2.93591082781928
-18.133667556114894,10.236227573345694,-2.9657520763048013
-18.098951522584773,10.23248281900602,-2.9775035343951455
-18.06310372937509,10.22900469834313,-2.971894067936512
-18.02633120004116,10.22578561515424,-2.949668762595847
-17.9888409581383,10.222817973236575,-2.9115727040400983
-17.950840027221847,10.22009417638735,-2.8583509779362224
-17.912535430847132,10.217606628403797,-2.7907486699511654
-17.87413419256946,10.215347733083128,-2.709510865751878
-17.83584333594418,10.213309894222574,-2.6153826510053073
-17.79786988452659,10.21148551561935,-2.509109111378392
-17.760420861872046,10.209867001070679,-2.391435332538106
-17.72370329153585,10.208446754373783,-2.2631064001513863
-17.68792419707334,10.207217179325884,-2.1248673998851815
-17.65329060203983,10.206170679724204,-1.9774634174064438
-17.620009529990657,10.205299659365965,-1.821639538382104
-17.588288004481132,10.204596522048385,-1.6581408484791456
-17.5583330490666,10.204053671568692,-1.487712433364501
-17.53035168730237,10.2036635117241,-1.311099378705121
-17.504550942743773,10.203418446311836,-1.1290467701679539
-17.48113783894613,10.203310879129125,-0.9422996934199304
-17.46031939946477,10.20333321397318,-0.7516032341280381
-17.44230264785502,10.203477854641228,-0.5577024779592081
-17.427294607672206,10.203737204930489,-0.36134251058039
-17.415502302471648,10.204103668638187,-0.16326841765853334
-17.407132755808668,10.204569649561538,0.03577471513943553
-17.402392991238607,10.205127551497771,0.23504180214652132
-17.401490032316776,10.205769778244104,0.43378775769579736
-17.404630902598505,10.206488733597759,0.6312674961203144
-17.412022625639118,10.207276821355958,0.8267359317531238
-17.423872224993943,10.20812644531592,1.0194479789272943
-17.440386724218303,10.209030009274871,1.2086585519758364
-17.46177314686752,10.20997991703003,1.3936225652318206
-17.488238516496928,10.21096857237862,1.573594933028299
-17.519989856661844,10.211988379117862,1.7478305696983387
-17.557234190917598,10.213031741044976,1.9155843895749531
-17.60017854281951,10.214091061957188,2.076111306991212
-17.649029935922908,10.215158745651715,2.2286662362801652
-17.70399539378312,10.216227195925782,2.372504091774865
-17.76528193995548,10.217288816576609,2.5068797878083746
-17.833096597995286,10.218336011401417,2.6310482387137153
-17.907646391457888,10.219361184197432,2.744264358823952
-17.989138343898595,10.22035673876187,2.8457830624721363
-18.077779478872742,10.221315078891955,2.934859263991318
-18.173776819935668,10.22222860838491,3.0107478777145564
-18.277337390642668,10.223089731037954,3.072703817974883
-18.388668214549085,10.223890850648312,3.119981999105361
-18.50797631521024,10.224624371013203,3.151837335439037
-18.635357203996023,10.225284050060898,3.1677801950793167
-18.769703776531408,10.225878249498773,3.1700759161372463
-18.909175345832843,10.226424239181636,3.162670338657151
-19.05192076576497,10.226939415973385,3.1495332626637786
-19.196088890192414,10.227441176737933,3.134634488181873
-19.339828572979794,10.227946918339182,3.12194381523618
-19.481288667991763,10.228474037641046,3.1154310438514443
-19.61861897086034,10.229040024809597,3.119026575766914
-19.750081748785206,10.22967351272086,3.1319556310448355
-19.874156912732232,10.230424696512433,3.1443384311860947
-19.98934935209895,10.23134623461905,3.1452542371368835
-20.094538389078927,10.23247657814063,3.126187036622785
-20.189839126065376,10.233807288205803,3.0865573917585833
-20.275621251965,10.235320266009877,3.0274209004067276
-20.352254455684516,10.23699741274818,2.9498331604296735
-20.42010842613063,10.238820629616026,2.8548497696898725
-20.479552852210023,10.24077181780873,2.743526326049761
-20.530957422829413,10.242832878521615,2.616918427371819
-20.5746918268955,10.244985712949992,2.476081671518486
-20.61112575331499,10.247212222289189,2.3220716563522146
-20.640628890994574,10.249494307734519,2.1559439797354565
-20.663570928840976,10.251813870481302,1.9787542395306443
-20.680321555760884,10.254152811724852,1.7915580336002703
-20.691250460661003,10.25649303266049,1.5954109598067663
-20.696727332448038,10.258816434483535,1.3913686160125853
-20.697121860028695,10.261104918389302,1.1804866000801804
-20.69280373230967,10.263340385573112,0.9638205098719779
-20.684142638197667,10.265504737230282,0.7424259432504804
-20.671508266599396,10.26757987455613,0.5173584980781135
-20.65527030642156,10.269547698745974,0.2896737722173319
-20.635798446570856,10.271390110995135,0.060427363530587336
-20.613462375953983,10.273089012498925,-0.16932513011969402
-20.58863178347766,10.274626304452669,-0.39852811087100803
-20.561676358048576,10.27598388805168,-0.6261259808609279
-20.53296578857344,10.277143664491279,-0.8510631422270026
-20.50286976395895,10.278087534966781,-1.0722839971067786
-20.471757973111817,10.278797400673508,-1.288732947637828
-20.440000104938736,10.279255162806773,-1.4993543959576492
-20.407965848346418,10.279442722561901,-1.7030927442038157
-20.37602489224156,10.279341981134205,-1.8988923945138754
-20.34454692553087,10.278934839719007,-2.0856977490253743
-20.31390163712104,10.27820319951162,-2.26245320987588
-20.284458715918788,10.277128961707366,-2.4281031792029006
-20.256587850830815,10.275694027501563,-2.581592059144006
-20.230658730763814,10.273880298089525,-2.7218642518367404
-20.20704104462449,10.271669674666573,-2.847864159418667
-20.186104481319553,10.269044058428028,-2.958536184027306
-20.168218729755704,10.265985350569204,-3.052824727800218
-20.153753478839644,10.262475452285422,-3.1296741928749525
-20.143078417478073,10.258496264771995,-3.188028981389055
-20.136563234577707,10.25402968922425,-3.22683349548008
-20.13457761904523,10.249057626837494,-3.2450321372855626
-20.13749125978736,10.243561978807055,-3.241569308943058
-20.145673845710796,10.237524646328247,-3.215389412590113
-20.15949506572224,10.230927530596386,-3.1654368503642774
-20.179324608728397,10.223752532806794,-3.0906560244030863
-20.205532163635965,10.215981554154787,-2.989991336844106
-20.238487419351653,10.207596495835682,-2.862387189824876
-20.278540657293778,10.198551405301155,-2.7069205179484546
-20.32462422117126,10.186765297303848,-2.532351259453694
-20.373312991222928,10.166773740894527,-2.3635383160253114
-20.42146373336746,10.133722663832957,-2.222801446095105
-20.468399326059174,10.087303226458351,-2.1126176645521086
-20.51419493203491,10.028593106140471,-2.0294109842940156
-20.558925897629305,9.958670318633729,-1.969603940960777
-20.602667569176987,9.878612879692534,-1.929619070192338
-20.64549529301258,9.789498805071322,-1.9058789076286586
-20.687484415470713,9.692406110524496,-1.8948059889096815
-20.728710282886027,9.588412811806482,-1.8928228496753592
-20.769248241593136,9.478596924671685,-1.8963520255656392
-20.80917363792669,9.36403646487452,-1.9018160522204735
-20.848561818221295,9.245809448169425,-1.9056374652798098
-20.887487823065698,9.124993225136722,-1.9042421127890536
-20.925912054936234,9.002415742195796,-1.8952978149771718
-20.963508797233537,8.878282471385251,-1.8795721633957887
-20.99990843260942,8.752703375238198,-1.8583083637507443
-21.0347413437157,8.625788416287792,-1.8327496217478854
-21.067637913204198,8.497647557067149,-1.8041391430930505
-21.098228523726718,8.36839076010939,-1.773720133492083
-21.12614355793509,8.238127987947644,-1.7427357986508227
-21.151013398481137,8.106969203115023,-1.7124293442751097
-21.172468428016664,7.975024368144685,-1.6840439760707926
-21.190232301065546,7.842395615037197,-1.6586266432625378
-21.204470785991116,7.709147958635213,-1.636294028484512
-21.215480514324174,7.575335427314955,-1.6168874607814783
-21.22355813760324,7.441012047772909,-1.6002482270992697
-21.22900030736684,7.3062318467056,-1.5862176143837248
-21.232103675153482,7.17104885080951,-1.5746369095806763
-21.233164892501712,7.035517086781138,-1.56534739963596
-21.232480610950045,6.899690581316983,-1.5581903714954102
-21.230347482036986,6.763623361113524,-1.5530071121048608
-21.227062157301077,6.62736945286729,-1.5496389084101483
-21.222921288280837,6.490982883274767,-1.5479270473571074
-21.218221526514778,6.354517679032446,-1.5477128158915723
-21.213259523541428,6.218027866836828,-1.548837500959378
-21.208331930899313,6.081567473384399,-1.5511423895063603
-21.203735400126952,5.945190525371683,-1.5544687684783531
-21.199766582762866,5.808951049495161,-1.5586579248211914
-21.196722130345584,5.6729030724513345,-1.5635511454807105
-21.194898694413624,5.537100620936699,-1.568989717402745
-21.1945326671686,5.401581975668284,-1.5748232358610321
-21.195580097480413,5.266312162651654,-1.580939948800308
-21.197915570458964,5.1312349211215675,-1.5872393360783235
-21.201413662271907,4.996293987976151,-1.5936208787857504
-21.205948949086896,4.861433100113536,-1.5999840580132618
-21.211396007071556,4.726595994431832,-1.6062283548515286
-21.21762941239356,4.5917264078292,-1.612253250391223
-21.22452374122055,4.456768077203754,-1.6179582257230176
-21.231953569720165,4.321664739453621,-1.623242761937584
-21.239793474060065,4.186360131476931,-1.6280063401255949
-21.247918030407895,4.050797990171798,-1.6321484413777225
-21.256201814931305,3.9149220524363795,-1.6355685467846377
-21.264519403797948,3.7786760551687903,-1.638166137437014
-21.272745373175464,3.6420037352671586,-1.6398406944255224
-21.28075429923151,3.504848829629598,-1.640491698840836
-21.28842075813373,3.367155075154267,-1.640018631773626
-21.295619542699626,3.2288667199864096,-1.6383217303004511
-21.302383571624055,3.090301155384857,-1.6358530016917279
-21.3091830216773,2.9528076077668306,-1.6345902374670187
-21.316563018982826,2.8179121679279198,-1.6367727601477982
-21.325068689664093,2.6871409266637625,-1.6446398922555374
-21.335245159844558,2.5620199747699486,-1.66043095631171
-21.347637555647683,2.444075403042084,-1.6863852748377877
-21.36279100319694,2.3348333022757752,-1.7247421703552432
-21.381215336616897,2.2357285446335218,-1.7775841890785542
-21.402996090259208,2.1470993218250936,-1.8451090264464916
-21.42793824384688,2.068558680752754,-1.9262680807203945
-21.455841785355208,1.9997067662328436,-2.0199905755102443
-21.486506702759513,1.940143723081701,-2.1252057344260233
-21.519732984035095,1.8894696961156618,-2.2408427810777245
-21.555320617157246,1.847284830151076,-2.3658309390753045
-21.593069590101287,1.8131892700042767,-2.499099432028756
-21.632779890842507,1.7867831604916045,-2.63957748354806
-21.674251507356217,1.7676666464293989,-2.7861943172431984
-21.717284427617727,1.7554398726339973,-2.9378791567241693
-21.761678639602334,1.749702983921743,-3.093561225600919
-21.80723413128534,1.7500561251089743,-3.252169747483447
-21.853750890642054,1.7560994410120296,-3.412633945981733
-21.90102890564778,1.767433076447249,-3.573883044705759
-21.948868164277823,1.7836571762309743,-3.7348462672655227
-21.997068654507487,1.8043718851795416,-3.894452837270972
-22.04543036431207,1.8291773481092917,-4.051631978332104
-22.09375328166689,1.8576737098365643,-4.205312914058899
-22.141837394547238,1.8894611151776994,-4.354424868061341
-22.189482690928415,1.924139708949039,-4.497897063949422
-22.236489158785744,1.9613096359669169,-4.634658725333097
-22.282656786094513,2.0005710410476754,-4.76363907582236
-22.32778556083003,2.0415240690076546,-4.883767339027194
-22.37167547096761,2.083768864663194,-4.993972738557579
-22.41412650448254,2.126905572830637,-5.093184498023504
-22.454938649350133,2.1705343383263145,-5.180331841034932
-22.493911893545693,2.2142553059665713,-5.254343991201854
-22.530846225044527,2.2576686205677468,-5.314150172134253
-22.56554163182193,2.300374426946179,-5.358679607442108
-22.597798101853225,2.3419728699182145,-5.386861520735404
-22.627415623113695,2.382064094300182,-5.397625135624114
-22.654194183578653,2.420248244908426,-5.389899675718224
-22.6779337712234,2.4561254665592855,-5.3626143646277145
-22.698434374023243,2.489295904069102,-5.3146984259625665
-22.715495979953495,2.519359702254216,-5.245081083332756
-22.728918576989447,2.5459170059309626,-5.152691560348275
-22.73850215310641,2.5685679599156837,-5.0364590806191005
-22.744046696279682,2.586912709024718,-4.895312867755212
-22.745352194484575,2.600551398074407,-4.728182145366594
-22.74221863569639,2.60908417188109,-4.5339961370632
-22.73444600789043,2.612111175261104,-4.311684066455055
-22.721834299042,2.609232553030791,-4.060175157152124
-22.7041834971264,2.6000484500064895,-3.7783986327643833
-22.68129359011895,2.58415901100454,-3.4652837169018174
-22.652964565994935,2.561164380841279,-3.1197596331743673
-22.618996412729675,2.5306647043330512,-2.7407556051920885
-22.57918911829846,2.492260126296194,-2.3272008565649265
-22.533342670676603,2.4455507915470456,-1.8780246109028642
-22.4812570578394,2.3901368449019413,-1.3921560918158242
-22.422732267762168,2.3256184311772317,-0.8685245229138969
-22.357568288420204,2.25159569518925,-0.30605912780701106
-22.28556510778881,2.167668781754337,0.2963108698948518
-22.206522713843295,2.073437835688832,0.9396562465817109
-22.120241094558963,1.9685030018090632,1.6250477786436635
-22.02652023791111,1.8524644249313913,2.3535562424705754
-21.925160131875057,1.7249222498721468,3.1262524144525408
