t,x,y,yaw,speed,yaw_rate,a_lat,planner,min_d,track_error,fre_min_d,fgm_min_d,fre_track,fgm_track,collision
0.000102311,-9.99917,7.475,0,0.118906,0,0,FGM,0.411629,0.14929,0.407659,0.411629,0.0473625,0.14929,0
0.00406052,-9.99917,7.475,0,0.118906,0,0,FGM,0.411629,0.14929,0.407659,0.411629,0.0473625,0.14929,0
0.00881705,-9.9975,7.475,8.83539e-05,0.214006,0.0207467,0.00443992,FGM,0.411629,0.14929,0.407659,0.411629,0.0473625,0.14929,0
0.0119869,-9.9975,7.475,8.83539e-05,0.214006,0.0207467,0.00443992,FGM,0.411629,0.14929,0.407659,0.411629,0.0473625,0.14929,0
0.0160927,-9.9975,7.475,8.83539e-05,0.214006,0.0207467,0.00443992,FGM,0.411629,0.14929,0.407659,0.411629,0.0473625,0.14929,0
0.0199403,-9.99489,7.475,0.000476593,0.309106,0.0599935,0.0185444,FGM,0.411629,0.14929,0.407659,0.411629,0.0473625,0.14929,0
0.0241091,-9.99489,7.475,0.000476593,0.309106,0.0599935,0.0185444,FGM,0.411629,0.14929,0.407659,0.411629,0.0473625,0.14929,0
0.0290541,-9.99132,7.475,0.00135034,0.404206,0.117878,0.0476472,FGM,0.416426,0.161684,0.325571,0.416426,0.0473625,0.161684,0
0.0322043,-9.99132,7.475,0.00135034,0.404206,0.117878,0.0476472,FGM,0.416426,0.161684,0.325571,0.416426,0.0473625,0.161684,0
0.0359511,-9.99132,7.475,0.00135034,0.404206,0.117878,0.0476472,FGM,0.416426,0.161684,0.325571,0.416426,0.0473625,0.161684,0
0.0401653,-9.9868,7.47501,0.00243955,0.499306,0.0969089,0.0483872,FGM,0.416426,0.161684,0.325571,0.416426,0.0473625,0.161684,0
0.0439291,-9.9868,7.47501,0.00243955,0.499306,0.0969089,0.0483872,FGM,0.416426,0.161684,0.325571,0.416426,0.0473625,0.161684,0
0.0487538,-9.98134,7.47507,0.00354866,0.593944,0.0608853,0.0361625,FGM,0.416426,0.161684,0.325571,0.416426,0.0473625,0.161684,0
0.0520369,-9.98134,7.47507,0.00354866,0.593944,0.0608853,0.0361625,FGM,0.416426,0.161684,0.325571,0.416426,0.0473625,0.161684,0
0.0559121,-9.98134,7.47507,0.00354866,0.593944,0.0608853,0.0361625,FGM,0.416426,0.161684,0.325571,0.416426,0.0473625,0.161684,0
0.0603131,-9.97495,7.47526,0.00459834,0.684082,0.106505,0.0728579,FGM,0.416426,0.161684,0.325571,0.416426,0.0473625,0.161684,0
0.0642539,-9.97495,7.47526,0.00459834,0.684082,0.106505,0.0728579,FGM,0.416426,0.161684,0.325571,0.416426,0.0473625,0.161684,0
0.0689767,-9.96768,7.47551,0.00572874,0.769933,0.105138,0.0809493,FGM,0.416426,0.161684,0.325571,0.416426,0.0473625,0.161684,0
0.072202,-9.96768,7.47551,0.00572874,0.769933,0.105138,0.0809493,FGM,0.416426,0.161684,0.325571,0.416426,0.0473625,0.161684,0
0.0761353,-9.96768,7.47551,0.00572874,0.769933,0.105138,0.0809493,FGM,0.416426,0.161684,0.325571,0.416426,0.0473625,0.161684,0
0.0802257,-9.95958,7.47576,0.00679899,0.851702,0.121155,0.103188,FGM,0.423818,0.196457,0.125851,0.423818,0.0473625,0.196457,0
0.0840455,-9.95958,7.47576,0.00679899,0.851702,0.121155,0.103188,FGM,0.423818,0.196457,0.125851,0.423818,0.0473625,0.196457,0
0.0892438,-9.95067,7.47604,0.00807874,0.931318,0.122226,0.113832,FGM,0.423818,0.196457,0.125851,0.423818,0.0473625,0.196457,0
0.0921172,-9.95067,7.47604,0.00807874,0.931318,0.122226,0.113832,FGM,0.423818,0.196457,0.125851,0.423818,0.0473625,0.196457,0
0.0964229,-9.95067,7.47604,0.00807874,0.931318,0.122226,0.113832,FGM,0.423818,0.196457,0.125851,0.423818,0.0473625,0.196457,0
0.10011,-9.94098,7.47635,0.0093138,1.00715,0.137257,0.138239,FGM,0.423818,0.196457,0.125851,0.423818,0.0473625,0.196457,0
0.103927,-9.94098,7.47635,0.0093138,1.00715,0.137257,0.138239,FGM,0.423818,0.196457,0.125851,0.423818,0.0473625,0.196457,0
0.108836,-9.93055,7.47669,0.0107618,1.07937,0.139622,0.150704,FGM,0.423818,0.196457,0.125851,0.423818,0.0473625,0.196457,0
0.111826,-9.93055,7.47669,0.0107618,1.07937,0.139622,0.150704,FGM,0.423818,0.196457,0.125851,0.423818,0.0473625,0.196457,0
0.115862,-9.93055,7.47669,0.0107618,1.07937,0.139622,0.150704,FGM,0.423818,0.196457,0.125851,0.423818,0.0473625,0.196457,0
0.120033,-9.91942,7.47706,0.0121653,1.14816,0.153694,0.176465,FGM,0.423818,0.196457,0.125851,0.423818,0.0473625,0.196457,0
0.123889,-9.91942,7.47706,0.0121653,1.14816,0.153694,0.176465,FGM,0.423818,0.196457,0.125851,0.423818,0.0473625,0.196457,0
0.12873,-9.90762,7.47747,0.0137802,1.21368,0.156328,0.189732,FGM,0.422542,0.230197,0,0.422542,0.0473625,0.230197,0
0.132136,-9.90762,7.47747,0.0137802,1.21368,0.156328,0.189732,FGM,0.422542,0.230197,0,0.422542,0.0473625,0.230197,0
0.135993,-9.90762,7.47747,0.0137802,1.21368,0.156328,0.189732,FGM,0.422542,0.230197,0,0.422542,0.0473625,0.230197,0
0.140059,-9.89517,7.47791,0.0153446,1.27755,0.169317,0.216311,FGM,0.422542,0.230197,0,0.422542,0.0473625,0.230197,0
0.143962,-9.89517,7.47791,0.0153446,1.27755,0.169317,0.216311,FGM,0.422542,0.230197,0,0.422542,0.0473625,0.230197,0
0.148706,-9.8821,7.4784,0.0171165,1.33838,0.171938,0.230118,FGM,0.422542,0.230197,0,0.422542,0.0473625,0.230197,0
0.151941,-9.8821,7.4784,0.0171165,1.33838,0.171938,0.230118,FGM,0.422542,0.230197,0,0.422542,0.0473625,0.230197,0
0.156015,-9.8821,7.4784,0.0171165,1.33838,0.171938,0.230118,FGM,0.422542,0.230197,0,0.422542,0.0473625,0.230197,0
0.160028,-9.86844,7.47892,0.0188317,1.39632,0.184137,0.257115,FGM,0.422542,0.230197,0,0.422542,0.0473625,0.230197,0
0.163987,-9.86844,7.47892,0.0188317,1.39632,0.184137,0.257115,FGM,0.422542,0.230197,0,0.422542,0.0473625,0.230197,0
0.168656,-9.85421,7.47949,0.0207519,1.4515,0.186485,0.270683,FGM,0.422542,0.230197,0,0.422542,0.0473625,0.230197,0
0.172053,-9.85421,7.47949,0.0207519,1.4515,0.186485,0.270683,FGM,0.422542,0.230197,0,0.422542,0.0473625,0.230197,0
0.175928,-9.85421,7.47949,0.0207519,1.4515,0.186485,0.270683,FGM,0.424849,0.265699,0,0.424849,0.0473625,0.265699,0
0.180216,-9.83945,7.4801,0.022607,1.50406,0.197872,0.297612,FGM,0.424849,0.265699,0,0.424849,0.0473625,0.265699,0
0.184039,-9.83945,7.4801,0.022607,1.50406,0.197872,0.297612,FGM,0.424849,0.265699,0,0.424849,0.0473625,0.265699,0
0.188738,-9.82416,7.48076,0.0246622,1.55688,0.199707,0.31092,FGM,0.424849,0.265699,0,0.424849,0.0473625,0.265699,0
0.19208,-9.82416,7.48076,0.0246622,1.55688,0.199707,0.31092,FGM,0.424849,0.265699,0,0.424849,0.0473625,0.265699,0
0.196033,-9.82416,7.48076,0.0246622,1.55688,0.199707,0.31092,FGM,0.424849,0.265699,0,0.424849,0.0473625,0.265699,0
0.200212,-9.80835,7.48147,0.026645,1.60718,0.210311,0.338007,FGM,0.424849,0.265699,0,0.424849,0.0473625,0.265699,0
0.204088,-9.80835,7.48147,0.026645,1.60718,0.210311,0.338007,FGM,0.424849,0.265699,0,0.424849,0.0473625,0.265699,0
0.208752,-9.79206,7.48223,0.0288264,1.65509,0.212153,0.351132,FGM,0.424849,0.265699,0,0.424849,0.0473625,0.265699,0
0.212095,-9.79206,7.48223,0.0288264,1.65509,0.212153,0.351132,FGM,0.424849,0.265699,0,0.424849,0.0473625,0.265699,0
0.216132,-9.79206,7.48223,0.0288264,1.65509,0.212153,0.351132,FGM,0.424849,0.265699,0,0.424849,0.0473625,0.265699,0
0.220046,-9.7753,7.48303,0.0309298,1.70072,0.222273,0.378025,FGM,0.424849,0.265699,0,0.424849,0.0473625,0.265699,0
0.224007,-9.7753,7.48303,0.0309298,1.70072,0.222273,0.378025,FGM,0.424849,0.265699,0,0.424849,0.0473625,0.265699,0
0.228797,-9.75809,7.4839,0.0332308,1.74419,0.223806,0.390359,FGM,0.428099,0.288391,0.174665,0.428099,0.0473625,0.288391,0
0.232103,-9.75809,7.4839,0.0332308,1.74419,0.223806,0.390359,FGM,0.428099,0.288391,0.174665,0.428099,0.0473625,0.288391,0
0.236051,-9.75809,7.4839,0.0332308,1.74419,0.223806,0.390359,FGM,0.428099,0.288391,0.174665,0.428099,0.0473625,0.288391,0
0.240092,-9.74047,7.48481,0.0354468,1.78522,0.233431,0.416725,FGM,0.428099,0.288391,0.174665,0.428099,0.0473625,0.288391,0
0.244135,-9.74047,7.48481,0.0354468,1.78522,0.233431,0.416725,FGM,0.428099,0.288391,0.174665,0.428099,0.0473625,0.288391,0
0.248796,-9.72245,7.48579,0.037859,1.8243,0.234604,0.427987,FGM,0.428099,0.288391,0.174665,0.428099,0.0473625,0.288391,0
0.252017,-9.72245,7.48579,0.037859,1.8243,0.234604,0.427987,FGM,0.428099,0.288391,0.174665,0.428099,0.0473625,0.288391,0
0.256221,-9.72245,7.48579,0.037859,1.8243,0.234604,0.427987,FGM,0.428099,0.288391,0.174665,0.428099,0.0473625,0.288391,0
0.260073,-9.70405,7.48682,0.0401788,1.86152,0.243658,0.453574,FGM,0.428099,0.288391,0.174665,0.428099,0.0473625,0.288391,0
0.264038,-9.70405,7.48682,0.0401788,1.86152,0.243658,0.453574,FGM,0.428099,0.288391,0.174665,0.428099,0.0473625,0.288391,0
0.26869,-9.68529,7.48792,0.0426926,1.89697,0.244462,0.463736,FGM,0.428099,0.288391,0.174665,0.428099,0.0473625,0.288391,0
0.272488,-9.68529,7.48792,0.0426926,1.89697,0.244462,0.463736,FGM,0.428099,0.288391,0.174665,0.428099,0.0473625,0.288391,0
0.275956,-9.68529,7.48792,0.0426926,1.89697,0.244462,0.463736,FGM,0.428099,0.288391,0.174665,0.428099,0.0473625,0.288391,0
0.280249,-9.66619,7.48907,0.0451075,1.93073,0.253042,0.488556,FGM,0.42575,0.32601,0.265311,0.42575,0.0473625,0.32601,0
0.284194,-9.66619,7.48907,0.0451075,1.93073,0.253042,0.488556,FGM,0.42575,0.32601,0.265311,0.42575,0.0473625,0.32601,0
0.288935,-9.64673,7.49029,0.0477073,1.96864,0.252677,0.49743,FGM,0.42575,0.32601,0.265311,0.42575,0.0473625,0.32601,0
0.292101,-9.64673,7.49029,0.0477073,1.96864,0.252677,0.49743,FGM,0.42575,0.32601,0.265311,0.42575,0.0473625,0.32601,0
0.295995,-9.64673,7.49029,0.0477073,1.96864,0.252677,0.49743,FGM,0.42575,0.32601,0.265311,0.42575,0.0473625,0.32601,0
0.299991,-9.6269,7.49157,0.0502007,2.00475,0.26043,0.522097,FGM,0.42575,0.32601,0.265311,0.42575,0.0473625,0.32601,0
0.303976,-9.6269,7.49157,0.0502007,2.00475,0.26043,0.522097,FGM,0.42575,0.32601,0.265311,0.42575,0.0473625,0.32601,0
0.308747,-9.60673,7.49293,0.0528806,2.03914,0.260915,0.532043,FGM,0.42575,0.32601,0.265311,0.42575,0.0473625,0.32601,0
0.311916,-9.60673,7.49293,0.0528806,2.03914,0.260915,0.532043,FGM,0.42575,0.32601,0.265311,0.42575,0.0473625,0.32601,0
0.316063,-9.60673,7.49293,0.0528806,2.03914,0.260915,0.532043,FGM,0.42575,0.32601,0.265311,0.42575,0.0473625,0.32601,0
0.320138,-9.58622,7.49434,0.0553299,2.0719,0.231736,0.480134,FGM,0.42575,0.32601,0.265311,0.42575,0.0473625,0.32601,0
0.324031,-9.58622,7.49434,0.0553299,2.0719,0.231736,0.480134,FGM,0.42575,0.32601,0.265311,0.42575,0.0473625,0.32601,0
0.329007,-9.5654,7.49578,0.0574281,2.1031,0.177579,0.373465,FGM,0.463283,0.297167,0.0654943,0.463283,0.0473625,0.297167,0
0.332008,-9.5654,7.49578,0.0574281,2.1031,0.177579,0.373465,FGM,0.463283,0.297167,0.0654943,0.463283,0.0473625,0.297167,0
0.336003,-9.5654,7.49578,0.0574281,2.1031,0.177579,0.373465,FGM,0.463283,0.297167,0.0654943,0.463283,0.0473625,0.297167,0
0.340316,-9.54424,7.49722,0.0589848,2.13754,0.150892,0.322538,FGM,0.463283,0.297167,0.0654943,0.463283,0.0473625,0.297167,0
0.344085,-9.54424,7.49722,0.0589848,2.13754,0.150892,0.322538,FGM,0.463283,0.297167,0.0654943,0.463283,0.0473625,0.297167,0
0.349097,-9.52275,7.49869,0.0604494,2.17034,0.128945,0.279855,FGM,0.463283,0.297167,0.0654943,0.463283,0.0473625,0.297167,0
0.352021,-9.52275,7.49869,0.0604494,2.17034,0.128945,0.279855,FGM,0.463283,0.297167,0.0654943,0.463283,0.0473625,0.297167,0
0.355991,-9.52275,7.49869,0.0604494,2.17034,0.128945,0.279855,FGM,0.463283,0.297167,0.0654943,0.463283,0.0473625,0.297167,0
0.359967,-9.50094,7.50018,0.0616217,2.20158,0.121205,0.266842,FGM,0.463283,0.297167,0.0654943,0.463283,0.0473625,0.297167,0
0.36405,-9.50094,7.50018,0.0616217,2.20158,0.121205,0.266842,FGM,0.463283,0.297167,0.0654943,0.463283,0.0473625,0.297167,0
0.368956,-9.47883,7.50171,0.0628534,2.23133,0.110858,0.247362,FGM,0.463283,0.297167,0.0654943,0.463283,0.0473625,0.297167,0
0.372136,-9.47883,7.50171,0.0628534,2.23133,0.110858,0.247362,FGM,0.463283,0.297167,0.0654943,0.463283,0.0473625,0.297167,0
0.375854,-9.47883,7.50171,0.0628534,2.23133,0.110858,0.247362,FGM,0.463283,0.297167,0.0654943,0.463283,0.0473625,0.297167,0
0.379886,-9.45643,7.50326,0.0638824,2.25967,0.110254,0.249138,FGM,0.465361,0.223168,0,0.465361,0.0473625,0.223168,0
0.384009,-9.45643,7.50326,0.0638824,2.25967,0.110254,0.249138,FGM,0.465361,0.223168,0,0.465361,0.0473625,0.223168,0
0.388664,-9.43374,7.50486,0.065028,2.29009,0.1043,0.238856,FGM,0.465361,0.223168,0,0.465361,0.0473625,0.223168,0
0.3919,-9.43374,7.50486,0.065028,2.29009,0.1043,0.238856,FGM,0.465361,0.223168,0,0.465361,0.0473625,0.223168,0
0.395807,-9.43374,7.50486,0.065028,2.29009,0.1043,0.238856,FGM,0.465361,0.223168,0,0.465361,0.0473625,0.223168,0
0.400242,-9.41075,7.50648,0.0660061,2.31906,0.106363,0.246662,FGM,0.465361,0.223168,0,0.465361,0.0473625,0.223168,0
0.403905,-9.41075,7.50648,0.0660061,2.31906,0.106363,0.246662,FGM,0.465361,0.223168,0,0.465361,0.0473625,0.223168,0
0.408816,-9.38748,7.50815,0.0671249,2.34665,0.102478,0.24048,FGM,0.465361,0.223168,0,0.465361,0.0473625,0.223168,0
0.411977,-9.38748,7.50815,0.0671249,2.34665,0.102478,0.24048,FGM,0.465361,0.223168,0,0.465361,0.0473625,0.223168,0
0.415966,-9.38748,7.50815,0.0671249,2.34665,0.102478,0.24048,FGM,0.465361,0.223168,0,0.465361,0.0473625,0.223168,0
0.420076,-9.36394,7.50984,0.0680907,2.37293,0.105835,0.251139,FGM,0.465361,0.223168,0,0.465361,0.0473625,0.223168,0
0.423982,-9.36394,7.50984,0.0680907,2.37293,0.105835,0.251139,FGM,0.465361,0.223168,0,0.465361,0.0473625,0.223168,0
0.428773,-9.34015,7.51159,0.0692098,2.39796,0.102819,0.246557,FGM,0.389628,0.382,0.43681,0.389628,0.387267,0.382,0
0.432213,-9.34015,7.51159,0.0692098,2.39796,0.102819,0.246557,FGM,0.389628,0.382,0.43681,0.389628,0.387267,0.382,0
0.436075,-9.34015,7.51159,0.0692098,2.39796,0.102819,0.246557,FGM,0.389628,0.382,0.43681,0.389628,0.387267,0.382,0
0.440016,-9.3161,7.51336,0.0701803,2.42523,0.106324,0.257861,FGM,0.389628,0.382,0.43681,0.389628,0.387267,0.382,0
0.443959,-9.3161,7.51336,0.0701803,2.42523,0.106324,0.257861,FGM,0.389628,0.382,0.43681,0.389628,0.387267,0.382,0
0.448612,-9.29179,7.51519,0.0713055,2.4512,0.103621,0.253997,FGM,0.389628,0.382,0.43681,0.389628,0.387267,0.382,0
0.45193,-9.29179,7.51519,0.0713055,2.4512,0.103621,0.253997,FGM,0.389628,0.382,0.43681,0.389628,0.387267,0.382,0
0.455974,-9.29179,7.51519,0.0713055,2.4512,0.103621,0.253997,FGM,0.389628,0.382,0.43681,0.389628,0.387267,0.382,0
0.459907,-9.26722,7.51704,0.0722856,2.47594,0.107603,0.266419,FGM,0.389628,0.382,0.43681,0.389628,0.387267,0.382,0
0.46394,-9.26722,7.51704,0.0722856,2.47594,0.107603,0.266419,FGM,0.389628,0.382,0.43681,0.389628,0.387267,0.382,0
0.468579,-9.24242,7.51895,0.0734262,2.4995,0.105211,0.262974,FGM,0.389628,0.382,0.43681,0.389628,0.387267,0.382,0
0.471826,-9.24242,7.51895,0.0734262,2.4995,0.105211,0.262974,FGM,0.389628,0.382,0.43681,0.389628,0.387267,0.382,0
0.475833,-9.24242,7.51895,0.0734262,2.4995,0.105211,0.262974,FGM,0.389628,0.382,0.43681,0.389628,0.387267,0.382,0
0.479934,-9.21739,7.52089,0.0744223,2.52194,0.109347,0.275768,FGM,0.387651,0.384921,0.432303,0.387651,0.387267,0.384921,0
0.483802,-9.21739,7.52089,0.0744223,2.52194,0.109347,0.275768,FGM,0.387651,0.384921,0.432303,0.387651,0.387267,0.384921,0
0.4887,-9.1921,7.52288,0.0755754,2.55026,0.106412,0.271379,FGM,0.387651,0.384921,0.432303,0.387651,0.387267,0.384921,0
0.491927,-9.1921,7.52288,0.0755754,2.55026,0.106412,0.271379,FGM,0.387651,0.384921,0.432303,0.387651,0.387267,0.384921,0
0.495977,-9.1921,7.52288,0.0755754,2.55026,0.106412,0.271379,FGM,0.387651,0.384921,0.432303,0.387651,0.387267,0.384921,0
0.499785,-9.16655,7.52491,0.0765824,2.57724,0.110038,0.283595,FGM,0.387651,0.384921,0.432303,0.387651,0.387267,0.384921,0
0.503824,-9.16655,7.52491,0.0765824,2.57724,0.110038,0.283595,FGM,0.387651,0.384921,0.432303,0.387651,0.387267,0.384921,0
0.508689,-9.14073,7.527,0.0777471,2.60294,0.107776,0.280534,FGM,0.387651,0.384921,0.432303,0.387651,0.387267,0.384921,0
0.511881,-9.14073,7.527,0.0777471,2.60294,0.107776,0.280534,FGM,0.387651,0.384921,0.432303,0.387651,0.387267,0.384921,0
0.515904,-9.14073,7.527,0.0777471,2.60294,0.107776,0.280534,FGM,0.387651,0.384921,0.432303,0.387651,0.387267,0.384921,0
0.519949,-9.11466,7.52912,0.0787689,2.62741,0.111774,0.293676,FGM,0.387651,0.384921,0.432303,0.387651,0.387267,0.384921,0
0.523959,-9.11466,7.52912,0.0787689,2.62741,0.111774,0.293676,FGM,0.387651,0.384921,0.432303,0.387651,0.387267,0.384921,0
0.528943,-9.08836,7.5313,0.079953,2.65072,0.109731,0.290867,FRENET,0.442718,0.387267,0.442718,0.329417,0.387267,0.423852,0
0.531892,-9.08836,7.5313,0.079953,2.65072,0.109731,0.290867,FRENET,0.442718,0.387267,0.442718,0.329417,0.387267,0.423852,0
0.53583,-9.08836,7.5313,0.079953,2.65072,0.109731,0.290867,FRENET,0.442718,0.387267,0.442718,0.329417,0.387267,0.423852,0
0.539928,-9.06194,7.5335,0.081002,2.65255,0.116727,0.309624,FRENET,0.442718,0.387267,0.442718,0.329417,0.387267,0.423852,0
0.543887,-9.06194,7.5335,0.081002,2.65255,0.116727,0.309624,FRENET,0.442718,0.387267,0.442718,0.329417,0.387267,0.423852,0
0.548577,-9.0355,7.53575,0.0822487,2.65429,0.115534,0.306661,FRENET,0.442718,0.387267,0.442718,0.329417,0.387267,0.423852,0
0.551971,-9.0355,7.53575,0.0822487,2.65429,0.115534,0.306661,FRENET,0.442718,0.387267,0.442718,0.329417,0.387267,0.423852,0
0.555937,-9.0355,7.53575,0.0822487,2.65429,0.115534,0.306661,FRENET,0.442718,0.387267,0.442718,0.329417,0.387267,0.423852,0
0.560114,-9.00905,7.53801,0.0833449,2.65595,0.120494,0.320026,FRENET,0.442718,0.387267,0.442718,0.329417,0.387267,0.423852,0
0.563955,-9.00905,7.53801,0.0833449,2.65595,0.120494,0.320026,FRENET,0.442718,0.387267,0.442718,0.329417,0.387267,0.423852,0
0.568603,-8.98252,7.54032,0.0846101,2.66942,0.116603,0.311263,FRENET,0.442718,0.387267,0.442718,0.329417,0.387267,0.423852,0
0.571871,-8.98252,7.54032,0.0846101,2.66942,0.116603,0.311263,FRENET,0.442718,0.387267,0.442718,0.329417,0.387267,0.423852,0
0.576076,-8.98252,7.54032,0.0846101,2.66942,0.116603,0.311263,FRENET,0.442718,0.387267,0.442718,0.329417,0.387267,0.423852,0
0.580029,-8.95586,7.54266,0.0857106,2.68225,0.119621,0.320852,FRENET,0.325662,0.395071,0.325662,0.520241,0.395071,0.127299,0
0.583804,-8.95586,7.54266,0.0857106,2.68225,0.119621,0.320852,FRENET,0.325662,0.395071,0.325662,0.520241,0.395071,0.127299,0
0.588608,-8.92905,7.54505,0.0869637,2.70215,0.115575,0.312302,FRENET,0.325662,0.395071,0.325662,0.520241,0.395071,0.127299,0
0.59173,-8.92905,7.54505,0.0869637,2.70215,0.115575,0.312302,FRENET,0.325662,0.395071,0.325662,0.520241,0.395071,0.127299,0
0.595921,-8.92905,7.54505,0.0869637,2.70215,0.115575,0.312302,FRENET,0.325662,0.395071,0.325662,0.520241,0.395071,0.127299,0
0.599898,-8.90198,7.54749,0.0880494,2.73299,0.116506,0.318411,FRENET,0.325662,0.395071,0.325662,0.520241,0.395071,0.127299,0
0.603899,-8.90198,7.54749,0.0880494,2.73299,0.116506,0.318411,FRENET,0.325662,0.395071,0.325662,0.520241,0.395071,0.127299,0
0.608754,-8.87462,7.54999,0.0892707,2.76237,0.113042,0.312263,FRENET,0.325662,0.395071,0.325662,0.520241,0.395071,0.127299,0
0.611801,-8.87462,7.54999,0.0892707,2.76237,0.113042,0.312263,FRENET,0.325662,0.395071,0.325662,0.520241,0.395071,0.127299,0
0.615921,-8.87462,7.54999,0.0892707,2.76237,0.113042,0.312263,FRENET,0.325662,0.395071,0.325662,0.520241,0.395071,0.127299,0
0.619959,-8.84697,7.55252,0.0900718,2.79035,0.0369918,0.10322,FRENET,0.325662,0.395071,0.325662,0.520241,0.395071,0.127299,0
0.623869,-8.84697,7.55252,0.0900718,2.79035,0.0369918,0.10322,FRENET,0.325662,0.395071,0.325662,0.520241,0.395071,0.127299,0
0.628625,-8.81905,7.55502,0.090113,2.817,-0.010508,-0.0296009,FRENET,0.378038,0.395071,0.378038,0.442308,0.395071,0.122218,0
0.631947,-8.81905,7.55502,0.090113,2.817,-0.010508,-0.0296009,FRENET,0.378038,0.395071,0.378038,0.442308,0.395071,0.122218,0
0.636086,-8.81905,7.55502,0.090113,2.817,-0.010508,-0.0296009,FRENET,0.378038,0.395071,0.378038,0.442308,0.395071,0.122218,0
0.640167,-8.79086,7.55753,0.0898849,2.84239,-0.0479979,-0.136429,FRENET,0.378038,0.395071,0.378038,0.442308,0.395071,0.122218,0
0.643945,-8.79086,7.55753,0.0898849,2.84239,-0.0479979,-0.136429,FRENET,0.378038,0.395071,0.378038,0.442308,0.395071,0.122218,0
0.64878,-8.76242,7.56002,0.0892153,2.86656,-0.0692075,-0.198388,FRENET,0.378038,0.395071,0.378038,0.442308,0.395071,0.122218,0
0.651993,-8.76242,7.56002,0.0892153,2.86656,-0.0692075,-0.198388,FRENET,0.378038,0.395071,0.378038,0.442308,0.395071,0.122218,0
0.65613,-8.76242,7.56002,0.0892153,2.86656,-0.0692075,-0.198388,FRENET,0.378038,0.395071,0.378038,0.442308,0.395071,0.122218,0
0.660144,-8.73375,7.56251,0.0884969,2.88959,-0.0887151,-0.25635,FRENET,0.378038,0.395071,0.378038,0.442308,0.395071,0.122218,0
0.663861,-8.73375,7.56251,0.0884969,2.88959,-0.0887151,-0.25635,FRENET,0.378038,0.395071,0.378038,0.442308,0.395071,0.122218,0
0.668834,-8.70485,7.56499,0.0874848,2.91152,-0.0976151,-0.284209,FRENET,0.378038,0.395071,0.378038,0.442308,0.395071,0.122218,0
0.672102,-8.70485,7.56499,0.0874848,2.91152,-0.0976151,-0.284209,FRENET,0.378038,0.395071,0.378038,0.442308,0.395071,0.122218,0
0.676119,-8.70485,7.56499,0.0874848,2.91152,-0.0976151,-0.284209,FRENET,0.378038,0.395071,0.378038,0.442308,0.395071,0.122218,0
0.680055,-8.67574,7.56746,0.086528,2.93241,-0.108672,-0.318672,FRENET,0.404433,0.395071,0.404433,0.28118,0.395071,0.467042,0
0.684026,-8.67574,7.56746,0.086528,2.93241,-0.108672,-0.318672,FRENET,0.404433,0.395071,0.404433,0.28118,0.395071,0.467042,0
0.689072,-8.64642,7.56991,0.0853464,2.95231,-0.111776,-0.329997,FRENET,0.404433,0.395071,0.404433,0.28118,0.395071,0.467042,0
0.692039,-8.64642,7.56991,0.0853464,2.95231,-0.111776,-0.329997,FRENET,0.404433,0.395071,0.404433,0.28118,0.395071,0.467042,0
0.69596,-8.64642,7.56991,0.0853464,2.95231,-0.111776,-0.329997,FRENET,0.404433,0.395071,0.404433,0.28118,0.395071,0.467042,0
0.69996,-8.6169,7.57236,0.0842699,2.97126,-0.118844,-0.353117,FRENET,0.404433,0.395071,0.404433,0.28118,0.395071,0.467042,0
0.703896,-8.6169,7.57236,0.0842699,2.97126,-0.118844,-0.353117,FRENET,0.404433,0.395071,0.404433,0.28118,0.395071,0.467042,0
0.708918,-8.5872,7.57478,0.0830005,2.98931,-0.11921,-0.356356,FRENET,0.404433,0.395071,0.404433,0.28118,0.395071,0.467042,0
0.71207,-8.5872,7.57478,0.0830005,2.98931,-0.11921,-0.356356,FRENET,0.404433,0.395071,0.404433,0.28118,0.395071,0.467042,0
0.716007,-8.5872,7.57478,0.0830005,2.98931,-0.11921,-0.356356,FRENET,0.404433,0.395071,0.404433,0.28118,0.395071,0.467042,0
0.720084,-8.55731,7.5772,0.0818604,3.0065,-0.12439,-0.373978,FRENET,0.404433,0.395071,0.404433,0.28118,0.395071,0.467042,0
0.723821,-8.55731,7.5772,0.0818604,3.0065,-0.12439,-0.373978,FRENET,0.404433,0.395071,0.404433,0.28118,0.395071,0.467042,0
0.728838,-8.52726,7.57958,0.0805418,3.02287,-0.123459,-0.3732,FRENET,0.177064,0.408738,0.177064,0.291848,0.408738,0.467836,0
0.732042,-8.52726,7.57958,0.0805418,3.02287,-0.123459,-0.3732,FRENET,0.177064,0.408738,0.177064,0.291848,0.408738,0.467836,0
0.73604,-8.52726,7.57958,0.0805418,3.02287,-0.123459,-0.3732,FRENET,0.177064,0.408738,0.177064,0.291848,0.408738,0.467836,0
0.740165,-8.4976,7.58191,0.0793001,2.92777,-0.14776,-0.432609,FRENET,0.177064,0.408738,0.177064,0.291848,0.408738,0.467836,0
0.744036,-8.4976,7.58191,0.0793001,2.92777,-0.14776,-0.432609,FRENET,0.177064,0.408738,0.177064,0.291848,0.408738,0.467836,0
0.748709,-8.46884,7.58413,0.0776716,2.84204,-0.153573,-0.436461,FRENET,0.177064,0.408738,0.177064,0.291848,0.408738,0.467836,0
0.751865,-8.46884,7.58413,0.0776716,2.84204,-0.153573,-0.436461,FRENET,0.177064,0.408738,0.177064,0.291848,0.408738,0.467836,0
0.755975,-8.46884,7.58413,0.0776716,2.84204,-0.153573,-0.436461,FRENET,0.177064,0.408738,0.177064,0.291848,0.408738,0.467836,0
0.759962,-8.44084,7.58626,0.0762028,2.77262,-0.162085,-0.449398,FRENET,0.177064,0.408738,0.177064,0.291848,0.408738,0.467836,0
0.76378,-8.44084,7.58626,0.0762028,2.77262,-0.162085,-0.449398,FRENET,0.177064,0.408738,0.177064,0.291848,0.408738,0.467836,0
0.768959,-8.41347,7.5883,0.0745028,2.7164,-0.156509,-0.42514,FRENET,0.177064,0.408738,0.177064,0.291848,0.408738,0.467836,0
0.771946,-8.41347,7.5883,0.0745028,2.7164,-0.156509,-0.42514,FRENET,0.177064,0.408738,0.177064,0.291848,0.408738,0.467836,0
0.775812,-8.41347,7.5883,0.0745028,2.7164,-0.156509,-0.42514,FRENET,0.177064,0.408738,0.177064,0.291848,0.408738,0.467836,0
0.780056,-8.38661,7.59027,0.0730361,2.67087,-0.157403,-0.420402,FRENET,0.170864,0.408738,0.170864,0.349162,0.408738,0.444622,0
0.784167,-8.38661,7.59027,0.0730361,2.67087,-0.157403,-0.420402,FRENET,0.170864,0.408738,0.170864,0.349162,0.408738,0.444622,0
0.788791,-8.36015,7.59217,0.0714101,2.634,-0.148159,-0.390251,FRENET,0.170864,0.408738,0.170864,0.349162,0.408738,0.444622,0
0.792112,-8.36015,7.59217,0.0714101,2.634,-0.148159,-0.390251,FRENET,0.170864,0.408738,0.170864,0.349162,0.408738,0.444622,0
0.795992,-8.36015,7.59217,0.0714101,2.634,-0.148159,-0.390251,FRENET,0.170864,0.408738,0.170864,0.349162,0.408738,0.444622,0
0.799867,-8.33403,7.59401,0.0700317,2.60415,-0.147093,-0.38305,FRENET,0.170864,0.408738,0.170864,0.349162,0.408738,0.444622,0
0.803969,-8.33403,7.59401,0.0700317,2.60415,-0.147093,-0.38305,FRENET,0.170864,0.408738,0.170864,0.349162,0.408738,0.444622,0
0.808685,-8.30817,7.59578,0.0685143,2.57997,-0.137793,-0.355501,FRENET,0.170864,0.408738,0.170864,0.349162,0.408738,0.444622,0
0.811946,-8.30817,7.59578,0.0685143,2.57997,-0.137793,-0.355501,FRENET,0.170864,0.408738,0.170864,0.349162,0.408738,0.444622,0
0.81602,-8.30817,7.59578,0.0685143,2.57997,-0.137793,-0.355501,FRENET,0.170864,0.408738,0.170864,0.349162,0.408738,0.444622,0
0.820152,-8.28252,7.59751,0.0672334,2.56039,-0.137182,-0.35124,FRENET,0.170864,0.408738,0.170864,0.349162,0.408738,0.444622,0
0.824108,-8.28252,7.59751,0.0672334,2.56039,-0.137182,-0.35124,FRENET,0.170864,0.408738,0.170864,0.349162,0.408738,0.444622,0
0.828913,-8.25705,7.59918,0.065812,2.54454,-0.12908,-0.328449,FRENET,0.272672,0.408738,0.272672,0.12189,0.408738,0.278761,0
0.832043,-8.25705,7.59918,0.065812,2.54454,-0.12908,-0.328449,FRENET,0.272672,0.408738,0.272672,0.12189,0.408738,0.278761,0
0.836056,-8.25705,7.59918,0.065812,2.54454,-0.12908,-0.328449,FRENET,0.272672,0.408738,0.272672,0.12189,0.408738,0.278761,0
0.840081,-8.23173,7.60081,0.0646099,2.5317,-0.129605,-0.32812,FRENET,0.272672,0.408738,0.272672,0.12189,0.408738,0.278761,0
0.844065,-8.23173,7.60081,0.0646099,2.5317,-0.129605,-0.32812,FRENET,0.272672,0.408738,0.272672,0.12189,0.408738,0.278761,0
0.848938,-8.20651,7.60239,0.0632594,2.5213,-0.122828,-0.309685,FRENET,0.272672,0.408738,0.272672,0.12189,0.408738,0.278761,0
0.852124,-8.20651,7.60239,0.0632594,2.5213,-0.122828,-0.309685,FRENET,0.272672,0.408738,0.272672,0.12189,0.408738,0.278761,0
0.856003,-8.20651,7.60239,0.0632594,2.5213,-0.122828,-0.309685,FRENET,0.272672,0.408738,0.272672,0.12189,0.408738,0.278761,0
0.860149,-8.18139,7.60394,0.0621124,2.51288,-0.124426,-0.312668,FRENET,0.272672,0.408738,0.272672,0.12189,0.408738,0.278761,0
0.864095,-8.18139,7.60394,0.0621124,2.51288,-0.124426,-0.312668,FRENET,0.272672,0.408738,0.272672,0.12189,0.408738,0.278761,0
0.868917,-8.15634,7.60543,0.0608094,2.50606,-0.118706,-0.297485,FRENET,0.272672,0.408738,0.272672,0.12189,0.408738,0.278761,0
0.872084,-8.15634,7.60543,0.0608094,2.50606,-0.118706,-0.297485,FRENET,0.272672,0.408738,0.272672,0.12189,0.408738,0.278761,0
0.876193,-8.15634,7.60543,0.0608094,2.50606,-0.118706,-0.297485,FRENET,0.272672,0.408738,0.272672,0.12189,0.408738,0.278761,0
0.880025,-8.13135,7.6069,0.0596983,2.50054,-0.121107,-0.302832,FGM,0.347732,0.431004,0.238488,0.347732,0.408738,0.431004,0
0.884451,-8.13135,7.6069,0.0596983,2.50054,-0.121107,-0.302832,FGM,0.347732,0.431004,0.238488,0.347732,0.408738,0.431004,0
0.888813,-8.10618,7.60833,0.0584759,2.54119,-0.110212,-0.280071,FGM,0.347732,0.431004,0.238488,0.347732,0.408738,0.431004,0
0.891953,-8.10618,7.60833,0.0584759,2.54119,-0.110212,-0.280071,FGM,0.347732,0.431004,0.238488,0.347732,0.408738,0.431004,0
0.895989,-8.10618,7.60833,0.0584759,2.54119,-0.110212,-0.280071,FGM,0.347732,0.431004,0.238488,0.347732,0.408738,0.431004,0
0.899988,-8.08061,7.60977,0.0574523,2.57991,-0.109102,-0.281474,FGM,0.347732,0.431004,0.238488,0.347732,0.408738,0.431004,0
0.90401,-8.08061,7.60977,0.0574523,2.57991,-0.109102,-0.281474,FGM,0.347732,0.431004,0.238488,0.347732,0.408738,0.431004,0
0.908704,-8.05467,7.61118,0.0563129,2.61679,-0.104771,-0.274163,FGM,0.347732,0.431004,0.238488,0.347732,0.408738,0.431004,0
0.911912,-8.05467,7.61118,0.0563129,2.61679,-0.104771,-0.274163,FGM,0.347732,0.431004,0.238488,0.347732,0.408738,0.431004,0
0.915923,-8.05467,7.61118,0.0563129,2.61679,-0.104771,-0.274163,FGM,0.347732,0.431004,0.238488,0.347732,0.408738,0.431004,0
0.920053,-8.02836,7.61262,0.0555824,2.65191,-0.0317252,-0.0841326,FGM,0.347732,0.431004,0.238488,0.347732,0.408738,0.431004,0
0.924038,-8.02836,7.61262,0.0555824,2.65191,-0.0317252,-0.0841326,FGM,0.347732,0.431004,0.238488,0.347732,0.408738,0.431004,0
0.928672,-8.00172,7.61412,0.0555769,2.68537,0.0129296,0.0347208,FGM,0.347732,0.431004,0.238488,0.347732,0.408738,0.431004,0
0.93197,-8.00172,7.61412,0.0555769,2.68537,0.0129296,0.0347208,FGM,0.276944,0.42713,0,0.276944,0.347428,0.42713,0
0.935942,-8.00172,7.61412,0.0555769,2.68537,0.0129296,0.0347208,FGM,0.276944,0.42713,0,0.276944,0.347428,0.42713,0
0.940013,-7.97475,7.61565,0.0558196,2.71705,0.0481231,0.130753,FGM,0.276944,0.42713,0,0.276944,0.347428,0.42713,0
0.944062,-7.97475,7.61565,0.0558196,2.71705,0.0481231,0.130753,FGM,0.276944,0.42713,0,0.276944,0.347428,0.42713,0
0.948709,-7.94748,7.61725,0.0564789,2.74723,0.0675466,0.185566,FGM,0.276944,0.42713,0,0.276944,0.347428,0.42713,0
0.951979,-7.94748,7.61725,0.0564789,2.74723,0.0675466,0.185566,FGM,0.276944,0.42713,0,0.276944,0.347428,0.42713,0
0.956215,-7.94748,7.61725,0.0564789,2.74723,0.0675466,0.185566,FGM,0.276944,0.42713,0,0.276944,0.347428,0.42713,0
0.960206,-7.91991,7.61888,0.0571761,2.77597,0.0857818,0.238127,FGM,0.276944,0.42713,0,0.276944,0.347428,0.42713,0
0.964145,-7.91991,7.61888,0.0571761,2.77597,0.0857818,0.238127,FGM,0.276944,0.42713,0,0.276944,0.347428,0.42713,0
0.969134,-7.89206,7.62056,0.0581522,2.80334,0.0937917,0.26293,FGM,0.276944,0.42713,0,0.276944,0.347428,0.42713,0
0.97217,-7.89206,7.62056,0.0581522,2.80334,0.0937917,0.26293,FGM,0.276944,0.42713,0,0.276944,0.347428,0.42713,0
0.976053,-7.89206,7.62056,0.0581522,2.80334,0.0937917,0.26293,FGM,0.276944,0.42713,0,0.276944,0.347428,0.42713,0
0.980121,-7.86395,7.62228,0.0590697,2.82942,0.104293,0.295089,FGM,0.250606,0.45927,0.118536,0.250606,0.347428,0.45927,0
0.983849,-7.86395,7.62228,0.0590697,2.82942,0.104293,0.295089,FGM,0.250606,0.45927,0.118536,0.250606,0.347428,0.45927,0
0.988684,-7.83557,7.62405,0.0602006,2.85736,0.106687,0.304844,FGM,0.250606,0.45927,0.118536,0.250606,0.347428,0.45927,0
0.992023,-7.83557,7.62405,0.0602006,2.85736,0.106687,0.304844,FGM,0.250606,0.45927,0.118536,0.250606,0.347428,0.45927,0
0.995772,-7.83557,7.62405,0.0602006,2.85736,0.106687,0.304844,FGM,0.250606,0.45927,0.118536,0.250606,0.347428,0.45927,0
0.999946,-7.80692,7.62585,0.0612266,2.88398,0.113307,0.326776,FGM,0.250606,0.45927,0.118536,0.250606,0.347428,0.45927,0
1.00395,-7.80692,7.62585,0.0612266,2.88398,0.113307,0.326776,FGM,0.250606,0.45927,0.118536,0.250606,0.347428,0.45927,0
1.00875,-7.77802,7.62772,0.0624374,2.90934,0.113575,0.330427,FGM,0.250606,0.45927,0.118536,0.250606,0.347428,0.45927,0
1.01197,-7.77802,7.62772,0.0624374,2.90934,0.113575,0.330427,FGM,0.250606,0.45927,0.118536,0.250606,0.347428,0.45927,0
1.01594,-7.77802,7.62772,0.0624374,2.90934,0.113575,0.330427,FGM,0.250606,0.45927,0.118536,0.250606,0.347428,0.45927,0
1.01999,-7.74886,7.62962,0.0635234,2.93349,0.118716,0.348251,FGM,0.250606,0.45927,0.118536,0.250606,0.347428,0.45927,0
1.02395,-7.74886,7.62962,0.0635234,2.93349,0.118716,0.348251,FGM,0.250606,0.45927,0.118536,0.250606,0.347428,0.45927,0
1.02876,-7.71948,7.63157,0.0647837,2.95649,0.117959,0.348744,FGM,0.250606,0.45927,0.118536,0.250606,0.347428,0.45927,0
1.03197,-7.71948,7.63157,0.0647837,2.95649,0.117959,0.348744,FGM,0.186805,0.469039,0.138601,0.186805,0.347428,0.469039,0
1.0361,-7.71948,7.63157,0.0647837,2.95649,0.117959,0.348744,FGM,0.186805,0.469039,0.138601,0.186805,0.347428,0.469039,0
1.04002,-7.68986,7.63357,0.0659078,2.9806,0.122003,0.363641,FGM,0.186805,0.469039,0.138601,0.186805,0.347428,0.469039,0
1.04412,-7.68986,7.63357,0.0659078,2.9806,0.122003,0.363641,FGM,0.186805,0.469039,0.138601,0.186805,0.347428,0.469039,0
1.04866,-7.66001,7.63562,0.0671974,3.00357,0.120587,0.362191,FGM,0.186805,0.469039,0.138601,0.186805,0.347428,0.469039,0
1.05208,-7.66001,7.63562,0.0671974,3.00357,0.120587,0.362191,FGM,0.186805,0.469039,0.138601,0.186805,0.347428,0.469039,0
1.05609,-7.66001,7.63562,0.0671974,3.00357,0.120587,0.362191,FGM,0.186805,0.469039,0.138601,0.186805,0.347428,0.469039,0
1.06013,-7.62994,7.63771,0.0683462,3.02544,0.124496,0.376657,FGM,0.186805,0.469039,0.138601,0.186805,0.347428,0.469039,0
1.06424,-7.62994,7.63771,0.0683462,3.02544,0.124496,0.376657,FGM,0.186805,0.469039,0.138601,0.186805,0.347428,0.469039,0
1.06887,-7.59966,7.63985,0.0696609,3.04628,0.122969,0.374598,FGM,0.186805,0.469039,0.138601,0.186805,0.347428,0.469039,0
1.07202,-7.59966,7.63985,0.0696609,3.04628,0.122969,0.374598,FGM,0.186805,0.469039,0.138601,0.186805,0.347428,0.469039,0
1.076,-7.59966,7.63985,0.0696609,3.04628,0.122969,0.374598,FGM,0.186805,0.469039,0.138601,0.186805,0.347428,0.469039,0
1.08001,-7.56917,7.64204,0.0708323,3.06612,0.126776,0.388711,FGM,0.152819,0.49558,0.267837,0.152819,0.665037,0.49558,0
1.08454,-7.56917,7.64204,0.0708323,3.06612,0.126776,0.388711,FGM,0.152819,0.49558,0.267837,0.152819,0.665037,0.49558,0
1.08948,-7.53846,7.64429,0.07216,3.09336,0.123873,0.383185,FGM,0.152819,0.49558,0.267837,0.152819,0.665037,0.49558,0
1.09203,-7.53846,7.64429,0.07216,3.09336,0.123873,0.383185,FGM,0.152819,0.49558,0.267837,0.152819,0.665037,0.49558,0
1.09609,-7.53846,7.64429,0.07216,3.09336,0.123873,0.383185,FGM,0.152819,0.49558,0.267837,0.152819,0.665037,0.49558,0
1.10013,-7.50748,7.64658,0.073337,3.11931,0.126609,0.394934,FGM,0.152819,0.49558,0.267837,0.152819,0.665037,0.49558,0
1.10406,-7.50748,7.64658,0.073337,3.11931,0.126609,0.394934,FGM,0.152819,0.49558,0.267837,0.152819,0.665037,0.49558,0
1.10869,-7.47625,7.64894,0.0746689,3.14402,0.124625,0.391822,FGM,0.152819,0.49558,0.267837,0.152819,0.665037,0.49558,0
1.11197,-7.47625,7.64894,0.0746689,3.14402,0.124625,0.391822,FGM,0.152819,0.49558,0.267837,0.152819,0.665037,0.49558,0
1.11593,-7.47625,7.64894,0.0746689,3.14402,0.124625,0.391822,FGM,0.152819,0.49558,0.267837,0.152819,0.665037,0.49558,0
1.11999,-7.44478,7.65134,0.0758557,3.16756,0.127958,0.405314,FGM,0.152819,0.49558,0.267837,0.152819,0.665037,0.49558,0
1.12397,-7.44478,7.65134,0.0758557,3.16756,0.127958,0.405314,FGM,0.152819,0.49558,0.267837,0.152819,0.665037,0.49558,0
1.12887,-7.41309,7.65381,0.0772039,3.18998,0.12635,0.403055,FGM,0.152819,0.49558,0.267837,0.152819,0.665037,0.49558,0
1.13199,-7.41309,7.65381,0.0772039,3.18998,0.12635,0.403055,FGM,0.101423,0.485538,0.274491,0.101423,0.665037,0.485538,0
1.13613,-7.41309,7.65381,0.0772039,3.18998,0.12635,0.403055,FGM,0.101423,0.485538,0.274491,0.101423,0.665037,0.485538,0
1.13996,-7.38126,7.65631,0.0784183,3.1969,0.132787,0.424508,FGM,0.101423,0.485538,0.274491,0.101423,0.665037,0.485538,0
1.14382,-7.38126,7.65631,0.0784183,3.1969,0.132787,0.424508,FGM,0.101423,0.485538,0.274491,0.101423,0.665037,0.485538,0
1.14864,-7.34936,7.65887,0.0798287,3.20349,0.132628,0.424871,FGM,0.101423,0.485538,0.274491,0.101423,0.665037,0.485538,0
1.15183,-7.34936,7.65887,0.0798287,3.20349,0.132628,0.424871,FGM,0.101423,0.485538,0.274491,0.101423,0.665037,0.485538,0
1.15581,-7.34936,7.65887,0.0798287,3.20349,0.132628,0.424871,FGM,0.101423,0.485538,0.274491,0.101423,0.665037,0.485538,0
1.15987,-7.3174,7.66147,0.0810964,3.20976,0.137336,0.440815,FGM,0.101423,0.485538,0.274491,0.101423,0.665037,0.485538,0
1.16381,-7.3174,7.66147,0.0810964,3.20976,0.137336,0.440815,FGM,0.101423,0.485538,0.274491,0.101423,0.665037,0.485538,0
1.16871,-7.28538,7.66412,0.082546,3.21574,0.135956,0.437198,FGM,0.101423,0.485538,0.274491,0.101423,0.665037,0.485538,0
1.17192,-7.28538,7.66412,0.082546,3.21574,0.135956,0.437198,FGM,0.101423,0.485538,0.274491,0.101423,0.665037,0.485538,0
1.17593,-7.28538,7.66412,0.082546,3.21574,0.135956,0.437198,FGM,0.101423,0.485538,0.274491,0.101423,0.665037,0.485538,0
1.1804,-7.2533,7.6668,0.0838423,3.22143,0.139803,0.450367,FGM,0.101423,0.485538,0.274491,0.101423,0.665037,0.485538,0
1.18416,-7.2533,7.6668,0.0838423,3.22143,0.139803,0.450367,FRENET,0.306625,0.665037,0.306625,0.0861253,0.665037,0.508529,0
1.18901,-7.22168,7.6695,0.0854528,3.12633,0.156694,0.489879,FRENET,0.306625,0.665037,0.306625,0.0861253,0.665037,0.508529,0
1.19199,-7.22168,7.6695,0.0854528,3.12633,0.156694,0.489879,FRENET,0.306625,0.665037,0.306625,0.0861253,0.665037,0.508529,0
1.196,-7.22168,7.6695,0.0854528,3.12633,0.156694,0.489879,FRENET,0.306625,0.665037,0.306625,0.0861253,0.665037,0.508529,0
1.20015,-7.19101,7.67214,0.0870018,3.03123,0.176296,0.534394,FRENET,0.306625,0.665037,0.306625,0.0861253,0.665037,0.508529,0
1.20403,-7.19101,7.67214,0.0870018,3.03123,0.176296,0.534394,FRENET,0.306625,0.665037,0.306625,0.0861253,0.665037,0.508529,0
1.20892,-7.16128,7.67475,0.088912,2.93613,0.18077,0.530766,FRENET,0.306625,0.665037,0.306625,0.0861253,0.665037,0.508529,0
1.212,-7.16128,7.67475,0.088912,2.93613,0.18077,0.530766,FRENET,0.306625,0.665037,0.306625,0.0861253,0.665037,0.508529,0
1.21587,-7.16128,7.67475,0.088912,2.93613,0.18077,0.530766,FRENET,0.306625,0.665037,0.306625,0.0861253,0.665037,0.508529,0
1.21995,-7.13251,7.67731,0.0906565,2.84103,0.191819,0.544965,FRENET,0.306625,0.665037,0.306625,0.0861253,0.665037,0.508529,0
1.2239,-7.13251,7.67731,0.0906565,2.84103,0.191819,0.544965,FRENET,0.306625,0.665037,0.306625,0.0861253,0.665037,0.508529,0
1.22872,-7.10469,7.67984,0.0926853,2.74593,0.18924,0.51964,FRENET,0.306625,0.665037,0.306625,0.0861253,0.665037,0.508529,0
1.23195,-7.10469,7.67984,0.0926853,2.74593,0.18924,0.51964,FRENET,0,0.207964,0,0.0530165,0.207964,0.540436,0
1.23588,-7.10469,7.67984,0.0926853,2.74593,0.18924,0.51964,FRENET,0,0.207964,0,0.0530165,0.207964,0.540436,0
1.23995,-7.07782,7.68231,0.094489,2.65083,0.195448,0.518101,FRENET,0,0.207964,0,0.0530165,0.207964,0.540436,0
1.24378,-7.07782,7.68231,0.094489,2.65083,0.195448,0.518101,FRENET,0,0.207964,0,0.0530165,0.207964,0.540436,0
1.24872,-7.0519,7.68475,0.0965306,2.55573,0.188262,0.481147,FRENET,0,0.207964,0,0.0530165,0.207964,0.540436,0
1.25184,-7.0519,7.68475,0.0965306,2.55573,0.188262,0.481147,FRENET,0,0.207964,0,0.0530165,0.207964,0.540436,0
1.25589,-7.0519,7.68475,0.0965306,2.55573,0.188262,0.481147,FRENET,0,0.207964,0,0.0530165,0.207964,0.540436,0
1.25996,-7.02693,7.68709,0.0978883,2.46063,0.0683299,0.168135,FRENET,0,0.207964,0,0.0530165,0.207964,0.540436,0
1.26388,-7.02693,7.68709,0.0978883,2.46063,0.0683299,0.168135,FRENET,0,0.207964,0,0.0530165,0.207964,0.540436,0
1.26863,-7.00282,7.68927,0.0977064,2.38187,-0.112767,-0.268596,FRENET,0,0.207964,0,0.0530165,0.207964,0.540436,0
1.27197,-7.00282,7.68927,0.0977064,2.38187,-0.112767,-0.268596,FRENET,0,0.207964,0,0.0530165,0.207964,0.540436,0
1.27582,-7.00282,7.68927,0.0977064,2.38187,-0.112767,-0.268596,FRENET,0,0.207964,0,0.0530165,0.207964,0.540436,0
1.27984,-6.9794,7.69126,0.0959446,2.31809,-0.20868,-0.483738,FRENET,0,0.207964,0,0.0530165,0.207964,0.540436,0
1.2838,-6.9794,7.69126,0.0959446,2.31809,-0.20868,-0.483738,FRENET,0,0.207964,0,0.0225716,0.207964,0.475761,0
1.2887,-6.95656,7.69315,0.0936243,2.26644,-0.271175,-0.6146,FRENET,0,0.207964,0,0.0225716,0.207964,0.475761,0
1.29196,-6.95656,7.69315,0.0936243,2.26644,-0.271175,-0.6146,FRENET,0,0.207964,0,0.0225716,0.207964,0.475761,0
1.29601,-6.95656,7.69315,0.0936243,2.26644,-0.271175,-0.6146,FRENET,0,0.207964,0,0.0225716,0.207964,0.475761,0
1.29992,-6.93417,7.69492,0.0906719,2.22461,-0.295994,-0.658471,FRENET,0,0.207964,0,0.0225716,0.207964,0.475761,0
1.30399,-6.93417,7.69492,0.0906719,2.22461,-0.295994,-0.658471,FRENET,0,0.207964,0,0.0225716,0.207964,0.475761,0
1.30886,-6.91216,7.69662,0.087706,2.19074,-0.315301,-0.690741,FRENET,0,0.207964,0,0.0225716,0.207964,0.475761,0
1.31192,-6.91216,7.69662,0.087706,2.19074,-0.315301,-0.690741,FRENET,0,0.207964,0,0.0225716,0.207964,0.475761,0
1.31595,-6.91216,7.69662,0.087706,2.19074,-0.315301,-0.690741,FRENET,0,0.207964,0,0.0225716,0.207964,0.475761,0
1.31986,-6.89033,7.69822,0.0844974,2.18761,-0.309145,-0.676289,FRENET,0,0.207964,0,0.0225716,0.207964,0.475761,0
1.32392,-6.89033,7.69822,0.0844974,2.18761,-0.309145,-0.676289,FRENET,0,0.207964,0,0.0225716,0.207964,0.475761,0
1.3286,-6.86852,7.69977,0.0814786,2.18508,-0.312043,-0.681839,FRENET,0,0.207964,0,0.0225716,0.207964,0.475761,0
1.33197,-6.86852,7.69977,0.0814786,2.18508,-0.312043,-0.681839,FRENET,0,0.207964,0,0.0686753,0.207964,0.622473,0
1.33584,-6.86852,7.69977,0.0814786,2.18508,-0.312043,-0.681839,FRENET,0,0.207964,0,0.0686753,0.207964,0.622473,0
1.33988,-6.84673,7.70124,0.0782997,2.18303,-0.306514,-0.66913,FRENET,0,0.207964,0,0.0686753,0.207964,0.622473,0
1.34387,-6.84673,7.70124,0.0782997,2.18303,-0.306514,-0.66913,FRENET,0,0.207964,0,0.0686753,0.207964,0.622473,0
1.34869,-6.82495,7.70268,0.0756026,2.18137,-0.222527,-0.485414,FRENET,0,0.207964,0,0.0686753,0.207964,0.622473,0
1.35189,-6.82495,7.70268,0.0756026,2.18137,-0.222527,-0.485414,FRENET,0,0.207964,0,0.0686753,0.207964,0.622473,0
1.35597,-6.82495,7.70268,0.0756026,2.18137,-0.222527,-0.485414,FRENET,0,0.207964,0,0.0686753,0.207964,0.622473,0
1.35993,-6.80319,7.70413,0.073704,2.18003,-0.178583,-0.389317,FRENET,0,0.207964,0,0.0686753,0.207964,0.622473,0
1.3639,-6.80319,7.70413,0.073704,2.18003,-0.178583,-0.389317,FRENET,0,0.207964,0,0.0686753,0.207964,0.622473,0
1.36885,-6.78145,7.70556,0.0720128,2.17894,-0.144963,-0.315866,FRENET,0,0.207964,0,0.0686753,0.207964,0.622473,0
1.37201,-6.78145,7.70556,0.0720128,2.17894,-0.144963,-0.315866,FRENET,0,0.207964,0,0.0686753,0.207964,0.622473,0
1.37594,-6.78145,7.70556,0.0720128,2.17894,-0.144963,-0.315866,FRENET,0,0.207964,0,0.0686753,0.207964,0.622473,0
1.37986,-6.75971,7.707,0.0707242,2.17806,-0.131503,-0.286422,FRENET,0,0.207964,0,0.0686753,0.207964,0.622473,0
1.38384,-6.75971,7.707,0.0707242,2.17806,-0.131503,-0.286422,FRENET,0,0.207964,0,0,0.207964,0.693154,0
1.38893,-6.73798,7.7084,0.0694035,2.17734,-0.116359,-0.253353,FRENET,0,0.207964,0,0,0.207964,0.693154,0
1.39186,-6.73798,7.7084,0.0694035,2.17734,-0.116359,-0.253353,FRENET,0,0.207964,0,0,0.207964,0.693154,0
1.39589,-6.73798,7.7084,0.0694035,2.17734,-0.116359,-0.253353,FRENET,0,0.207964,0,0,0.207964,0.693154,0

--- Experiment Summary ---
Scenario,Mux_playground_WS1.1381_WT1.1881_WC1.4511_WCL1.595_WD1.5983_DM0.1877_Opp_bumper_v_4.csv
Finish Reason,COLLISION DETECTED
Duration (s),1.40
Total Dist (m),3.27
Collision,YES
Min Dist (m),0.00
Unsafe Ratio,1.00
FGM Min Dist (m),0.10
FGM Unsafe Ratio,1.00
FGM Track RMS (m),0.36
