t,x,y,yaw,speed,yaw_rate,a_lat,planner,min_d,track_error,collision
8.9792e-05,-9.99917,7.475,0,0.118557,0,0,NONE,999.9,0,0
0.00457362,-9.99917,7.475,0,0.118557,0,0,NONE,999.9,0,0
0.0128799,-9.99751,7.475,0,0.213657,0,0,NONE,999.9,0,0
0.015776,-9.99751,7.475,0,0.213657,0,0,NONE,999.9,0,0
0.0214341,-9.9949,7.475,0,0.308757,0,0,NONE,999.9,0,0
0.0263795,-9.9949,7.475,0,0.308757,0,0,NONE,999.9,0,0
0.0332469,-9.99134,7.475,0,0.403857,0,0,NONE,999.9,0,0
0.0448988,-9.98682,7.475,0,0.498957,0,0,NONE,999.9,0,0
0.0507693,-9.98136,7.475,0,0.592517,0,0,NONE,999.9,0,0
0.0561595,-9.98136,7.475,0,0.592517,0,0,NONE,999.9,0,0
0.0634341,-9.97499,7.475,0,0.681627,0,0,NONE,999.9,0,0
0.0771194,-9.96775,7.475,0,0.766501,0,0,NONE,999.9,0,0
0.0830478,-9.95968,7.475,0,0.847339,0,0,NONE,999.9,0,0
0.0947616,-9.95083,7.475,0,0.924333,0,0,NONE,999.9,0,0
0.101095,-9.94122,7.475,0,0.997665,0,0,NONE,999.9,0,0
0.104898,-9.94122,7.475,0,0.997665,0,0,NONE,999.9,0,0
0.117676,-9.93089,7.475,0,1.06751,0,0,NONE,999.9,0,0
0.12286,-9.93089,7.475,0,1.06751,0,0,NONE,999.9,0,0
0.134153,-9.91976,7.475,0,1.15887,0,0,NONE,999.9,0,0
0.139393,-9.91976,7.475,0,1.15887,0,0,NONE,999.9,0,0
0.161051,-9.90773,7.475,0,1.24588,0,0,NONE,999.9,0,0
0.167005,-9.89486,7.475,0,1.32876,0,0,NONE,999.9,0,0
0.17851,-9.88118,7.475,0,1.40769,0,0,NONE,999.9,0,0
0.197501,-9.86673,7.475,0,1.48287,0,0,NONE,999.9,0,0
0.202551,-9.85154,7.475,0,1.55448,0,0,NONE,999.9,0,0
0.207964,-9.85154,7.475,0,1.55448,0,0,NONE,999.9,0,0
0.213751,-9.83565,7.475,0,1.62268,0,0,NONE,999.9,0,0
0.222731,-9.8191,7.475,0,1.68764,0,0,NONE,999.9,0,0
0.225251,-9.8191,7.475,0,1.68764,0,0,NONE,999.9,0,0
0.237667,-9.80192,7.475,0,1.74951,0,0,NONE,999.9,0,0
0.254484,-9.78413,7.475,0,1.80843,0,0,NONE,999.9,0,0
0.255816,-9.76576,7.475,0,1.86456,0,0,NONE,999.9,0,0
0.261975,-9.74685,7.475,0,1.91802,0,0,NONE,999.9,0,0
0.267858,-9.74685,7.475,0,1.91802,0,0,NONE,999.9,0,0
0.274659,-9.72741,7.475,0,1.96893,0,0,NONE,999.9,0,0
0.280427,-9.70748,7.475,0,2.01742,0,0,NONE,999.9,0,0
0.290073,-9.70748,7.475,0,2.01742,0,0,NONE,999.9,0,0
0.2944,-9.68708,7.475,0,2.06361,0,0,NONE,999.9,0,0
0.301481,-9.66622,7.475,0,2.1076,0,0,NONE,999.9,0,0
0.313321,-9.66622,7.475,0,2.1076,0,0,NONE,999.9,0,0
0.328888,-9.64482,7.475,0,2.17182,0,0,NONE,999.9,0,0
0.332835,-9.6228,7.475,0,2.23298,0,0,NONE,999.9,0,0
0.338499,-9.60018,7.475,0,2.29124,0,0,NONE,999.9,0,0
0.348648,-9.57699,7.475,0,2.34672,0,0,NONE,999.9,0,0
0.353584,-9.55326,7.475,0,2.39956,0,0,NONE,999.9,0,0
0.358897,-9.52901,7.475,0,2.4499,0,0,NONE,999.9,0,0
0.373202,-9.52901,7.475,0,2.4499,0,0,NONE,999.9,0,0
0.383355,-9.50427,7.475,0,2.49784,0,0,NONE,999.9,0,0
0.389432,-9.47907,7.475,0,2.5435,0,0,NONE,999.9,0,0
0.406283,-9.45341,7.475,0,2.58699,0,0,NONE,999.9,0,0
0.411094,-9.42734,7.475,0,2.62841,0,0,NONE,999.9,0,0
0.424509,-9.40085,7.475,0,2.66786,0,0,NONE,999.9,0,0
0.432045,-9.37399,7.475,0,2.70543,0,0,NONE,999.9,0,0
0.444938,-9.34675,7.475,0,2.74122,0,0,NONE,999.9,0,0
0.461243,-9.31917,7.475,0,2.77531,0,0,NONE,999.9,0,0
0.466983,-9.31917,7.475,0,2.77531,0,0,NONE,999.9,0,0
0.47208,-9.29126,7.475,0,2.80777,0,0,NONE,999.9,0,0
0.480341,-9.26302,7.475,0,2.8387,0,0,NONE,999.9,0,0
0.484701,-9.26302,7.475,0,2.8387,0,0,NONE,999.9,0,0
0.499067,-9.2344,7.475,0,2.88715,0,0,NONE,999.9,0,0
0.503811,-9.20529,7.475,0,2.93331,0,0,NONE,999.9,0,0
0.51248,-9.17574,7.475,0,2.97726,0,0,NONE,999.9,0,0
0.517183,-9.17574,7.475,0,2.97726,0,0,NONE,999.9,0,0
0.532671,-9.14576,7.475,0,3.01913,0,0,NONE,999.9,0,0
0.538248,-9.11537,7.475,0,3.05901,0,0,NONE,999.9,0,0
0.547918,-9.08459,7.475,0,3.09699,0,0,NONE,999.9,0,0
0.55748,-9.05344,7.475,0,3.13316,0,0,NONE,999.9,0,0
0.561462,-9.05344,7.475,0,3.13316,0,0,NONE,999.9,0,0
0.567303,-9.02193,7.475,0,3.16762,0,0,NONE,999.9,0,0
0.570985,-8.99009,7.475,0,3.20043,0,0,NONE,999.9,0,0
0.574725,-8.99009,7.475,0,3.20043,0,0,NONE,999.9,0,0
0.58212,-8.95793,7.475,0,3.23169,0,0,NONE,999.9,0,0
0.589216,-8.95793,7.475,0,3.23169,0,0,NONE,999.9,0,0
0.593633,-8.92547,7.475,0,3.26146,0,0,NONE,999.9,0,0
0.600133,-8.89271,7.475,0,3.28981,0,0,NONE,999.9,0,0
0.605043,-8.89271,7.475,0,3.28981,0,0,NONE,999.9,0,0
0.609461,-8.85968,7.475,0,3.31682,0,0,NONE,999.9,0,0
0.613965,-8.85968,7.475,0,3.31682,0,0,NONE,999.9,0,0
0.625372,-8.8263,7.475,0,3.35776,0,0,NONE,999.9,0,0
0.629666,-8.79253,7.475,0,3.39675,0,0,NONE,999.9,0,0
0.633243,-8.79253,7.475,0,3.39675,0,0,NONE,999.9,0,0
0.639825,-8.75838,7.475,0,3.43389,0,0,NONE,999.9,0,0
0.643558,-8.75838,7.475,0,3.43389,0,0,NONE,999.9,0,0
0.657429,-8.72393,7.475,0,3.45586,0,0,NONE,999.9,0,0
0.662361,-8.68927,7.475,0,3.47679,0,0,NONE,999.9,0,0
0.665839,-8.68927,7.475,0,3.47679,0,0,NONE,999.9,0,0
0.672389,-8.65433,7.475,0,3.51125,0,0,NONE,999.9,0,0
0.676969,-8.65433,7.475,0,3.51125,0,0,NONE,999.9,0,0
0.685124,-8.61905,7.475,0,3.54408,0,0,NONE,999.9,0,0
0.694025,-8.58345,7.475,0,3.57534,0,0,NONE,999.9,0,0
0.698513,-8.54755,7.475,0,3.60511,0,0,NONE,999.9,0,0
0.702663,-8.54755,7.475,0,3.60511,0,0,NONE,999.9,0,0
0.70735,-8.54755,7.475,0,3.60511,0,0,NONE,999.9,0,0
0.716346,-8.51136,7.475,0,3.63347,0,0,NONE,999.9,0,0
0.718991,-8.47489,7.475,0,3.66048,0,0,NONE,999.9,0,0
0.725591,-8.47489,7.475,0,3.66048,0,0,NONE,999.9,0,0
0.731797,-8.43815,7.475,0,3.68621,0,0,NONE,999.9,0,0
0.735663,-8.43815,7.475,0,3.68621,0,0,NONE,999.9,0,0
0.74379,-8.40117,7.475,0,3.71071,0,0,NONE,999.9,0,0
0.753683,-8.36395,7.475,0,3.73405,0,0,NONE,999.9,0,0
0.757688,-8.36395,7.475,0,3.73405,0,0,NONE,999.9,0,0
0.76182,-8.32649,7.475,0,3.75628,0,0,NONE,999.9,0,0
0.766519,-8.32649,7.475,0,3.75628,0,0,NONE,999.9,0,0
0.771121,-8.28882,7.475,0,3.77745,0,0,NONE,999.9,0,0
0.776824,-8.28882,7.475,0,3.77745,0,0,NONE,999.9,0,0
0.785905,-8.25095,7.475,0,3.79761,0,0,NONE,999.9,0,0
0.791506,-8.21288,7.475,0,3.81682,0,0,NONE,999.9,0,0
0.796243,-8.21288,7.475,0,3.81682,0,0,NONE,999.9,0,0
0.800653,-8.17462,7.475,0,3.83511,0,0,NONE,999.9,0,0
0.805074,-8.17462,7.475,0,3.83511,0,0,NONE,999.9,0,0
0.818174,-8.13618,7.475,0,3.85253,0,0,NONE,999.9,0,0
0.822835,-8.09757,7.475,0,3.86913,0,0,NONE,999.9,0,0
0.825845,-8.09757,7.475,0,3.86913,0,0,NONE,999.9,0,0
0.832156,-8.0588,7.475,0,3.88493,0,0,NONE,999.9,0,0
0.836196,-8.0588,7.475,0,3.88493,0,0,NONE,999.9,0,0
0.849194,-8.01988,7.475,0,3.89999,0,0,NONE,999.9,0,0
0.856363,-7.9808,7.475,0,3.91432,0,0,NONE,999.9,0,0
0.86178,-7.94159,7.475,0,3.92798,0,0,NONE,999.9,0,0
0.865961,-7.94159,7.475,0,3.92798,0,0,NONE,999.9,0,0
0.871715,-7.90225,7.475,0,3.94099,0,0,NONE,999.9,0,0
0.877155,-7.90225,7.475,0,3.94099,0,0,NONE,999.9,0,0
0.884479,-7.86278,7.475,0,3.95338,0,0,NONE,999.9,0,0
0.89166,-7.82318,7.475,0,3.96517,0,0,NONE,999.9,0,0
0.895611,-7.82318,7.475,0,3.96517,0,0,NONE,999.9,0,0
0.900746,-7.78348,7.475,0,3.97641,0,0,NONE,999.9,0,0
0.908699,-7.78348,7.475,0,3.97641,0,0,NONE,999.9,0,0
0.909799,-7.74366,7.475,0,3.98712,0,0,NONE,999.9,0,0
0.913854,-7.74366,7.475,0,3.98712,0,0,NONE,999.9,0,0
0.919429,-7.70374,7.475,0,3.99731,0,0,NONE,999.9,0,0
0.923879,-7.70374,7.475,0,3.99731,0,0,NONE,999.9,0,0
0.929064,-7.66371,7.475,0,4.00702,0,0,NONE,999.9,0,0
0.932555,-7.66371,7.475,0,4.00702,0,0,NONE,999.9,0,0
0.9361,-7.66371,7.475,0,4.00702,0,0,NONE,999.9,0,0
0.942901,-7.62354,7.475,0,4.02703,0,0,NONE,999.9,0,0
0.946448,-7.62354,7.475,0,4.02703,0,0,NONE,999.9,0,0
0.953678,-7.58318,7.475,0,4.04608,0,0,NONE,999.9,0,0
0.957973,-7.54263,7.475,0,4.06423,0,0,NONE,999.9,0,0
0.96149,-7.54263,7.475,0,4.06423,0,0,NONE,999.9,0,0
0.964356,-7.54263,7.475,0,4.06423,0,0,NONE,999.9,0,0
0.976065,-7.5019,7.475,0,4.08152,0,0,NONE,999.9,0,0
0.979104,-7.46108,7.475,0,4.08183,0,0,NONE,999.9,0,0
0.981768,-7.46108,7.475,0,4.08183,0,0,NONE,999.9,0,0
0.985906,-7.46108,7.475,0,4.08183,0,0,NONE,999.9,0,0
0.990685,-7.42026,7.475,0,4.08212,0,0,NONE,999.9,0,0
0.994695,-7.42026,7.475,0,4.08212,0,0,NONE,999.9,0,0
1.00085,-7.37944,7.475,0,4.0824,0,0,NONE,999.9,0,0
1.0063,-7.37944,7.475,0,4.0824,0,0,NONE,999.9,0,0
1.00962,-7.33861,7.475,0,4.08267,0,0,NONE,999.9,0,0
1.01146,-7.33861,7.475,0,4.08267,0,0,NONE,999.9,0,0
1.01734,-7.33861,7.475,0,4.08267,0,0,NONE,999.9,0,0
1.02237,-7.29779,7.475,0,4.08292,0,0,NONE,999.9,0,0
1.02599,-7.29779,7.475,0,4.08292,0,0,NONE,999.9,0,0
1.03284,-7.25696,7.475,0,4.08316,0,0,NONE,999.9,0,0
1.03684,-7.25696,7.475,0,4.08316,0,0,NONE,999.9,0,0
1.04251,-7.21612,7.475,0,4.08339,0,0,NONE,999.9,0,0
1.04413,-7.21612,7.475,0,4.08339,0,0,NONE,999.9,0,0
1.04981,-7.17529,7.475,0,4.08361,0,0,NONE,999.9,0,0
1.05373,-7.17529,7.475,0,4.08361,0,0,NONE,999.9,0,0
1.05881,-7.13445,7.475,0,4.08382,0,0,NONE,999.9,0,0
1.06235,-7.13445,7.475,0,4.08382,0,0,NONE,999.9,0,0
1.07234,-7.13445,7.475,0,4.08382,0,0,NONE,999.9,0,0
1.07244,-7.09361,7.475,0,4.08402,0,0,NONE,999.9,0,0
1.07434,-7.09361,7.475,0,4.08402,0,0,NONE,999.9,0,0
1.07657,-7.09361,7.475,0,4.08402,0,0,NONE,999.9,0,0
1.08217,-7.05277,7.475,0,4.08421,0,0,NONE,999.9,0,0
1.08607,-7.05277,7.475,0,4.08421,0,0,NONE,999.9,0,0
1.09153,-7.01193,7.475,0,4.08439,0,0,NONE,999.9,0,0
1.09538,-7.01193,7.475,0,4.08439,0,0,NONE,999.9,0,0
1.1077,-6.97108,7.475,0,4.08457,0,0,NONE,999.9,0,0
1.11289,-6.93024,7.475,0,4.08473,0,0,NONE,999.9,0,0
1.11748,-6.93024,7.475,0,4.08473,0,0,NONE,999.9,0,0
1.12261,-6.88939,7.475,0,4.08489,0,0,NONE,999.9,0,0
1.12554,-6.88939,7.475,0,4.08489,0,0,NONE,999.9,0,0
1.13264,-6.84854,7.475,0,4.08503,0,0,NONE,999.9,0,0
1.13459,-6.84854,7.475,0,4.08503,0,0,NONE,999.9,0,0
1.14004,-6.80769,7.475,0,4.08518,0,0,NONE,999.9,0,0
1.14337,-6.80769,7.475,0,4.08518,0,0,NONE,999.9,0,0
1.14948,-6.76683,7.475,0,4.08531,0,0,NONE,999.9,0,0
1.15276,-6.76683,7.475,0,4.08531,0,0,NONE,999.9,0,0
1.15579,-6.76683,7.475,0,4.08531,0,0,NONE,999.9,0,0
1.16529,-6.72598,7.475,0,4.08544,0,0,NONE,999.9,0,0
1.16922,-6.72598,7.475,0,4.08544,0,0,NONE,999.9,0,0
1.17247,-6.68513,7.475,0,4.08556,0,0,NONE,999.9,0,0
1.1761,-6.68513,7.475,0,4.08556,0,0,NONE,999.9,0,0
1.18172,-6.64427,7.475,0,4.08568,0,0,NONE,999.9,0,0
1.18519,-6.64427,7.475,0,4.08568,0,0,NONE,999.9,0,0
1.18931,-6.60341,7.475,0,4.08579,0,0,NONE,999.9,0,0
1.20097,-6.56255,7.475,0,4.0859,0,0,NONE,999.9,0,0
1.20627,-6.56255,7.475,0,4.0859,0,0,NONE,999.9,0,0
1.2121,-6.52169,7.475,0,4.086,0,0,NONE,999.9,0,0
1.21554,-6.52169,7.475,0,4.086,0,0,NONE,999.9,0,0
1.22092,-6.48083,7.475,0,4.08609,0,0,NONE,999.9,0,0
1.22909,-6.48083,7.475,0,4.08609,0,0,NONE,999.9,0,0
1.23288,-6.43997,7.475,0,4.08618,0,0,NONE,999.9,0,0
1.23634,-6.43997,7.475,0,4.08618,0,0,NONE,999.9,0,0
1.24139,-6.39911,7.475,0,4.08627,0,0,NONE,999.9,0,0
1.24663,-6.39911,7.475,0,4.08627,0,0,NONE,999.9,0,0
1.25332,-6.35825,7.475,0,4.08635,0,0,NONE,999.9,0,0
1.25655,-6.35825,7.475,0,4.08635,0,0,NONE,999.9,0,0
1.26881,-6.31738,7.475,0,4.08643,0,0,NONE,999.9,0,0
1.27355,-6.27652,7.475,0,4.08651,0,0,NONE,999.9,0,0
1.28044,-6.23565,7.475,0,4.08658,0,0,NONE,999.9,0,0
1.28518,-6.23565,7.475,0,4.08658,0,0,NONE,999.9,0,0
1.29299,-6.19474,7.475,0,4.09536,0,0,NONE,999.9,0,0
1.29635,-6.19474,7.475,0,4.09536,0,0,NONE,999.9,0,0
1.30188,-6.15375,7.475,0,4.10372,0,0,NONE,999.9,0,0
1.30625,-6.15375,7.475,0,4.10372,0,0,NONE,999.9,0,0
1.31243,-6.11267,7.475,0,4.11168,0,0,NONE,999.9,0,0
1.31721,-6.11267,7.475,0,4.11168,0,0,NONE,999.9,0,0
1.32749,-6.07152,7.475,0,4.11927,0,0,NONE,999.9,0,0
1.33369,-6.03029,7.475,0,4.12649,0,0,NONE,999.9,0,0
1.33588,-6.03029,7.475,0,4.12649,0,0,NONE,999.9,0,0
1.34371,-5.98899,7.475,0,4.13338,0,0,NONE,999.9,0,0
1.34826,-5.94762,7.475,0,4.13993,0,0,NONE,999.9,0,0
1.35759,-5.94762,7.475,0,4.13993,0,0,NONE,999.9,0,0
1.36416,-5.90619,7.475,0,4.14617,0,0,NONE,999.9,0,0
1.36989,-5.8647,7.475,0,4.15212,0,0,NONE,999.9,0,0
1.37954,-5.82315,7.475,0,4.15778,0,0,NONE,999.9,0,0
1.38347,-5.82315,7.475,0,4.15778,0,0,NONE,999.9,0,0
1.39475,-5.78155,7.475,0,4.16317,0,0,NONE,999.9,0,0
1.4048,-5.73989,7.475,0,4.16831,0,0,NONE,999.9,0,0
1.41069,-5.69816,7.475,0,4.17724,0,0,NONE,999.9,0,0
1.42607,-5.69816,7.475,0,4.17724,0,0,NONE,999.9,0,0
1.43334,-5.65635,7.475,0,4.18575,0,0,NONE,999.9,0,0
1.44577,-5.61445,7.475,0,4.19385,0,0,NONE,999.9,0,0
1.46211,-5.57247,7.475,0,4.20157,0,0,NONE,999.9,0,0
1.46907,-5.57247,7.475,0,4.20157,0,0,NONE,999.9,0,0
1.48036,-5.53042,7.475,0,4.20892,0,0,NONE,999.9,0,0
1.48565,-5.48829,7.475,0,4.21592,0,0,NONE,999.9,0,0
1.50295,-5.4461,7.475,0,4.22259,0,0,NONE,999.9,0,0
1.52233,-5.40384,7.475,0,4.22894,0,0,NONE,999.9,0,0
1.53831,-5.36152,7.475,0,4.23499,0,0,NONE,999.9,0,0
1.55525,-5.31915,7.475,0,4.24075,0,0,NONE,999.9,0,0
1.56105,-5.27671,7.475,0,4.24624,0,0,NONE,999.9,0,0
1.57735,-5.27671,7.475,0,4.24624,0,0,NONE,999.9,0,0
1.58052,-5.23422,7.475,0,4.25146,0,0,NONE,999.9,0,0
1.59077,-5.23422,7.475,0,4.25146,0,0,NONE,999.9,0,0
1.60539,-5.19168,7.475,0,4.25644,0,0,NONE,999.9,0,0
1.6102,-5.14909,7.475,0,4.26118,0,0,NONE,999.9,0,0
1.61546,-5.10646,7.475,0,4.2657,0,0,NONE,999.9,0,0
1.62894,-5.06378,7.475,0,4.27,0,0,NONE,999.9,0,0
1.64747,-5.02106,7.475,0,4.2741,0,0,NONE,999.9,0,0
1.66229,-4.9783,7.475,0,4.278,0,0,NONE,999.9,0,0
1.67654,-4.9355,7.475,0,4.28171,0,0,NONE,999.9,0,0
1.68273,-4.89267,7.475,0,4.28525,0,0,NONE,999.9,0,0
1.6981,-4.8498,7.475,0,4.28862,0,0,NONE,999.9,0,0
1.70593,-4.8069,7.475,0,4.29184,0,0,NONE,999.9,0,0
1.71505,-4.76394,7.475,0,4.29872,0,0,NONE,999.9,0,0
1.72609,-4.72092,7.475,0,4.30527,0,0,NONE,999.9,0,0
1.74535,-4.67784,7.475,0,4.31151,0,0,NONE,999.9,0,0
1.75153,-4.63469,7.475,0,4.31746,0,0,NONE,999.9,0,0
1.7587,-4.63469,7.475,0,4.31746,0,0,NONE,999.9,0,0
1.77291,-4.59149,7.475,0,4.32312,0,0,NONE,999.9,0,0
1.773,-4.54823,7.475,0,4.32851,0,0,NONE,999.9,0,0
1.7813,-4.54823,7.475,0,4.32851,0,0,NONE,999.9,0,0
1.78577,-4.50492,7.475,0,4.33365,0,0,NONE,999.9,0,0
1.79418,-4.46156,7.475,0,4.33854,0,0,NONE,999.9,0,0
1.79845,-4.46156,7.475,0,4.33854,0,0,NONE,999.9,0,0
1.80307,-4.41815,7.475,0,4.3432,0,0,NONE,999.9,0,0
1.81027,-4.41815,7.475,0,4.3432,0,0,NONE,999.9,0,0
1.81048,-4.37473,7.475,0,4.34187,0,0,NONE,999.9,0,0
1.81694,-4.37473,7.475,0,4.34187,0,0,NONE,999.9,0,0
1.8199,-4.33131,7.475,0,4.34079,0,0,NONE,999.9,0,0
1.8235,-4.33131,7.475,0,4.34079,0,0,NONE,999.9,0,0
1.83006,-4.28791,7.475,0,4.33992,0,0,NONE,999.9,0,0
1.83765,-4.28791,7.475,0,4.33992,0,0,NONE,999.9,0,0
1.84197,-4.24449,7.475,0,4.34317,0,0,NONE,999.9,0,0
1.84593,-4.24449,7.475,0,4.34317,0,0,NONE,999.9,0,0
1.85091,-4.20105,7.475,0,4.34627,0,0,NONE,999.9,0,0
1.85535,-4.20105,7.475,0,4.34627,0,0,NONE,999.9,0,0
1.86102,-4.15757,7.475,0,4.34921,0,0,NONE,999.9,0,0
1.86467,-4.15757,7.475,0,4.34921,0,0,NONE,999.9,0,0
1.87541,-4.11406,7.475,0,4.35202,0,0,NONE,999.9,0,0
1.8809,-4.07053,7.475,0,4.3547,0,0,NONE,999.9,0,0
1.88431,-4.07053,7.475,0,4.3547,0,0,NONE,999.9,0,0
1.88911,-4.02697,7.475,0,4.35725,0,0,NONE,999.9,0,0
1.89246,-4.02697,7.475,0,4.35725,0,0,NONE,999.9,0,0
1.90067,-3.98339,7.475,0,4.35967,0,0,NONE,999.9,0,0
1.90521,-3.98339,7.475,0,4.35967,0,0,NONE,999.9,0,0
1.90901,-3.93978,7.475,0,4.36198,0,0,NONE,999.9,0,0
1.91321,-3.93978,7.475,0,4.36198,0,0,NONE,999.9,0,0
1.91668,-3.93978,7.475,0,4.36198,0,0,NONE,999.9,0,0
1.92137,-3.89615,7.475,0,4.36418,0,0,NONE,999.9,0,0
1.92458,-3.89615,7.475,0,4.36418,0,0,NONE,999.9,0,0
1.93436,-3.85249,7.475,0,4.36628,0,0,NONE,999.9,0,0
1.93467,-3.85249,7.475,0,4.36628,0,0,NONE,999.9,0,0
1.94041,-3.80882,7.475,0,4.36828,0,0,NONE,999.9,0,0
1.9446,-3.80882,7.475,0,4.36828,0,0,NONE,999.9,0,0
1.94963,-3.76513,7.475,0,4.37018,0,0,NONE,999.9,0,0
1.95338,-3.76513,7.475,0,4.37018,0,0,NONE,999.9,0,0
1.95652,-3.76513,7.475,0,4.37018,0,0,NONE,999.9,0,0
1.96668,-3.72142,7.475,0,4.37199,0,0,NONE,999.9,0,0
1.9706,-3.67769,7.475,0,4.37371,0,0,NONE,999.9,0,0
1.97358,-3.67769,7.475,0,4.37371,0,0,NONE,999.9,0,0
1.97736,-3.67769,7.475,0,4.37371,0,0,NONE,999.9,0,0
1.98217,-3.63394,7.475,0,4.37536,0,0,NONE,999.9,0,0
1.9859,-3.63394,7.475,0,4.37536,0,0,NONE,999.9,0,0
1.99029,-3.59018,7.475,0,4.37692,0,0,NONE,999.9,0,0
1.99436,-3.59018,7.475,0,4.37692,0,0,NONE,999.9,0,0
2.00142,-3.54641,7.475,0,4.37841,0,0,NONE,999.9,0,0
2.00644,-3.54641,7.475,0,4.37841,0,0,NONE,999.9,0,0
2.01153,-3.50261,7.475,0,4.37983,0,0,NONE,999.9,0,0
2.01491,-3.50261,7.475,0,4.37983,0,0,NONE,999.9,0,0
2.0202,-3.45881,7.475,0,4.38119,0,0,NONE,999.9,0,0
2.02845,-3.45881,7.475,0,4.38119,0,0,NONE,999.9,0,0
2.03159,-3.41498,7.475,0,4.38572,0,0,NONE,999.9,0,0
2.03294,-3.41498,7.475,0,4.38572,0,0,NONE,999.9,0,0
2.03721,-3.41498,7.475,0,4.38572,0,0,NONE,999.9,0,0
2.04237,-3.3711,7.475,0,4.39003,0,0,NONE,999.9,0,0
2.04558,-3.3711,7.475,0,4.39003,0,0,NONE,999.9,0,0
2.05125,-3.32718,7.475,0,4.39414,0,0,NONE,999.9,0,0
2.05456,-3.32718,7.475,0,4.39414,0,0,NONE,999.9,0,0
2.06482,-3.28321,7.475,0,4.39806,0,0,NONE,999.9,0,0
2.06851,-3.23922,7.475,0,4.40179,0,0,NONE,999.9,0,0
2.07206,-3.23922,7.475,0,4.40179,0,0,NONE,999.9,0,0
2.07553,-3.23922,7.475,0,4.40179,0,0,NONE,999.9,0,0
2.08068,-3.19518,7.475,0,4.40534,0,0,NONE,999.9,0,0
2.0849,-3.19518,7.475,0,4.40534,0,0,NONE,999.9,0,0
2.09291,-3.15111,7.475,0,4.40872,0,0,NONE,999.9,0,0
2.09726,-3.15111,7.475,0,4.40872,0,0,NONE,999.9,0,0
2.10073,-3.10701,7.475,0,4.41194,0,0,NONE,999.9,0,0
2.10458,-3.10701,7.475,0,4.41194,0,0,NONE,999.9,0,0
2.11046,-3.06287,7.475,0,4.41501,0,0,NONE,999.9,0,0
2.11373,-3.06287,7.475,0,4.41501,0,0,NONE,999.9,0,0
2.11674,-3.06287,7.475,0,4.41501,0,0,NONE,999.9,0,0
2.12877,-3.01871,7.475,0,4.41794,0,0,NONE,999.9,0,0
2.13205,-2.97451,7.475,0,4.42072,0,0,NONE,999.9,0,0
2.13587,-2.97451,7.475,0,4.42072,0,0,NONE,999.9,0,0
2.14318,-2.93029,7.475,0,4.42337,0,0,NONE,999.9,0,0
2.14612,-2.93029,7.475,0,4.42337,0,0,NONE,999.9,0,0
2.14993,-2.88605,7.475,0,4.42493,0,0,NONE,999.9,0,0
2.16278,-2.84179,7.475,0,4.42642,0,0,NONE,999.9,0,0
2.16623,-2.84179,7.475,0,4.42642,0,0,NONE,999.9,0,0
2.17273,-2.79752,7.475,0,4.42784,0,0,NONE,999.9,0,0
2.17675,-2.79752,7.475,0,4.42784,0,0,NONE,999.9,0,0
2.18214,-2.75324,7.475,0,4.42919,0,0,NONE,999.9,0,0
2.19166,-2.75324,7.475,0,4.42919,0,0,NONE,999.9,0,0
2.19171,-2.70894,7.475,0,4.43047,0,0,NONE,999.9,0,0
2.19437,-2.70894,7.475,0,4.43047,0,0,NONE,999.9,0,0
2.20171,-2.66463,7.475,0,4.4317,0,0,NONE,999.9,0,0
2.20601,-2.66463,7.475,0,4.4317,0,0,NONE,999.9,0,0
2.21121,-2.62031,7.475,0,4.43286,0,0,NONE,999.9,0,0
2.22239,-2.62031,7.475,0,4.43286,0,0,NONE,999.9,0,0
2.22763,-2.57597,7.475,0,4.43397,0,0,NONE,999.9,0,0
2.23357,-2.53162,7.475,0,4.43733,0,0,NONE,999.9,0,0
2.23646,-2.53162,7.475,0,4.43733,0,0,NONE,999.9,0,0
2.24122,-2.48723,7.475,0,4.44052,0,0,NONE,999.9,0,0
2.24453,-2.48723,7.475,0,4.44052,0,0,NONE,999.9,0,0
2.25572,-2.44281,7.475,0,4.44357,0,0,NONE,999.9,0,0
2.2613,-2.39836,7.475,0,4.44646,0,0,NONE,999.9,0,0
2.26501,-2.39836,7.475,0,4.44646,0,0,NONE,999.9,0,0
2.26989,-2.35388,7.475,0,4.44922,0,0,NONE,999.9,0,0
2.27447,-2.35388,7.475,0,4.44922,0,0,NONE,999.9,0,0
2.28578,-2.30937,7.475,0,4.45185,0,0,NONE,999.9,0,0
2.29023,-2.26484,7.475,0,4.45436,0,0,NONE,999.9,0,0
2.29437,-2.26484,7.475,0,4.45436,0,0,NONE,999.9,0,0
2.29975,-2.22029,7.475,0,4.45674,0,0,NONE,999.9,0,0
2.30345,-2.22029,7.475,0,4.45674,0,0,NONE,999.9,0,0
2.3092,-2.17571,7.475,0,4.45901,0,0,NONE,999.9,0,0
2.31911,-2.17571,7.475,0,4.45901,0,0,NONE,999.9,0,0
2.32358,-2.13111,7.475,0,4.46118,0,0,NONE,999.9,0,0
2.32588,-2.13111,7.475,0,4.46118,0,0,NONE,999.9,0,0
2.33185,-2.08648,7.475,0,4.46324,0,0,NONE,999.9,0,0
2.33689,-2.08648,7.475,0,4.46324,0,0,NONE,999.9,0,0
2.34194,-2.04184,7.475,0,4.4652,0,0,NONE,999.9,0,0
2.35372,-1.99718,7.475,0,4.46707,0,0,NONE,999.9,0,0
2.3584,-1.9525,7.475,0,4.46885,0,0,NONE,999.9,0,0
2.36162,-1.9525,7.475,0,4.46885,0,0,NONE,999.9,0,0
2.36734,-1.9525,7.475,0,4.46885,0,0,NONE,999.9,0,0
2.37211,-1.9078,7.475,0,4.47055,0,0,NONE,999.9,0,0
2.3817,-1.9078,7.475,0,4.47055,0,0,NONE,999.9,0,0
2.38528,-1.86309,7.475,0,4.47216,0,0,NONE,999.9,0,0
2.38915,-1.81836,7.475,0,4.4737,0,0,NONE,999.9,0,0
2.39253,-1.81836,7.475,0,4.4737,0,0,NONE,999.9,0,0
2.39718,-1.81836,7.475,0,4.4737,0,0,NONE,999.9,0,0
2.40198,-1.77362,7.475,0,4.47517,0,0,NONE,999.9,0,0
2.40523,-1.77362,7.475,0,4.47517,0,0,NONE,999.9,0,0
2.41282,-1.72886,7.475,0,4.47656,0,0,NONE,999.9,0,0
2.41357,-1.72886,7.475,0,4.47656,0,0,NONE,999.9,0,0
2.41955,-1.68409,7.475,0,4.47789,0,0,NONE,999.9,0,0
2.42217,-1.68409,7.475,0,4.47789,0,0,NONE,999.9,0,0
2.42667,-1.68409,7.475,0,4.47789,0,0,NONE,999.9,0,0
2.43185,-1.63929,7.475,0,4.48133,0,0,NONE,999.9,0,0
2.43487,-1.63929,7.475,0,4.48133,0,0,NONE,999.9,0,0
2.44462,-1.59446,7.475,0,4.48461,0,0,NONE,999.9,0,0
2.45039,-1.5496,7.475,0,4.48773,0,0,NONE,999.9,0,0
2.45365,-1.5496,7.475,0,4.48773,0,0,NONE,999.9,0,0
2.45859,-1.50471,7.475,0,4.4907,0,0,NONE,999.9,0,0
2.46279,-1.50471,7.475,0,4.4907,0,0,NONE,999.9,0,0
2.46571,-1.50471,7.475,0,4.4907,0,0,NONE,999.9,0,0
2.47011,-1.45978,7.475,0,4.49353,0,0,NONE,999.9,0,0
2.48157,-1.41484,7.475,0,4.49622,0,0,NONE,999.9,0,0
2.48318,-1.41484,7.475,0,4.49622,0,0,NONE,999.9,0,0
2.48849,-1.36987,7.475,0,4.49761,0,0,NONE,999.9,0,0
2.4918,-1.36987,7.475,0,4.49761,0,0,NONE,999.9,0,0
2.49738,-1.36987,7.475,0,4.49761,0,0,NONE,999.9,0,0
2.50209,-1.32488,7.475,0,4.49893,0,0,NONE,999.9,0,0
2.51014,-1.32488,7.475,0,4.49893,0,0,NONE,999.9,0,0
2.51593,-1.27989,7.475,0,4.50019,0,0,NONE,999.9,0,0
2.52146,-1.23488,7.475,0,4.50139,0,0,NONE,999.9,0,0
2.52523,-1.23488,7.475,0,4.50139,0,0,NONE,999.9,0,0
2.53419,-1.18986,7.475,0,4.50253,0,0,NONE,999.9,0,0
2.54197,-1.14483,7.475,0,4.50362,0,0,NONE,999.9,0,0
2.5479,-1.14483,7.475,0,4.50362,0,0,NONE,999.9,0,0
2.55345,-1.09979,7.475,0,4.50465,0,0,NONE,999.9,0,0
2.55546,-1.09979,7.475,0,4.50465,0,0,NONE,999.9,0,0
2.56226,-1.05474,7.475,0,4.50564,0,0,NONE,999.9,0,0
2.56708,-1.05474,7.475,0,4.50564,0,0,NONE,999.9,0,0
2.57906,-1.00968,7.475,0,4.50658,0,0,NONE,999.9,0,0
2.58373,-0.964606,7.475,0,4.50747,0,0,NONE,999.9,0,0
2.5889,-0.919527,7.475,0,4.50832,0,0,NONE,999.9,0,0
2.59291,-0.919527,7.475,0,4.50832,0,0,NONE,999.9,0,0
2.59599,-0.919527,7.475,0,4.50832,0,0,NONE,999.9,0,0
2.60411,-0.874432,7.475,0,4.51078,0,0,NONE,999.9,0,0
2.60872,-0.874432,7.475,0,4.51078,0,0,NONE,999.9,0,0
2.61361,-0.829312,7.475,0,4.51312,0,0,NONE,999.9,0,0
2.6193,-0.78417,7.475,0,4.51535,0,0,NONE,999.9,0,0
2.62393,-0.78417,7.475,0,4.51535,0,0,NONE,999.9,0,0
2.62864,-0.739006,7.475,0,4.51747,0,0,NONE,999.9,0,0
2.63201,-0.739006,7.475,0,4.51747,0,0,NONE,999.9,0,0
2.63829,-0.739006,7.475,0,4.51747,0,0,NONE,999.9,0,0
2.64407,-0.693821,7.475,0,4.51949,0,0,NONE,999.9,0,0
2.64707,-0.693821,7.475,0,4.51949,0,0,NONE,999.9,0,0
2.65231,-0.648617,7.475,0,4.52141,0,0,NONE,999.9,0,0
2.65634,-0.648617,7.475,0,4.52141,0,0,NONE,999.9,0,0
2.66174,-0.603393,7.475,0,4.52325,0,0,NONE,999.9,0,0
2.67138,-0.603393,7.475,0,4.52325,0,0,NONE,999.9,0,0
2.67708,-0.558152,7.475,0,4.52499,0,0,NONE,999.9,0,0
2.68449,-0.512894,7.475,0,4.52666,0,0,NONE,999.9,0,0
2.69126,-0.467619,7.475,0,4.52824,0,0,NONE,999.9,0,0
2.69488,-0.467619,7.475,0,4.52824,0,0,NONE,999.9,0,0
2.7078,-0.422329,7.475,0,4.52975,0,0,NONE,999.9,0,0
2.71373,-0.377025,7.475,0,4.53119,0,0,NONE,999.9,0,0
2.72027,-0.331706,7.475,0,4.53256,0,0,NONE,999.9,0,0
2.72501,-0.331706,7.475,0,4.53256,0,0,NONE,999.9,0,0
2.73465,-0.286374,7.475,0,4.53386,0,0,NONE,999.9,0,0
2.74678,-0.241029,7.475,0,4.5351,0,0,NONE,999.9,0,0
2.75357,-0.195672,7.475,0,4.53629,0,0,NONE,999.9,0,0
2.7663,-0.150303,7.475,0,4.53741,0,0,NONE,999.9,0,0
2.76635,-0.150303,7.475,0,4.53741,0,0,NONE,999.9,0,0
2.77123,-0.104924,7.475,0,4.53849,0,0,NONE,999.9,0,0
2.77703,-0.104924,7.475,0,4.53849,0,0,NONE,999.9,0,0
2.78105,-0.059534,7.475,0,4.53951,0,0,NONE,999.9,0,0
2.78437,-0.059534,7.475,0,4.53951,0,0,NONE,999.9,0,0
2.79176,-0.0141341,7.475,0,4.54048,0,0,NONE,999.9,0,0
2.80491,0.0312753,7.475,0,4.54141,0,0,NONE,999.9,0,0
2.81263,0.0767016,7.475,0,4.54385,0,0,NONE,999.9,0,0
2.81704,0.0767016,7.475,0,4.54385,0,0,NONE,999.9,0,0
2.84231,0.122152,7.475,0,4.54617,0,0,NONE,999.9,0,0
2.84834,0.167624,7.475,0,4.54838,0,0,NONE,999.9,0,0
2.85423,0.213119,7.475,0,4.55049,0,0,NONE,999.9,0,0
2.86711,0.258634,7.475,0,4.5525,0,0,NONE,999.9,0,0
2.87468,0.304168,7.475,0,4.55441,0,0,NONE,999.9,0,0
2.87944,0.304168,7.475,0,4.55441,0,0,NONE,999.9,0,0
2.88563,0.349722,7.475,0,4.55623,0,0,NONE,999.9,0,0
2.89448,0.395287,7.475,0,4.55681,0,0,NONE,999.9,0,0
2.90781,0.440858,7.475,0,4.55736,0,0,NONE,999.9,0,0
2.91581,0.486434,7.475,0,4.55789,0,0,NONE,999.9,0,0
2.92385,0.532015,7.475,0,4.55838,0,0,NONE,999.9,0,0
2.93825,0.577602,7.475,0,4.55886,0,0,NONE,999.9,0,0
2.95102,0.623192,7.475,0,4.55931,0,0,NONE,999.9,0,0
2.95591,0.668788,7.475,0,4.55974,0,0,NONE,999.9,0,0
2.96451,0.714387,7.475,0,4.56015,0,0,NONE,999.9,0,0
2.97171,0.759997,7.475,0,4.56178,0,0,NONE,999.9,0,0
2.98057,0.759997,7.475,0,4.56178,0,0,NONE,999.9,0,0
2.99123,0.805622,7.475,0,4.56334,0,0,NONE,999.9,0,0
2.99219,0.805622,7.475,0,4.56334,0,0,NONE,999.9,0,0
3.00156,0.851263,7.475,0,4.56482,0,0,NONE,999.9,0,0
3.00517,0.851263,7.475,0,4.56482,0,0,NONE,999.9,0,0
3.00941,0.896918,7.475,0,4.56623,0,0,NONE,999.9,0,0
3.02532,0.896918,7.475,0,4.56623,0,0,NONE,999.9,0,0
3.02625,0.942587,7.475,0,4.56757,0,0,NONE,999.9,0,0
3.03859,0.98827,7.475,0,4.56885,0,0,NONE,999.9,0,0
3.04742,1.03396,7.475,0,4.57007,0,0,NONE,999.9,0,0
3.05668,1.07967,7.475,0,4.57122,0,0,NONE,999.9,0,0
3.05674,1.07967,7.475,0,4.57122,0,0,NONE,999.9,0,0
3.06207,1.12539,7.475,0,4.57233,0,0,NONE,999.9,0,0
3.06472,1.12539,7.475,0,4.57233,0,0,NONE,999.9,0,0
3.07098,1.17112,7.475,0,4.57338,0,0,NONE,999.9,0,0
3.07554,1.17112,7.475,0,4.57338,0,0,NONE,999.9,0,0
3.08624,1.21686,7.475,0,4.57438,0,0,NONE,999.9,0,0
3.08631,1.21686,7.475,0,4.57438,0,0,NONE,999.9,0,0
3.09111,1.2626,7.475,0,4.57534,0,0,NONE,999.9,0,0
3.09512,1.2626,7.475,0,4.57534,0,0,NONE,999.9,0,0
3.10021,1.30836,7.475,0,4.57625,0,0,NONE,999.9,0,0
3.10351,1.30836,7.475,0,4.57625,0,0,NONE,999.9,0,0
3.10902,1.35413,7.475,0,4.57711,0,0,NONE,999.9,0,0
3.11746,1.35413,7.475,0,4.57711,0,0,NONE,999.9,0,0
3.11911,1.3999,7.475,0,4.57794,0,0,NONE,999.9,0,0
3.12449,1.3999,7.475,0,4.57794,0,0,NONE,999.9,0,0
3.13135,1.44569,7.475,0,4.57872,0,0,NONE,999.9,0,0
3.13527,1.44569,7.475,0,4.57872,0,0,NONE,999.9,0,0
3.1404,1.49148,7.475,0,4.57947,0,0,NONE,999.9,0,0
3.14396,1.49148,7.475,0,4.57947,0,0,NONE,999.9,0,0
3.15032,1.53728,7.475,0,4.58018,0,0,NONE,999.9,0,0
3.15244,1.53728,7.475,0,4.58018,0,0,NONE,999.9,0,0
3.15628,1.53728,7.475,0,4.58018,0,0,NONE,999.9,0,0
3.16259,1.58308,7.475,0,4.58086,0,0,NONE,999.9,0,0
3.16593,1.58308,7.475,0,4.58086,0,0,NONE,999.9,0,0
3.17062,1.62889,7.475,0,4.58151,0,0,NONE,999.9,0,0
3.17383,1.62889,7.475,0,4.58151,0,0,NONE,999.9,0,0
3.18455,1.67472,7.475,0,4.5833,0,0,NONE,999.9,0,0
3.18953,1.72056,7.475,0,4.585,0,0,NONE,999.9,0,0
3.19547,1.72056,7.475,0,4.585,0,0,NONE,999.9,0,0
3.20069,1.76642,7.475,0,4.58662,0,0,NONE,999.9,0,0
3.20383,1.76642,7.475,0,4.58662,0,0,NONE,999.9,0,0
3.21655,1.81229,7.475,0,4.58817,0,0,NONE,999.9,0,0
3.22157,1.85818,7.475,0,4.58964,0,0,NONE,999.9,0,0
3.2236,1.85818,7.475,0,4.58964,0,0,NONE,999.9,0,0
3.22843,1.90408,7.475,0,4.59104,0,0,NONE,999.9,0,0
3.23142,1.90408,7.475,0,4.59104,0,0,NONE,999.9,0,0
3.23557,1.90408,7.475,0,4.59104,0,0,NONE,999.9,0,0
3.24131,1.95,7.475,0,4.59238,0,0,NONE,999.9,0,0
3.24618,1.95,7.475,0,4.59238,0,0,NONE,999.9,0,0
3.25168,1.99593,7.475,0,4.59365,0,0,NONE,999.9,0,0
3.25511,1.99593,7.475,0,4.59365,0,0,NONE,999.9,0,0
3.26042,2.04187,7.475,0,4.59416,0,0,NONE,999.9,0,0
3.26382,2.04187,7.475,0,4.59416,0,0,NONE,999.9,0,0
3.27026,2.08781,7.475,0,4.59464,0,0,NONE,999.9,0,0
3.27817,2.08781,7.475,0,4.59464,0,0,NONE,999.9,0,0
3.27928,2.13377,7.475,0,4.596,0,0,NONE,999.9,0,0
3.28368,2.13377,7.475,0,4.596,0,0,NONE,999.9,0,0
3.28726,2.13377,7.475,0,4.596,0,0,NONE,999.9,0,0
3.29218,2.17973,7.475,0,4.5973,0,0,NONE,999.9,0,0
3.29496,2.17973,7.475,0,4.5973,0,0,NONE,999.9,0,0
3.2995,2.22571,7.475,0,4.59853,0,0,NONE,999.9,0,0
3.30916,2.22571,7.475,0,4.59853,0,0,NONE,999.9,0,0
3.31239,2.2717,7.475,0,4.5997,0,0,NONE,999.9,0,0
3.31537,2.2717,7.475,0,4.5997,0,0,NONE,999.9,0,0
3.3215,2.31771,7.475,0,4.60082,0,0,NONE,999.9,0,0
3.32498,2.31771,7.475,0,4.60082,0,0,NONE,999.9,0,0
3.3305,2.36372,7.475,0,4.60189,0,0,NONE,999.9,0,0
3.33384,2.36372,7.475,0,4.60189,0,0,NONE,999.9,0,0
3.34577,2.40974,7.475,0,4.60291,0,0,NONE,999.9,0,0
3.35144,2.45578,7.475,0,4.60387,0,0,NONE,999.9,0,0
3.35617,2.45578,7.475,0,4.60387,0,0,NONE,999.9,0,0
3.36059,2.50182,7.475,0,4.60479,0,0,NONE,999.9,0,0
3.36464,2.50182,7.475,0,4.60479,0,0,NONE,999.9,0,0
3.37647,2.54787,7.475,0,4.60567,0,0,NONE,999.9,0,0
3.38031,2.59393,7.475,0,4.60651,0,0,NONE,999.9,0,0
3.38293,2.59393,7.475,0,4.60651,0,0,NONE,999.9,0,0
3.39079,2.64,7.475,0,4.6073,0,0,NONE,999.9,0,0
3.39376,2.64,7.475,0,4.6073,0,0,NONE,999.9,0,0
3.39649,2.64,7.475,0,4.6073,0,0,NONE,999.9,0,0
3.40832,2.68608,7.475,0,4.60806,0,0,NONE,999.9,0,0
3.41322,2.73216,7.475,0,4.60878,0,0,NONE,999.9,0,0
3.41646,2.73216,7.475,0,4.60878,0,0,NONE,999.9,0,0
3.42132,2.77826,7.475,0,4.60947,0,0,NONE,999.9,0,0
3.42506,2.77826,7.475,0,4.60947,0,0,NONE,999.9,0,0
3.42913,2.82435,7.475,0,4.61013,0,0,NONE,999.9,0,0
3.43782,2.82435,7.475,0,4.61013,0,0,NONE,999.9,0,0
3.43788,2.82435,7.475,0,4.61013,0,0,NONE,999.9,0,0
3.4422,2.87046,7.475,0,4.61075,0,0,NONE,999.9,0,0
3.44656,2.87046,7.475,0,4.61075,0,0,NONE,999.9,0,0
3.45312,2.91657,7.475,0,4.61134,0,0,NONE,999.9,0,0
3.45691,2.91657,7.475,0,4.61134,0,0,NONE,999.9,0,0
3.46616,2.96269,7.475,0,4.61191,0,0,NONE,999.9,0,0
3.47109,3.00881,7.475,0,4.61245,0,0,NONE,999.9,0,0
3.47403,3.00881,7.475,0,4.61245,0,0,NONE,999.9,0,0
3.48022,3.05493,7.475,0,4.61296,0,0,NONE,999.9,0,0
3.48289,3.05493,7.475,0,4.61296,0,0,NONE,999.9,0,0
3.48951,3.10107,7.475,0,4.61431,0,0,NONE,999.9,0,0
3.49297,3.10107,7.475,0,4.61431,0,0,NONE,999.9,0,0
3.50158,3.10107,7.475,0,4.61431,0,0,NONE,999.9,0,0
3.50166,3.14722,7.475,0,4.61558,0,0,NONE,999.9,0,0
3.50715,3.14722,7.475,0,4.61558,0,0,NONE,999.9,0,0
3.51002,3.19338,7.475,0,4.6168,0,0,NONE,999.9,0,0
3.514,3.19338,7.475,0,4.6168,0,0,NONE,999.9,0,0
3.51981,3.23956,7.475,0,4.61796,0,0,NONE,999.9,0,0
3.52409,3.23956,7.475,0,4.61796,0,0,NONE,999.9,0,0
3.5364,3.28574,7.475,0,4.61907,0,0,NONE,999.9,0,0
3.54174,3.33194,7.475,0,4.62012,0,0,NONE,999.9,0,0
3.54459,3.33194,7.475,0,4.62012,0,0,NONE,999.9,0,0
3.54867,3.37814,7.475,0,4.62112,0,0,NONE,999.9,0,0
3.55462,3.37814,7.475,0,4.62112,0,0,NONE,999.9,0,0
3.55942,3.42436,7.475,0,4.62208,0,0,NONE,999.9,0,0
3.5701,3.42436,7.475,0,4.62208,0,0,NONE,999.9,0,0
3.57306,3.47059,7.475,0,4.62407,0,0,NONE,999.9,0,0
3.57656,3.47059,7.475,0,4.62407,0,0,NONE,999.9,0,0
3.5811,3.51684,7.475,0,4.62597,0,0,NONE,999.9,0,0
3.58513,3.51684,7.475,0,4.62597,0,0,NONE,999.9,0,0
3.59025,3.56311,7.475,0,4.62778,0,0,NONE,999.9,0,0
3.59866,3.56311,7.475,0,4.62778,0,0,NONE,999.9,0,0
3.59871,3.56311,7.475,0,4.62778,0,0,NONE,999.9,0,0
3.60246,3.6094,7.475,0,4.62951,0,0,NONE,999.9,0,0
3.60443,3.6094,7.475,0,4.62951,0,0,NONE,999.9,0,0
3.60894,3.6557,7.475,0,4.63115,0,0,NONE,999.9,0,0
3.6124,3.6557,7.475,0,4.63115,0,0,NONE,999.9,0,0
3.61576,3.6557,7.475,0,4.63115,0,0,NONE,999.9,0,0
3.62025,3.70202,7.475,0,4.63272,0,0,NONE,999.9,0,0
3.6232,3.70202,7.475,0,4.63272,0,0,NONE,999.9,0,0
3.63349,3.74835,7.475,0,4.63421,0,0,NONE,999.9,0,0
3.63682,3.74835,7.475,0,4.63421,0,0,NONE,999.9,0,0
3.64208,3.7947,7.475,0,4.63563,0,0,NONE,999.9,0,0
3.6459,3.7947,7.475,0,4.63563,0,0,NONE,999.9,0,0
3.65112,3.84106,7.475,0,4.63698,0,0,NONE,999.9,0,0
3.66074,3.84106,7.475,0,4.63698,0,0,NONE,999.9,0,0
3.66713,3.88744,7.475,0,4.63827,0,0,NONE,999.9,0,0
3.67226,3.93383,7.475,0,4.63949,0,0,NONE,999.9,0,0
3.67554,3.93383,7.475,0,4.63949,0,0,NONE,999.9,0,0
3.6811,3.98023,7.475,0,4.64066,0,0,NONE,999.9,0,0
3.68419,3.98023,7.475,0,4.64066,0,0,NONE,999.9,0,0
3.69287,4.02664,7.475,0,4.64177,0,0,NONE,999.9,0,0
3.69726,4.02664,7.475,0,4.64177,0,0,NONE,999.9,0,0
3.70311,4.07307,7.475,0,4.64283,0,0,NONE,999.9,0,0
3.7066,4.07307,7.475,0,4.64283,0,0,NONE,999.9,0,0
3.71296,4.1195,7.475,0,4.64384,0,0,NONE,999.9,0,0
3.71738,4.1195,7.475,0,4.64384,0,0,NONE,999.9,0,0
3.72496,4.16594,7.475,0,4.64481,0,0,NONE,999.9,0,0
3.72565,4.16594,7.475,0,4.64481,0,0,NONE,999.9,0,0
3.73259,4.2124,7.475,0,4.64645,0,0,NONE,999.9,0,0
3.73686,4.2124,7.475,0,4.64645,0,0,NONE,999.9,0,0
3.74016,4.25887,7.475,0,4.64802,0,0,NONE,999.9,0,0
3.7433,4.25887,7.475,0,4.64802,0,0,NONE,999.9,0,0
3.75059,4.30536,7.475,0,4.64951,0,0,NONE,999.9,0,0
3.76266,4.35186,7.475,0,4.65093,0,0,NONE,999.9,0,0
3.76617,4.35186,7.475,0,4.65093,0,0,NONE,999.9,0,0
3.77059,4.39838,7.475,0,4.65228,0,0,NONE,999.9,0,0
3.77348,4.39838,7.475,0,4.65228,0,0,NONE,999.9,0,0
3.77743,4.39838,7.475,0,4.65228,0,0,NONE,999.9,0,0
3.78944,4.44491,7.475,0,4.65357,0,0,NONE,999.9,0,0
3.79791,4.49145,7.475,0,4.6548,0,0,NONE,999.9,0,0
3.80296,4.538,7.475,0,4.65597,0,0,NONE,999.9,0,0
3.80754,4.538,7.475,0,4.65597,0,0,NONE,999.9,0,0
3.81306,4.58457,7.475,0,4.65708,0,0,NONE,999.9,0,0
3.82054,4.58457,7.475,0,4.65708,0,0,NONE,999.9,0,0
3.82769,4.63114,7.475,0,4.65814,0,0,NONE,999.9,0,0
3.83216,4.67773,7.475,0,4.65915,0,0,NONE,999.9,0,0
3.83713,4.67773,7.475,0,4.65915,0,0,NONE,999.9,0,0
3.84262,4.72433,7.475,0,4.66012,0,0,NONE,999.9,0,0
3.84728,4.72433,7.475,0,4.66012,0,0,NONE,999.9,0,0
3.854,4.77093,7.475,0,4.66103,0,0,NONE,999.9,0,0
3.86337,4.81755,7.475,0,4.66191,0,0,NONE,999.9,0,0
3.86742,4.81755,7.475,0,4.66191,0,0,NONE,999.9,0,0
3.87349,4.86417,7.475,0,4.66274,0,0,NONE,999.9,0,0
3.8852,4.9108,7.475,0,4.66353,0,0,NONE,999.9,0,0
3.88951,4.9108,7.475,0,4.66353,0,0,NONE,999.9,0,0
3.89342,4.95744,7.475,0,4.66428,0,0,NONE,999.9,0,0
3.9002,5.00409,7.475,0,4.66473,0,0,NONE,999.9,0,0
3.90556,5.00409,7.475,0,4.66473,0,0,NONE,999.9,0,0
3.92162,5.05073,7.475,0,4.66515,0,0,NONE,999.9,0,0
3.92532,5.09739,7.475,0,4.66555,0,0,NONE,999.9,0,0
3.93137,5.14405,7.475,0,4.66594,0,0,NONE,999.9,0,0
3.93593,5.14405,7.475,0,4.66594,0,0,NONE,999.9,0,0
3.94301,5.19071,7.475,0,4.6663,0,0,NONE,999.9,0,0
3.95084,5.19071,7.475,0,4.6663,0,0,NONE,999.9,0,0
3.96173,5.23737,7.475,0,4.66665,0,0,NONE,999.9,0,0
3.96616,5.23737,7.475,0,4.66665,0,0,NONE,999.9,0,0
3.97651,5.28404,7.475,0,4.66698,0,0,NONE,999.9,0,0
3.98364,5.33071,7.475,0,4.6673,0,0,NONE,999.9,0,0
3.99767,5.37739,7.475,0,4.6676,0,0,NONE,999.9,0,0
4.00869,5.42406,7.475,0,4.66788,0,0,NONE,999.9,0,0
4.01647,5.47074,7.475,0,4.66816,0,0,NONE,999.9,0,0
4.02732,5.51743,7.475,0,4.66842,0,0,NONE,999.9,0,0
4.03113,5.56411,7.475,0,4.66866,0,0,NONE,999.9,0,0
4.03562,5.56411,7.475,0,4.66866,0,0,NONE,999.9,0,0
4.0499,5.6108,7.475,0,4.66943,0,0,NONE,999.9,0,0
4.05929,5.6575,7.475,0,4.67017,0,0,NONE,999.9,0,0
4.06661,5.70421,7.475,0,4.67087,0,0,NONE,999.9,0,0
4.07827,5.75092,7.475,0,4.67153,0,0,NONE,999.9,0,0
4.09249,5.79764,7.475,0,4.67217,0,0,NONE,999.9,0,0
4.09988,5.84436,7.475,0,4.67277,0,0,NONE,999.9,0,0
4.10622,5.89109,7.475,0,4.67335,0,0,NONE,999.9,0,0
4.12221,5.93783,7.475,0,4.6739,0,0,NONE,999.9,0,0
4.13028,5.98457,7.475,0,4.67442,0,0,NONE,999.9,0,0
4.14382,6.03132,7.475,0,4.67491,0,0,NONE,999.9,0,0
4.16086,6.07807,7.475,0,4.67539,0,0,NONE,999.9,0,0
4.16428,6.07807,7.475,0,4.67539,0,0,NONE,999.9,0,0
4.17926,6.12482,7.475,0,4.67584,0,0,NONE,999.9,0,0
4.18656,6.17158,7.475,0,4.67627,0,0,NONE,999.9,0,0
4.19877,6.21835,7.475,0,4.67668,0,0,NONE,999.9,0,0
4.20291,6.21835,7.475,0,4.67668,0,0,NONE,999.9,0,0
4.21498,6.26512,7.475,0,4.67707,0,0,NONE,999.9,0,0
4.23195,6.31189,7.475,0,4.67744,0,0,NONE,999.9,0,0
4.23812,6.35867,7.475,0,4.67779,0,0,NONE,999.9,0,0
4.25369,6.40545,7.475,0,4.67813,0,0,NONE,999.9,0,0
4.25689,6.40545,7.475,0,4.67813,0,0,NONE,999.9,0,0
4.27757,6.45223,7.475,0,4.67845,0,0,NONE,999.9,0,0
4.27791,6.45223,7.475,0,4.67845,0,0,NONE,999.9,0,0
4.28609,6.49901,7.475,0,4.67875,0,0,NONE,999.9,0,0
4.29379,6.54581,7.475,0,4.67943,0,0,NONE,999.9,0,0
4.3064,6.54581,7.475,0,4.67943,0,0,NONE,999.9,0,0
4.31284,6.5926,7.475,0,4.68007,0,0,NONE,999.9,0,0
4.3162,6.5926,7.475,0,4.68007,0,0,NONE,999.9,0,0
4.32939,6.63941,7.475,0,4.68068,0,0,NONE,999.9,0,0
4.3413,6.68622,7.475,0,4.68127,0,0,NONE,999.9,0,0
4.34685,6.73303,7.475,0,4.68182,0,0,NONE,999.9,0,0
4.35401,6.77985,7.475,0,4.68235,0,0,NONE,999.9,0,0
4.35972,6.82668,7.475,0,4.68285,0,0,NONE,999.9,0,0
4.36454,6.82668,7.475,0,4.68285,0,0,NONE,999.9,0,0
4.37064,6.87351,7.475,0,4.68333,0,0,NONE,999.9,0,0
4.3729,6.87351,7.475,0,4.68333,0,0,NONE,999.9,0,0
4.37614,6.87351,7.475,0,4.68333,0,0,NONE,999.9,0,0
4.38139,6.9201,7.475,0,4.63539,0,0,NONE,999.9,0,0
4.38572,6.9201,7.475,0,4.63539,0,0,NONE,999.9,0,0
4.39071,6.96626,7.475,0,4.59657,0,0,NONE,999.9,0,0
4.39785,6.96626,7.475,0,4.59657,0,0,NONE,999.9,0,0
4.40318,7.01207,7.475,0,4.56514,0,0,NONE,999.9,0,0
4.40889,7.05765,7.475,0,4.55069,0,0,NONE,999.9,0,0
4.41524,7.05765,7.475,0,4.55069,0,0,NONE,999.9,0,0
4.42003,7.1031,7.475,0,4.53899,0,0,NONE,999.9,0,0
4.42887,7.1031,7.475,0,4.53899,0,0,NONE,999.9,0,0
4.43533,7.14844,7.475,0,4.52952,0,0,NONE,999.9,0,0
4.44057,7.1937,7.475,0,4.52185,0,0,NONE,999.9,0,0
4.44415,7.1937,7.475,0,4.52185,0,0,NONE,999.9,0,0
4.44871,7.23889,7.475,0,4.51563,0,0,NONE,999.9,0,0
4.45172,7.23889,7.475,0,4.51563,0,0,NONE,999.9,0,0
4.45992,7.23889,7.475,0,4.51563,0,0,NONE,999.9,0,0
4.45997,7.28402,7.475,0,4.5106,0,0,NONE,999.9,0,0
4.46482,7.28402,7.475,0,4.5106,0,0,NONE,999.9,0,0
4.46924,7.3291,7.475,0,4.50653,0,0,NONE,999.9,0,0
4.47277,7.3291,7.475,0,4.50653,0,0,NONE,999.9,0,0
4.47653,7.3291,7.475,0,4.50653,0,0,NONE,999.9,0,0
4.48156,7.37415,7.475,0,4.50323,0,0,NONE,999.9,0,0
4.48467,7.37415,7.475,0,4.50323,0,0,NONE,999.9,0,0
4.49319,7.41917,7.475,0,4.50056,0,0,NONE,999.9,0,0
4.49634,7.41917,7.475,0,4.50056,0,0,NONE,999.9,0,0
4.5011,7.46417,7.475,0,4.49839,0,0,NONE,999.9,0,0
4.50486,7.46417,7.475,0,4.49839,0,0,NONE,999.9,0,0
4.50932,7.50914,7.475,0,4.49664,0,0,NONE,999.9,0,0
4.51228,7.50914,7.475,0,4.49664,0,0,NONE,999.9,0,0
4.51506,7.50914,7.475,0,4.49664,0,0,NONE,999.9,0,0
4.5243,7.5541,7.475,0,4.49522,0,0,NONE,999.9,0,0
4.53103,7.59905,7.475,0,4.49408,0,0,NONE,999.9,0,0
4.53462,7.59905,7.475,0,4.49408,0,0,NONE,999.9,0,0
4.54097,7.64398,7.475,0,4.49314,0,0,NONE,999.9,0,0
4.54506,7.64398,7.475,0,4.49314,0,0,NONE,999.9,0,0
4.54966,7.68891,7.475,0,4.49239,0,0,NONE,999.9,0,0
4.55733,7.68891,7.475,0,4.49239,0,0,NONE,999.9,0,0
4.56267,7.73383,7.475,0,4.49178,0,0,NONE,999.9,0,0
4.5654,7.73383,7.475,0,4.49178,0,0,NONE,999.9,0,0
4.56917,7.77875,7.475,0,4.49129,0,0,NONE,999.9,0,0
4.57212,7.77875,7.475,0,4.49129,0,0,NONE,999.9,0,0
4.57624,7.77875,7.475,0,4.49129,0,0,NONE,999.9,0,0
4.58229,7.82366,7.475,0,4.49089,0,0,NONE,999.9,0,0
4.594,7.82366,7.475,0,4.49089,0,0,NONE,999.9,0,0
4.599,7.86856,7.475,0,4.49056,0,0,NONE,999.9,0,0
4.60268,7.86856,7.475,0,4.49056,0,0,NONE,999.9,0,0
4.60758,7.86856,7.475,0,4.49056,0,0,NONE,999.9,0,0
4.61298,7.91347,7.475,0,4.4903,0,0,NONE,999.9,0,0
4.61834,7.91347,7.475,0,4.4903,0,0,NONE,999.9,0,0
4.62351,7.95838,7.475,0,4.49285,0,0,NONE,999.9,0,0
4.62948,8.00332,7.475,0,4.49528,0,0,NONE,999.9,0,0
4.63138,8.00332,7.475,0,4.49528,0,0,NONE,999.9,0,0
4.63534,8.00332,7.475,0,4.49528,0,0,NONE,999.9,0,0
4.64196,8.04829,7.475,0,4.4976,0,0,NONE,999.9,0,0
4.64527,8.04829,7.475,0,4.4976,0,0,NONE,999.9,0,0
4.65268,8.09328,7.475,0,4.4998,0,0,NONE,999.9,0,0
4.65772,8.09328,7.475,0,4.4998,0,0,NONE,999.9,0,0
4.66009,8.13828,7.475,0,4.50191,0,0,NONE,999.9,0,0
4.66329,8.13828,7.475,0,4.50191,0,0,NONE,999.9,0,0
4.66882,8.18345,7.475,0,4.53186,0,0,NONE,999.9,0,0
4.67278,8.18345,7.475,0,4.53186,0,0,NONE,999.9,0,0
4.6758,8.18345,7.475,0,4.53186,0,0,NONE,999.9,0,0
4.68668,8.22892,7.475,0,4.56039,0,0,NONE,999.9,0,0
4.68676,8.22892,7.475,0,4.56039,0,0,NONE,999.9,0,0
4.6908,8.27465,7.475,0,4.58757,0,0,NONE,999.9,0,0
4.69411,8.27465,7.475,0,4.58757,0,0,NONE,999.9,0,0
4.69941,8.32066,7.475,0,4.61345,0,0,NONE,999.9,0,0
4.70383,8.32066,7.475,0,4.61345,0,0,NONE,999.9,0,0
4.70824,8.36692,7.475,0,4.6381,0,0,NONE,999.9,0,0
4.71627,8.36692,7.475,0,4.6381,0,0,NONE,999.9,0,0
4.71737,8.36692,7.475,0,4.6381,0,0,NONE,999.9,0,0
4.72229,8.41342,7.475,0,4.66158,0,0,NONE,999.9,0,0
4.72531,8.41342,7.475,0,4.66158,0,0,NONE,999.9,0,0
4.73099,8.46014,7.475,0,4.68395,0,0,NONE,999.9,0,0
4.7356,8.46014,7.475,0,4.68395,0,0,NONE,999.9,0,0
4.74048,8.50709,7.475,0,4.70525,0,0,NONE,999.9,0,0
4.74888,8.50709,7.475,0,4.70525,0,0,NONE,999.9,0,0
4.75488,8.55424,7.475,0,4.72554,0,0,NONE,999.9,0,0
4.75942,8.6016,7.475,0,4.74486,0,0,NONE,999.9,0,0
4.76319,8.6016,7.475,0,4.74486,0,0,NONE,999.9,0,0
4.76951,8.64914,7.475,0,4.76326,0,0,NONE,999.9,0,0
4.77283,8.64914,7.475,0,4.76326,0,0,NONE,999.9,0,0
4.77519,8.64914,7.475,0,4.76326,0,0,NONE,999.9,0,0
4.78105,8.69686,7.475,0,4.78079,0,0,NONE,999.9,0,0
4.78608,8.69686,7.475,0,4.78079,0,0,NONE,999.9,0,0
4.79134,8.74475,7.475,0,4.79749,0,0,NONE,999.9,0,0
4.79515,8.74475,7.475,0,4.79749,0,0,NONE,999.9,0,0
4.8021,8.7928,7.475,0,4.81339,0,0,NONE,999.9,0,0
4.80534,8.7928,7.475,0,4.81339,0,0,NONE,999.9,0,0
4.81283,8.84104,7.475,0,4.83471,0,0,NONE,999.9,0,0
4.81713,8.84104,7.475,0,4.83471,0,0,NONE,999.9,0,0
4.82361,8.88949,7.475,0,4.85501,0,0,NONE,999.9,0,0
4.82805,8.93814,7.475,0,4.87435,0,0,NONE,999.9,0,0
4.83169,8.93814,7.475,0,4.87435,0,0,NONE,999.9,0,0
4.83636,8.93814,7.475,0,4.87435,0,0,NONE,999.9,0,0
4.84723,8.98641,7.475,0,4.77925,0,0,NONE,999.9,0,0
4.852,9.03372,7.475,0,4.68415,0,0,NONE,999.9,0,0
4.85555,9.03372,7.475,0,4.68415,0,0,NONE,999.9,0,0
4.86078,9.08009,7.47498,-0.000223973,4.58905,-0.0661095,-0.30338,NONE,999.9,0,0
4.86432,9.08009,7.47498,-0.000223973,4.58905,-0.0661095,-0.30338,NONE,999.9,0,0
4.86944,9.1255,7.47486,-0.00168978,4.49395,-0.243431,-1.09397,NONE,999.9,0,0
4.87633,9.1255,7.47486,-0.00168978,4.49395,-0.243431,-1.09397,NONE,999.9,0,0
4.88072,9.16997,7.47458,-0.00492958,4.39885,-0.374751,-1.64847,NONE,999.9,0,0
4.88377,9.16997,7.47458,-0.00492958,4.39885,-0.374751,-1.64847,NONE,999.9,0,0
4.88847,9.21348,7.4742,-0.00912406,4.30375,-0.484066,-2.0833,NONE,999.9,0,0
4.89305,9.21348,7.4742,-0.00912406,4.30375,-0.484066,-2.0833,NONE,999.9,0,0
4.8992,9.21348,7.4742,-0.00912406,4.30375,-0.484066,-2.0833,NONE,999.9,0,0
4.90879,9.25604,7.47368,-0.014505,4.20865,-0.564875,-2.37736,NONE,999.9,0,0
4.91513,9.29764,7.47305,-0.0204043,4.11355,-0.636714,-2.61916,NONE,999.9,0,0
4.91972,9.3383,7.47229,-0.0271614,4.01845,-0.688734,-2.76764,NONE,999.9,0,0
4.92306,9.3383,7.47229,-0.0271614,4.01845,-0.688734,-2.76764,NONE,999.9,0,0
4.9294,9.378,7.47144,-0.0337417,3.92335,-0.608125,-2.38589,NONE,999.9,0,0
4.93435,9.378,7.47144,-0.0337417,3.92335,-0.608125,-2.38589,NONE,999.9,0,0
4.94201,9.41674,7.47057,-0.0394419,3.82825,-0.559428,-2.14163,NONE,999.9,0,0
4.94399,9.41674,7.47057,-0.0394419,3.82825,-0.559428,-2.14163,NONE,999.9,0,0
4.95256,9.45454,7.46961,-0.0449443,3.73315,-0.519155,-1.93808,NONE,999.9,0,0
4.95568,9.45454,7.46961,-0.0449443,3.73315,-0.519155,-1.93808,NONE,999.9,0,0
4.96111,9.49138,7.46859,-0.049901,3.63805,-0.497803,-1.81103,NONE,999.9,0,0
4.96642,9.49138,7.46859,-0.049901,3.63805,-0.497803,-1.81103,NONE,999.9,0,0
4.97323,9.52727,7.46746,-0.0548811,3.54295,-0.474979,-1.68283,NONE,999.9,0,0
4.97641,9.52727,7.46746,-0.0548811,3.54295,-0.474979,-1.68283,NONE,999.9,0,0
4.98238,9.5622,7.46625,-0.0594568,3.44785,-0.46485,-1.60273,NONE,999.9,0,0
4.98553,9.5622,7.46625,-0.0594568,3.44785,-0.46485,-1.60273,NONE,999.9,0,0
4.98987,9.59618,7.46493,-0.0641413,3.35275,-0.448132,-1.50247,NONE,999.9,0,0
4.99252,9.59618,7.46493,-0.0641413,3.35275,-0.448132,-1.50247,NONE,999.9,0,0
4.99646,9.59618,7.46493,-0.0641413,3.35275,-0.448132,-1.50247,NONE,999.9,0,0
5.00818,9.6292,7.46354,-0.0684676,3.25765,-0.441392,-1.4379,NONE,999.9,0,0
5.01445,9.66127,7.46203,-0.0729226,3.16255,-0.425369,-1.34525,NONE,999.9,0,0
5.02044,9.69238,7.46045,-0.0770211,3.06745,-0.41844,-1.28354,NONE,999.9,0,0
5.02527,9.69238,7.46045,-0.0770211,3.06745,-0.41844,-1.28354,NONE,999.9,0,0
5.03149,9.72253,7.45877,-0.0812389,2.97235,-0.400736,-1.19113,NONE,999.9,0,0
5.04247,9.72253,7.45877,-0.0812389,2.97235,-0.400736,-1.19113,NONE,999.9,0,0
5.04527,9.75173,7.45703,-0.0850835,2.87725,-0.392229,-1.12854,NONE,999.9,0,0
5.04998,9.77996,7.45516,-0.0894541,2.78215,-0.497283,-1.38352,NONE,999.9,0,0
5.05327,9.77996,7.45516,-0.0894541,2.78215,-0.497283,-1.38352,NONE,999.9,0,0
5.05844,9.80723,7.45313,-0.0948359,2.68705,-0.548847,-1.47478,NONE,999.9,0,0
5.06298,9.80723,7.45313,-0.0948359,2.68705,-0.548847,-1.47478,NONE,999.9,0,0
5.0695,9.83354,7.451,-0.100395,2.59195,-0.583301,-1.51189,NONE,999.9,0,0
5.07558,9.83354,7.451,-0.100395,2.59195,-0.583301,-1.51189,NONE,999.9,0,0
5.07786,9.83354,7.451,-0.100395,2.59195,-0.583301,-1.51189,NONE,999.9,0,0
5.08321,9.85888,7.44875,-0.106381,2.49685,-0.586824,-1.46521,NONE,999.9,0,0
5.08665,9.85888,7.44875,-0.106381,2.49685,-0.586824,-1.46521,NONE,999.9,0,0
5.09216,9.88327,7.44643,-0.11215,2.40175,-0.589541,-1.41593,NONE,999.9,0,0
5.10066,9.88327,7.44643,-0.11215,2.40175,-0.589541,-1.41593,NONE,999.9,0,0
5.10774,9.90669,7.44403,-0.118079,2.30665,-0.570536,-1.31603,NONE,999.9,0,0
5.11385,9.92915,7.44162,-0.123193,2.21155,-0.437428,-0.967394,NONE,999.9,0,0
5.11961,9.95066,7.43926,-0.127035,2.11645,-0.361305,-0.764684,NONE,999.9,0,0
5.12353,9.95066,7.43926,-0.127035,2.11645,-0.361305,-0.764684,NONE,999.9,0,0
5.13346,9.97121,7.43691,-0.130429,2.02135,-0.296403,-0.599135,NONE,999.9,0,0
5.14179,9.99083,7.4346,-0.133078,1.92934,-0.260155,-0.501926,NONE,999.9,0,0
5.14551,9.99083,7.4346,-0.133078,1.92934,-0.260155,-0.501926,NONE,999.9,0,0
5.15021,10.0096,7.43228,-0.13553,1.85483,-0.209703,-0.388964,NONE,999.9,0,0
5.15366,10.0096,7.43228,-0.13553,1.85483,-0.209703,-0.388964,NONE,999.9,0,0
5.16639,10.0277,7.42998,-0.137353,1.79449,-0.179656,-0.32239,NONE,999.9,0,0
5.16644,10.0277,7.42998,-0.137353,1.79449,-0.179656,-0.32239,NONE,999.9,0,0

--- Experiment Summary ---
Scenario,FrenetUnified_playground_Opp_bumper_v_2.csv
Mode,FRENET_UNIFIED
Finish Reason,COLLISION DETECTED
Duration (s),5.17
Total Dist (m),20.03
Max Speed (m/s),4.87
Max Lat Acc (m/s^2),2.77
Collision,YES
FRENET Usage (%),0.00
FGM Usage (%),0.00
Min Dist (m),999.90
Unsafe Time (s),0.00
Unsafe Ratio,0.00
Track Error RMS (m),0.00
Lat Acc RMS (m/s^2),0.38
