W_TIME,W_DIST,W_SAFE,W_COMF,W_LAT,W_ACC,mean_J_final,min_J_final,mean_T_lap,min_T_lap,runs,success_ratio,crash_or_stuck_runs,min_min_d,mean_unsafe_ratio,max_a_lat,mean_planner_time_ratio_fgm,min_fgm_min_d,mean_fgm_track_rms,mean_avoid_fgm_time_ratio,mean_avoid_fgm_dist_ratio,max_max_speed
1.3866,1.0629,0.8841,0.8504,1.3767,0.2115,52.63,52.63,52.63,52.63,1,1.0,0,0.0,0.09246601643498963,9.08594,1.0000768049155146,0.0,0.3157578853184409,,,
1.4183,0.9121,2.9772,0.9777,0.5069,0.1288,72.34,72.34,72.34,72.34,1,1.0,0,0.0,0.07103490508266994,9.80214,1.0000556730876293,0.0,0.30638665122809816,,,
1.7818,0.6781,2.316,0.5751,0.719,0.1492,72.95,72.95,72.95,72.95,1,1.0,0,0.0,0.10518518518518519,9.79903,1.0000548726953469,0.0,0.30749051604811506,,,
1.236,0.3505,2.8861,0.8526,0.5532,0.1633,73.52,73.52,73.52,73.52,1,1.0,0,0.0,0.03970467596390484,9.81299,1.0000546926274336,0.0,0.3086129937639767,,,
1.3465,0.353,2.4932,0.5484,0.6115,0.1539,73.64,73.64,73.64,73.64,1,1.0,0,0.0,0.030775970647828707,9.35988,1.000054764512596,0.0,0.31715576664635964,,,
1.6935,0.5144,2.9497,0.4106,0.7772,0.1512,73.78,73.78,73.78,73.78,1,1.0,0,0.0,0.05356174780440204,13.083,1.000054215234481,0.0,0.3095219697913832,,,
1.59,1.09,2.62,0.71,1.12,0.31,73.79,73.79,73.79,73.79,1,1.0,0,0.0,0.03967694726001409,9.68529,1.00005420641804,0.0,0.31705743455935137,,,
1.64,1.14,2.65,0.75,1.13,0.32,73.81,73.81,73.81,73.81,1,1.0,0,0.0,0.09933344171679402,9.70062,1.0000541946672445,0.0,0.32773587266781873,,,
1.7615,0.5972,2.3654,0.6445,0.6267,0.1301,73.82,73.82,73.82,73.82,1,1.0,0,0.0,0.08734809027777778,9.88498,1.0000542564158212,0.0,0.31640307296582804,,,
1.83,1.09,2.7,0.73,1.15,0.33,73.86,73.86,73.86,73.86,1,1.0,0,0.0,0.07570670421314848,8.12001,1.0000541565123204,0.0,0.3089102383105264,,,
1.37,1.03,2.81,0.58,1.09,0.29,73.86,73.86,73.86,73.86,1,1.0,0,0.0,0.11366836347882595,9.21596,1.0000541565123207,0.0,0.31279881810465016,,,
1.1838,0.9684,2.908,0.7348,0.4507,0.1402,73.88,73.88,73.88,73.88,1,1.0,0,0.0,0.12315646258503402,9.62612,1.0000544247305978,0.0,0.3192190372441943,,,
1.0494,0.7938,2.0411,0.8521,0.4032,0.1544,73.93,73.93,73.93,73.93,1,1.0,0,0.0,0.05290802648137003,9.43048,1.0000547165681768,0.0,0.3176539772566905,,,
1.39,0.43,1.52,0.85,1.12,0.39,73.96,73.96,73.96,73.96,1,1.0,0,0.0,0.037153209669568976,10.0005,1.000054083288264,0.0,0.31213535237750895,,,
1.7967,0.985,2.3225,0.9319,0.923,0.1398,74.08,74.08,74.08,74.08,1,1.0,0,0.0,0.05076747844009329,9.44627,1.0000542417010196,0.0,0.2986814845568397,,,
1.44,0.46,1.59,0.88,1.17,0.41,74.08,74.08,74.08,74.08,1,1.0,0,0.0,0.1587387290103126,9.92566,1.0000539956803456,0.0,0.31053385371081293,,,
1.29,1.41,2.58,0.73,1.22,0.37,74.1,74.1,74.1,74.1,1,1.0,0,0.0,0.055057756666306815,9.24746,1.0000539811066127,0.0,0.3056848880624356,,,
1.49,1.19,2.2,0.77,1.17,0.34,74.11,74.11,74.11,74.11,1,1.0,0,0.0,0.03670120898100173,8.19127,1.0000539752793223,0.0,0.3103954699592415,,,
1.52,0.5,1.67,0.95,1.25,0.44,74.11,74.11,74.11,74.11,1,1.0,0,0.0,0.0831174438687392,10.7538,1.000053975279322,0.0,0.3248409215152386,,,
1.2062,0.9076,2.6482,0.9791,0.9266,0.158,74.14,74.14,74.14,74.14,1,1.0,0,0.0,0.10946106490981747,9.53539,1.0000540044283628,0.0,0.3170704765471433,,,
1.37,1.19,2.55,0.66,1.21,0.33,74.18,74.18,74.18,74.18,1,1.0,0,0.0,0.045831985333764695,9.95078,1.000053922890267,0.0,0.3108626901610565,,,
1.48,1.35,2.49,0.84,1.27,0.37,74.19,74.19,74.19,74.19,1,1.0,0,0.0,0.049490538573508006,11.3087,1.0000539141686435,0.0,0.2977549491353427,,,
1.1883,0.7395,2.7608,0.5954,0.3531,0.1251,74.2,74.2,74.2,74.2,1,1.0,0,0.0,0.3006204478014567,9.58164,1.0000539548937089,0.0,0.3292089494872867,,,
1.11,1.37,2.94,0.69,1.22,0.39,74.2,74.2,74.2,74.2,1,1.0,0,0.0,0.046682119562287745,9.75739,1.000053908355795,0.0,0.3068916175875094,,,
1.58,0.52,1.73,0.97,1.3,0.46,74.21,74.21,74.21,74.21,1,1.0,0,0.0,0.03702905190535223,8.69917,1.0000539025442,0.0,0.31745837287185924,,,
1.5993,0.6453,2.0847,0.8473,0.412,0.1327,74.22,74.22,74.22,74.22,1,1.0,0,0.0,0.16176390920418224,9.74468,1.0000541770506013,0.0,0.3214091959289697,,,
1.51,0.49,1.67,0.93,1.24,0.43,74.22,74.22,74.22,74.22,1,1.0,0,0.0,0.0471545591722354,8.88145,1.0000538938291565,0.0,0.3175169420502593,,,
1.64,1.16,2.63,0.75,1.11,0.32,74.26,74.26,74.26,74.26,1,1.0,0,0.0,0.19702682322525045,9.9529,1.0000538647993535,0.0,0.328879878688842,,,
1.13,1.38,2.96,0.71,1.24,0.4,74.29,74.29,74.29,74.29,1,1.0,0,0.0,0.050880310127604585,8.88317,1.0000538444970926,0.0,0.2942283620584365,,,
1.47,0.47,1.65,0.9,1.2,0.42,74.29,74.29,74.29,74.29,1,1.0,0,0.0,0.04108113928821407,9.42919,1.0000538444970923,0.0,0.3086739201911234,,,
1.4202,0.4704,2.9819,0.4224,0.4294,0.1345,74.3,74.3,74.3,74.3,1,1.0,0,0.0,0.09949944382647385,12.7721,1.000055620446076,0.0,0.3089562171836774,,,
1.48,0.47,1.62,0.9,1.21,0.42,74.3,74.3,74.3,74.3,1,1.0,0,0.0,0.056363049095607236,9.39536,1.0000538358008078,0.0,0.310726943082767,,,
1.56,0.5,1.71,0.95,1.28,0.45,74.32,74.32,74.32,74.32,1,1.0,0,0.0,0.08406436682632797,16.4282,1.00005382131324,0.0,0.3334073648451669,,,
1.53,0.5,1.69,0.94,1.26,0.44,74.41,74.41,74.41,74.41,1,1.0,0,0.0,0.04740915932057622,9.34955,1.0000537547707358,0.0,0.31510161505683126,,,
1.48,0.48,1.62,0.92,1.21,0.42,74.42,74.42,74.42,74.42,1,1.0,0,0.0,0.03214016983768677,9.35185,1.0000537489922066,0.0,0.3089911963646077,,,
1.45,0.46,1.59,0.89,1.18,0.41,74.44,74.44,74.44,74.44,1,1.0,0,0.0,0.08457363924560744,9.79262,1.0000537345513165,0.0,0.3164801044416164,,,
1.55,0.49,1.71,0.93,1.28,0.45,74.45,74.45,74.45,74.45,1,1.0,0,0.0,0.03798420458819105,9.79798,1.000053728777133,0.0,0.31162502536792547,,,
1.51,0.5,1.68,0.94,1.26,0.44,74.47,74.47,74.47,74.47,1,1.0,0,0.0,0.05312063594371039,8.88334,1.0000537143471024,0.0,0.3195567696862394,,,
1.6,1.12,2.61,0.73,1.11,0.32,74.56,74.56,74.56,74.56,1,1.0,0,0.0,0.037605278686765733,9.00754,1.0000536480686695,0.0,0.3113181672539751,,,
1.42,1.3,2.41,0.79,1.17,0.34,74.59,74.59,74.59,74.59,1,1.0,0,0.0,0.05432217932217932,9.54942,1.0000536279294254,0.0,0.3044148197260196,,,
1.38,1.15,2.53,0.62,1.16,0.32,74.61,74.61,74.61,74.61,1,1.0,0,0.0,0.05526964726064115,9.3619,1.0000536106792473,0.0,0.3004145194156478,,,
1.65,0.55,1.8,1.02,1.35,0.49,74.63,74.63,74.63,74.63,1,1.0,0,0.0,0.02417064151347875,9.26457,1.0000535963125736,0.0,0.311642993549458,,,
1.54,0.51,1.7,0.95,1.27,0.45,74.66,74.66,74.66,74.66,1,1.0,0,0.0,0.17336333440480017,9.69908,1.0000535762121618,0.0,0.3254843329260942,,,
1.54,1.39,2.68,0.83,1.25,0.36,74.67,74.67,74.67,74.67,1,1.0,0,0.0,0.04199475065616798,9.63458,1.0000535676023141,0.0,0.30225339702905585,,,
1.2238,0.9725,2.5922,0.8772,0.6338,0.1328,74.7,74.7,74.7,74.7,1,1.0,0,0.0,0.1760438497501209,9.31043,1.000053740326741,0.0,0.3233697590723541,,,
1.2047,0.8075,2.3556,0.8122,0.3048,0.1359,74.7,74.7,74.7,74.7,1,1.0,0,0.0,0.13802786478021384,9.78176,1.000054004428363,0.0,0.32201606734563565,,,
1.0,1.0,1.0,1.0,1.0,1.0,74.7,74.7,74.7,74.7,1,1.0,0,0.0,0.0442123491530927,9.49003,1.0000541184110836,0.0,0.3083815166582009,,,
1.35,1.17,2.49,0.64,1.18,0.33,74.7,74.7,74.7,74.7,1,1.0,0,0.0,0.05718569286785179,9.42639,1.0000535475234271,0.0,0.3058763461426936,,,
1.6,0.53,1.75,0.98,1.32,0.47,74.71,74.71,74.71,74.71,1,1.0,0,0.0,0.039991434230954546,8.88969,1.000053538922797,0.0,0.3153242800965846,,,
1.33,1.66,2.82,0.85,1.38,0.43,74.76,74.76,74.76,74.76,1,1.0,0,0.0,0.17238243004654646,9.30351,1.0000535045478867,0.0,0.32493277554728917,,,
1.31,1.64,2.79,0.83,1.36,0.43,74.78,74.78,74.78,74.78,1,1.0,0,0.0,0.0641313649978605,9.48324,1.0000534902380316,0.0,0.31359813419688093,,,
1.59,0.52,1.74,0.97,1.31,0.46,74.79,74.79,74.79,74.79,1,1.0,0,0.0,0.05123268623990588,9.41927,1.000053481655792,0.0,0.3010860121188348,,,
1.28,1.63,2.83,0.9,1.43,0.42,74.79,74.79,74.79,74.79,1,1.0,0,0.0,0.05428388062894427,9.37037,1.0000534845162325,0.0,0.3130621214784016,,,
2.4833,1.5434,1.2497,1.4393,1.494,0.2193,74.79,74.79,74.79,74.79,1,1.0,0,0.0,0.036135535063263995,10.1851,1.0000536164280736,0.0,0.3059967213769023,,,
1.41,1.28,2.44,0.78,1.18,0.35,74.79,74.79,74.79,74.79,1,1.0,0,0.0,0.038078938923949084,9.36067,1.0000534845162328,0.0,0.3087861699063801,,,
3.0615,1.1672,1.6218,0.7573,1.9687,0.2108,74.8,74.8,74.8,74.8,1,1.0,0,0.0,0.06020675986930205,9.19407,1.0000535676023141,0.0,0.30075913219689365,,,
2.1553,1.3669,1.9219,1.3408,1.8841,0.1919,74.81,74.81,74.81,74.81,1,1.0,0,0.0,0.04806715500187136,9.06875,1.0000534702170891,0.0,0.31257200791112966,,,
1.43,0.46,1.57,0.89,1.16,0.41,74.82,74.82,74.82,74.82,1,1.0,0,0.0,0.04902170426601091,8.18165,1.0000534616412722,0.0,0.32095687933190625,,,
1.5812,1.0338,0.8282,2.5276,1.8827,0.2171,74.82,74.82,74.82,74.82,1,1.0,0,0.0,0.03552321848919324,9.70331,1.000053501685303,0.0,0.30250628579411637,,,
1.54,1.81,2.75,0.89,1.46,0.46,74.83,74.83,74.83,74.83,1,1.0,0,0.0,0.1555401143834518,9.19673,1.000053453068206,0.0,0.3148228515648966,,,
1.34,1.67,2.95,0.89,1.42,0.43,74.88,74.88,74.88,74.88,1,1.0,0,0.0,0.06276374125313819,9.37083,1.0000534188034187,0.0,0.3058930908968992,,,
1.57,1.08,2.64,0.69,1.09,0.3,74.88,74.88,74.88,74.88,1,1.0,0,0.0,0.17280059825864003,9.36152,1.000053418803419,0.0,0.33173184031582775,,,
1.6967,1.1507,1.3487,1.1989,1.5631,0.2064,74.89,74.89,74.89,74.89,1,1.0,0,0.0,0.035443590163040516,10.3683,1.0000545315737814,0.0,0.29787003635685805,,,
1.46,0.47,1.63,0.9,1.19,0.42,74.89,74.89,74.89,74.89,1,1.0,0,0.0,0.051698355052339245,9.81182,1.0000534102440848,0.0,0.3010908470729151,,,
1.24,1.25,2.5,0.72,1.19,0.33,74.9,74.9,74.9,74.9,1,1.0,0,0.0,0.06445583680444301,9.38712,1.000053404539386,0.0,0.30740232348686614,,,
1.32,1.01,2.91,0.66,1.12,0.3,74.93,74.93,74.93,74.93,1,1.0,0,0.0,0.06469866011850745,9.99195,1.0000533845825326,0.0,0.3180144924868887,,,
1.3992,0.397,2.7545,0.4503,0.3347,0.1608,74.94,74.94,74.94,74.94,1,1.0,0,0.0,0.22583573640927054,9.75841,1.0000534045393856,0.0,0.32856428476186345,,,
1.59,1.29,1.61,0.92,1.23,0.36,74.96,74.96,74.96,74.96,1,1.0,0,0.0,0.0545862013766608,9.90721,1.000053361792956,0.0,0.3116787759825536,,,
1.6,1.18,2.61,0.72,1.14,0.32,74.97,74.97,74.97,74.97,1,1.0,0,0.0,0.035211267605633804,9.09321,1.0000533532518807,0.0,0.3053838899388766,,,
1.55,1.82,2.71,0.9,1.47,0.45,74.97,74.97,74.97,74.97,1,1.0,0,0.0,0.0519632949210414,9.11434,1.0000533532518805,0.0,0.3032266255588558,,,
1.57,1.77,2.45,0.93,1.51,0.47,74.97,74.97,74.97,74.97,1,1.0,0,0.0,0.05463081519419548,9.39037,1.0000533532518805,0.0,0.3087557078490901,,,
1.63,0.54,1.78,1.0,1.33,0.48,74.98,74.98,74.98,74.98,1,1.0,0,0.0,0.04288914968526619,8.97562,1.0000533475593492,0.0,0.2988763931925625,,,
1.64,1.45,2.87,0.73,1.32,0.42,74.99,74.99,74.99,74.99,1,1.0,0,0.0,0.1774055899295925,9.79828,1.000053341868032,0.0,0.32867616360396,,,
2.4013,1.2767,1.5381,1.3278,1.3426,0.2187,75.03,75.03,75.03,75.03,1,1.0,0,0.0,0.04795252860044905,9.60295,1.0000534616412724,0.0,0.30465084218246685,,,
1.47,1.17,2.18,0.75,1.15,0.33,75.07,75.07,75.07,75.07,1,1.0,0,0.0,0.05514705882352941,9.00667,1.0000532850215806,0.0,0.3091650638694538,,,
1.84,1.41,1.73,0.88,1.26,0.39,75.08,75.08,75.08,75.08,1,1.0,0,0.0,0.04842576314527729,9.1545,1.0000532765050612,0.0,0.30872288062201103,,,
1.12,1.36,2.93,0.7,1.23,0.39,75.08,75.08,75.08,75.08,1,1.0,0,0.0,0.06744446220233338,9.68619,1.0000532765050614,0.0,0.30365264153453586,,,
1.1,1.39,2.95,0.68,1.22,0.4,75.12,75.12,75.12,75.12,1,1.0,0,0.0,0.03844310739577232,10.1775,1.0000532481363154,0.0,0.3009920205759213,,,
1.42,0.45,1.55,0.87,1.15,0.4,75.13,75.13,75.13,75.13,1,1.0,0,0.0,0.06612362242453282,10.2704,1.000053242466191,0.0,0.3137794320838393,,,
1.0204,1.0403,1.0341,2.05,1.8391,0.222,75.15,75.15,75.15,75.15,1,1.0,0,0.0,0.037163605296881674,11.3456,1.0000533988359055,0.0,0.30065778137483484,,,
1.6,1.42,2.9,0.74,1.29,0.41,75.2,75.2,75.2,75.2,1,1.0,0,0.0,0.04648688899526621,9.31756,1.0000531914893618,0.0,0.30809417338705924,,,
1.61,0.53,1.76,0.99,1.34,0.47,75.21,75.21,75.21,75.21,1,1.0,0,0.0,0.07243524969419773,9.21254,1.0000531858312947,0.0,0.32415658767920696,,,
1.63,1.13,2.63,0.74,1.12,0.32,75.22,75.22,75.22,75.22,1,1.0,0,0.0,0.0643411677124322,9.1717,1.0000531773464505,0.0,0.31534592890724567,,,
1.62,1.31,1.59,0.94,1.26,0.37,75.24,75.24,75.24,75.24,1,1.0,0,0.0,0.1583116261761735,9.18338,1.0000531632110579,0.0,0.3188624702394435,,,
1.1211,1.2563,1.2043,1.3884,1.4308,0.202,75.26,75.26,75.26,75.26,1,1.0,0,0.0,0.04327921213734363,10.1767,1.0000532367972743,0.0,0.31139164354963467,,,
1.66,1.26,2.55,0.77,1.19,0.35,75.26,75.26,75.26,75.26,1,1.0,0,0.0,0.046396683673469385,9.38124,1.0000531490831783,0.0,0.30825684276134324,,,
1.21,1.73,2.56,0.92,1.44,0.43,75.27,75.27,75.27,75.27,1,1.0,0,0.0,0.044263775971093045,9.56812,1.0000531406100541,0.0,0.30682925684904466,,,
1.91,2.22,1.43,1.24,1.9,0.45,75.33,75.33,75.33,75.33,1,1.0,0,0.0,0.042370181586492514,11.1558,1.0000530982849254,0.0,0.30113086942173645,,,
1.36,1.18,2.52,0.65,1.19,0.33,75.34,75.34,75.34,75.34,1,1.0,0,0.0,0.19383096198768315,9.12582,1.0000530926466684,0.0,0.3141719037022591,,,
1.27,1.12,2.7,0.69,1.09,0.31,75.36,75.36,75.36,75.36,1,1.0,0,0.0,0.1682500928825434,8.86831,1.0000530785562634,0.0,0.33466217925501807,,,
2.2839,1.2642,1.5232,1.1423,1.2898,0.1799,75.38,75.38,75.38,75.38,1,1.0,0,0.0,0.04213095617107079,9.61292,1.000053064473335,0.0,0.3081208696228649,,,
1.3079,1.0643,1.3487,2.1699,1.1159,0.1869,75.39,75.39,75.39,75.39,1,1.0,0,0.0,0.04789496066340634,13.2681,1.0000531603848815,0.0,0.3099933175961683,,,
3.0619,1.2592,1.0391,1.3841,1.0825,0.2152,75.39,75.39,75.39,75.39,1,1.0,0,0.0,0.0461914633498113,9.43261,1.0000531575590048,0.0,0.30938010090733364,,,
1.25,1.84,2.77,1.05,1.57,0.45,75.4,75.4,75.4,75.4,1,1.0,0,0.0,0.04705320672643361,9.20257,1.000053050397878,0.0,0.3157542796075306,,,
1.14,1.92,2.03,0.82,1.53,0.46,75.46,75.46,75.46,75.46,1,1.0,0,0.0,0.055496660659387256,9.13493,1.0000530082162733,0.0,0.31200507330120375,,,
1.41,0.44,1.56,0.86,1.14,0.4,75.51,75.51,75.51,75.51,1,1.0,0,0.0,0.17458551830075744,12.8148,1.000052971713105,0.0,0.3287896719923934,,,
1.44,1.58,2.72,0.82,1.34,0.41,75.52,75.52,75.52,75.52,1,1.0,0,0.0,0.04883215931359568,9.07806,1.000052966101695,0.0,0.3091416915937209,,,
1.3737,0.9677,2.1567,0.698,0.8333,0.1378,75.53,75.53,75.53,75.53,1,1.0,0,0.0,0.11632349819571217,13.6649,1.0000530701056092,0.0,0.31974339958849074,,,
1.18,1.82,2.77,0.92,1.54,0.45,75.54,75.54,75.54,75.54,1,1.0,0,0.0,0.1730911786508525,9.50809,1.000052952078369,0.0,0.32742260252487504,,,
1.51,1.21,2.25,0.79,1.19,0.34,75.55,75.55,75.55,75.55,1,1.0,0,0.0,0.056329080417174014,9.39458,1.0000529436679375,0.0,0.3137400374912123,,,
1.32,1.65,2.8,0.84,1.37,0.43,75.55,75.55,75.55,75.55,1,1.0,0,0.0,0.0572850487081745,9.42243,1.0000529464711179,0.0,0.3094580405204936,,,
2.25,2.63,1.21,1.6,2.32,0.52,75.58,75.58,75.58,75.58,1,1.0,0,0.0,0.03588060965283658,11.3376,1.0000529240539824,0.0,0.30918156807960695,,,
1.33,1.69,2.78,0.84,1.41,0.44,75.58,75.58,75.58,75.58,1,1.0,0,0.0,0.06747459779847587,9.75519,1.0000529240539824,0.0,0.2991123908812357,,,
2.32,2.75,1.45,1.58,2.45,0.56,75.59,75.59,75.59,75.59,1,1.0,0,0.0,0.03582389670864642,11.0631,1.000052918452664,0.0,0.2998644524610808,,,
2.28,2.66,1.26,1.63,2.35,0.53,75.61,75.61,75.61,75.61,1,1.0,0,0.0,0.04142199650849072,9.09708,1.0000529044545552,0.0,0.30077383959025406,,,
1.62,1.44,2.88,0.76,1.3,0.42,75.61,75.61,75.61,75.61,1,1.0,0,0.0,0.18891181293974502,9.78849,1.000052904454555,0.0,0.3118477863044412,,,
1.4675,1.371,1.29,2.6409,1.5904,0.1825,75.63,75.63,75.63,75.63,1,1.0,0,0.0,0.04810140008485363,8.99625,1.0000530363298858,0.0,0.30833477401849363,,,
1.63,1.43,2.85,0.75,1.31,0.41,75.63,75.63,75.63,75.63,1,1.0,0,0.0,0.054262745927649673,9.48428,1.0000528904638493,0.0,0.3019673312991255,,,
1.51,1.67,1.62,1.05,1.42,0.41,75.64,75.64,75.64,75.64,1,1.0,0,0.0,0.06297921844429168,9.56758,1.0000528820729773,0.0,0.3050704371650335,,,
2.4,2.79,0.8,1.65,2.56,0.57,75.64,75.64,75.64,75.64,1,1.0,0,0.0,0.04521178150282904,10.923,1.000052882072977,0.0,0.3059948966315667,,,
2.2162,1.6827,1.9337,0.9466,1.5956,0.187,75.67,75.67,75.67,75.67,1,1.0,0,0.0,0.06108082358545493,9.2075,1.000052932458183,0.0,0.3100943151395598,,,
2.5179,1.4873,1.182,0.7391,1.2932,0.1875,75.69,75.69,75.69,75.69,1,1.0,0,0.0,0.05184636546397207,8.87505,1.0000529072535844,0.0,0.30645870159151295,,,
3.1207,1.1865,1.4717,1.2259,1.485,0.205,75.7,75.7,75.7,75.7,1,1.0,0,0.0,0.05323817076394396,9.29177,1.0000528708892884,0.0,0.31262406854491404,,,
1.48,0.49,1.66,0.92,1.22,0.43,75.71,75.71,75.71,75.71,1,1.0,0,0.0,0.04015003433884516,9.23718,1.0000528317836013,0.0,0.3017206929214563,,,
1.46,1.33,2.44,0.82,1.25,0.36,75.71,75.71,75.71,75.71,1,1.0,0,0.0,0.058059062813672145,9.45465,1.000052831783601,0.0,0.30549017010893587,,,
2.6396,1.4198,1.3967,0.8537,1.6959,0.1989,75.72,75.72,75.72,75.72,1,1.0,0,0.0,0.044844950967399946,14.758,1.0000530110262933,0.0,0.30385354090958844,,,
2.51,2.87,0.9,1.72,2.61,0.58,75.75,75.75,75.75,75.75,1,1.0,0,0.0,0.04229591297919527,9.92791,1.0000528066747636,0.0,0.2992511930132129,,,
1.34,1.67,2.76,0.86,1.39,0.44,75.76,75.76,75.76,75.76,1,1.0,0,0.0,0.05126445277440473,9.51586,1.0000527983104541,0.0,0.30768862124873386,,,
1.57,0.51,1.72,0.96,1.29,0.45,75.77,75.77,75.77,75.77,1,1.0,0,0.0,0.06926041281739957,20.9236,1.0000527927357195,0.0,0.3166404621015144,,,
1.4754,1.2128,1.524,1.3739,1.1054,0.191,75.8,75.8,75.8,75.8,1,1.0,0,0.0,0.052536997885835095,14.894,1.0000528569163276,0.0,0.3067611761518355,,,
1.75,1.1,2.35,0.73,1.11,0.31,75.81,75.81,75.81,75.81,1,1.0,0,0.0,0.18370792444866518,9.97855,1.0000527620957107,0.0,0.32904645445931374,,,
1.5918,1.5063,1.1741,3.167,1.4674,0.1959,75.84,75.84,75.84,75.84,1,1.0,0,0.0,0.05637966531172465,8.95912,1.0000527927357197,0.0,0.3149419959796271,,,
1.4964,1.2503,0.9084,1.0915,1.5146,0.1965,75.84,75.84,75.84,75.84,1,1.0,0,0.0,0.05437763713080169,8.14216,1.0000527453979642,0.0,0.3100145413470016,,,
1.7269,0.5896,2.9131,0.9444,0.699,0.1355,75.88,75.88,75.88,75.88,1,1.0,0,0.0,0.22593061267531372,9.7706,1.000052728710783,0.0,0.32067443063041123,,,
1.94,2.31,1.36,1.26,1.98,0.47,75.92,75.92,75.92,75.92,1,1.0,0,0.0,0.051209103840682786,9.36034,1.0000526870389883,0.0,0.30870606419086133,,,
2.0526,1.719,1.4696,0.9807,1.9658,0.1768,75.92,75.92,75.92,75.92,1,1.0,0,0.0,0.051314606147172405,9.35882,1.0000529044545552,0.0,0.31101086841808834,,,
1.93,2.05,1.39,1.17,1.74,0.43,75.94,75.94,75.94,75.94,1,1.0,0,0.0,0.052196355209101444,9.36034,1.0000526731630233,0.0,0.3033417824989868,,,
2.14,2.61,0.89,1.44,2.3,0.52,75.94,75.94,75.94,75.94,1,1.0,0,0.0,0.15869588117560307,9.45304,1.0000526731630235,0.0,0.3182030815208779,,,
1.1929,1.379,1.2333,1.4518,1.0927,0.1851,75.94,75.94,75.94,75.94,1,1.0,0,0.0,0.04975098018438063,10.4066,1.0000529857468343,0.0,0.3124774513417644,,,
2.57,3.09,1.49,1.92,2.77,0.6,75.94,75.94,75.94,75.94,1,1.0,0,0.0,0.17133677446539555,9.25486,1.0000526731630235,0.0,0.3167457304144527,,,
1.6234,1.2508,1.0939,0.9082,1.0446,0.2149,75.95,75.95,75.95,75.95,1,1.0,0,0.0,0.07173706941957232,7.39022,1.0000526731630233,0.0,0.31377184623044924,,,
1.65,1.33,1.63,0.96,1.28,0.38,75.95,75.95,75.95,75.95,1,1.0,0,0.0,0.16883458844594237,9.61852,1.000052664840952,0.0,0.31860114826379327,,,
2.5,2.85,0.84,1.7,2.61,0.58,75.96,75.96,75.96,75.96,1,1.0,0,0.0,0.04270443894476331,9.40764,1.0000526592943653,0.0,0.3077522957121146,,,
1.49,0.48,1.61,0.91,1.21,0.43,75.98,75.98,75.98,75.98,1,1.0,0,0.0,0.07501579279848389,8.78954,1.0000526454330088,0.0,0.3150385662046966,,,
2.17,2.59,0.96,1.58,2.35,0.53,75.99,75.99,75.99,75.99,1,1.0,0,0.0,0.0635822938049371,9.60482,1.000052637119697,0.0,0.3059459738899881,,,
1.5402,1.0657,0.7025,2.4927,1.6393,0.1871,75.99,75.99,75.99,75.99,1,1.0,0,0.0,0.04687747452884971,11.2314,1.0000527927357197,0.0,0.30894640150866776,,,
2.03,2.7,0.67,1.3,2.43,0.56,76.0,76.0,76.0,76.0,1,1.0,0,0.0,0.04778695858112731,10.9076,1.0000526315789473,0.0,0.30677341082170023,,,
1.89,2.17,1.38,1.22,1.86,0.45,76.02,76.02,76.02,76.02,1,1.0,0,0.0,0.05708723560980743,9.02751,1.0000526177321756,0.0,0.3027147938333093,,,
1.74,2.57,0.73,1.1,2.22,0.51,76.03,76.03,76.03,76.03,1,1.0,0,0.0,0.05607869956336472,9.36024,1.0000526094276094,0.0,0.3071413110955732,,,
2.1451,1.2104,1.3175,1.1442,1.1301,0.2152,76.05,76.05,76.05,76.05,1,1.0,0,0.0,0.0661091827074787,9.23607,1.0000525955924895,0.0,0.3095888985484537,,,
1.4,0.44,1.55,0.86,1.13,0.4,76.05,76.05,76.05,76.05,1,1.0,0,0.0,0.09377794140850997,10.1751,1.0000525983589312,0.0,0.31932152302004213,,,
1.1571,0.9524,1.2874,3.1134,1.6453,0.2152,76.06,76.06,76.06,76.06,1,1.0,0,0.0,0.0619884893605787,9.77147,1.0000528038863659,0.0,0.31574959428763233,,,
1.88,2.19,1.4,1.21,1.87,0.45,76.06,76.06,76.06,76.06,1,1.0,0,0.0,0.05768826251577619,9.40078,1.0000525900604789,0.0,0.3089692240611779,,,
2.06,2.72,0.68,1.32,2.46,0.56,76.06,76.06,76.06,76.06,1,1.0,0,0.0,0.055269246949936894,10.712,1.0000525900604786,0.0,0.2990859212367023,,,
2.05,2.55,0.95,1.38,2.29,0.54,76.07,76.07,76.07,76.07,1,1.0,0,0.0,0.05647281522767904,9.71758,1.0000525845296313,0.0,0.3082603311156157,,,
1.5078,1.5588,1.0885,1.4127,1.4364,0.1816,76.07,76.07,76.07,76.07,1,1.0,0,0.0,0.05281430825881115,9.23528,1.0000526066600033,0.0,0.3133357516034598,,,
1.51,1.12,2.28,0.83,1.1,0.3,76.07,76.07,76.07,76.07,1,1.0,0,0.0,0.19643514380356486,9.30338,1.0000525817646442,0.0,0.3234137187218552,,,
3.0446,1.1202,1.2082,1.3749,1.1709,0.1757,76.07,76.07,76.07,76.07,1,1.0,0,0.0,0.0540327247856053,9.68672,1.0000526149636957,0.0,0.3045791892223862,,,
1.45,0.47,1.58,0.89,1.18,0.41,76.07,76.07,76.07,76.07,1,1.0,0,0.0,0.062306114937693884,21.8666,1.0000525817646442,0.0,0.3105759712661378,,,
1.49,1.36,2.51,0.85,1.28,0.38,76.09,76.09,76.09,76.09,1,1.0,0,0.0,0.19459629941126996,9.52177,1.000052567944068,0.0,0.32788708342752493,,,
2.05,2.5,0.94,1.38,2.23,0.49,76.1,76.1,76.1,76.1,1,1.0,0,0.0,0.06133711762850836,10.905,1.0000525624178715,0.0,0.3023580944054324,,,
1.82,2.64,0.76,1.22,2.29,0.52,76.14,76.14,76.14,76.14,1,1.0,0,0.0,0.06534986341668418,9.34819,1.0000525348043081,0.0,0.3090215196118144,,,
2.22,2.69,0.9,1.51,2.39,0.55,76.16,76.16,76.16,76.16,1,1.0,0,0.0,0.05745496560054619,9.31241,1.0000525210084033,0.0,0.3064122799953582,,,
2.21,2.64,0.88,1.52,2.36,0.54,76.17,76.17,76.17,76.17,1,1.0,0,0.0,0.05723587481621508,9.30399,1.0000525127343383,0.0,0.30436789463681246,,,
1.5546,1.3001,1.2112,2.517,1.2644,0.1987,76.17,76.17,76.17,76.17,1,1.0,0,0.0,0.061378112333526344,13.5099,1.000052642661613,0.0,0.3124660809796457,,,
1.64,1.36,1.52,0.95,1.29,0.38,76.18,76.18,76.18,76.18,1,1.0,0,0.0,0.04620392733382338,9.24996,1.0000525072197428,0.0,0.3142831854771931,,,
2.17,2.5,1.98,1.43,2.22,0.53,76.2,76.2,76.2,76.2,1,1.0,0,0.0,0.05359298724476405,9.25454,1.0000524934383201,0.0,0.3157489248534932,,,
2.4336,1.4355,1.0241,1.3423,1.2577,0.1752,76.2,76.2,76.2,76.2,1,1.0,0,0.0,0.04834725944610857,7.78555,1.0000525541307548,0.0,0.3126306479343706,,,
1.47,1.76,2.81,0.91,1.49,0.46,76.21,76.21,76.21,76.21,1,1.0,0,0.0,0.20500708549834673,9.05782,1.0000524879277766,0.0,0.3198963031096594,,,
2.51,2.78,1.44,1.72,2.55,0.55,76.22,76.22,76.22,76.22,1,1.0,0,0.0,0.05179471032745592,10.9165,1.0000524796641301,0.0,0.2972993534467792,,,
2.07,2.52,0.96,1.4,2.25,0.49,76.22,76.22,76.22,76.22,1,1.0,0,0.0,0.053001679261125104,9.17905,1.0000524796641301,0.0,0.30733966090657394,,,
2.12,2.59,0.91,1.43,2.33,0.53,76.23,76.23,76.23,76.23,1,1.0,0,0.0,0.06962589852563093,10.0665,1.0000524714030852,0.0,0.3109103558326357,,,
2.52,3.1,1.56,1.93,2.79,0.59,76.23,76.23,76.23,76.23,1,1.0,0,0.0,0.061758841431419874,9.33918,1.0000524741564778,0.0,0.3114233467341416,,,
2.51,2.74,0.93,1.6,2.42,0.57,76.23,76.23,76.23,76.23,1,1.0,0,0.0,0.05210136943176452,9.09302,1.0000524714030854,0.0,0.3003282497403108,,,
2.53,2.87,0.88,1.72,2.63,0.58,76.25,76.25,76.25,76.25,1,1.0,0,0.0,0.05733319345362988,9.25837,1.000052457640455,0.0,0.30343703156726626,,,
1.5,1.34,2.39,0.82,1.26,0.37,76.25,76.25,76.25,76.25,1,1.0,0,0.0,0.08330273304306772,9.80448,1.0000524603924037,0.0,0.31541146608895976,,,
2.36,2.77,0.79,1.63,2.53,0.57,76.25,76.25,76.25,76.25,1,1.0,0,0.0,0.04894297854482505,9.16461,1.0000524603924037,0.0,0.31436917511895784,,,
2.58,2.91,0.87,1.81,2.71,0.57,76.26,76.26,76.26,76.26,1,1.0,0,0.0,0.047886289730410155,9.48457,1.0000524521374243,0.0,0.30635632649999683,,,
2.3,2.72,0.74,1.61,2.48,0.56,76.27,76.27,76.27,76.27,1,1.0,0,0.0,0.05438430878959513,9.40714,1.0000524466355483,0.0,0.3090146061221315,,,
2.62,2.9,0.87,1.78,2.71,0.58,76.29,76.29,76.29,76.29,1,1.0,0,0.0,0.051483695082311,9.65937,1.0000524301368428,0.0,0.30793769262613424,,,
2.7474,1.035,1.4516,1.0353,1.2191,0.1973,76.29,76.29,76.29,76.29,1,1.0,0,0.0,0.06772092045812757,8.95024,1.000052540324699,0.0,0.3113257064685116,,,
1.84,2.14,1.35,1.16,1.83,0.45,76.3,76.3,76.3,76.3,1,1.0,0,0.0,0.062486894527154536,9.61322,1.0000524246395806,0.0,0.3118200762056247,,,
1.85,2.15,1.36,1.17,1.84,0.45,76.31,76.31,76.31,76.31,1,1.0,0,0.0,0.07233083494942083,9.0801,1.0000524163958486,0.0,0.3038286961958245,,,
2.06,2.51,0.95,1.39,2.24,0.49,76.31,76.31,76.31,76.31,1,1.0,0,0.0,0.0613271831428871,9.06301,1.0000524191434714,0.0,0.3094040969665857,,,
2.47,2.86,0.81,1.66,2.63,0.59,76.32,76.32,76.32,76.32,1,1.0,0,0.0,0.05387558304072114,9.23812,1.0000524109014675,0.0,0.31866092909888843,,,
2.18,2.63,0.99,1.47,2.33,0.54,76.33,76.33,76.33,76.33,1,1.0,0,0.0,0.04988733427658125,9.25315,1.000052405408238,0.0,0.31199023186866437,,,
0.9277,1.5129,1.189,2.6455,1.9303,0.1799,76.34,76.34,76.34,76.34,1,1.0,0,0.0,0.05049816465652858,7.5709,1.0000524411348264,0.0,0.31221774774817523,,,
1.5,1.2,2.23,0.78,1.18,0.34,76.34,76.34,76.34,76.34,1,1.0,0,0.0,0.18547626532536937,9.56957,1.0000523971705526,0.0,0.3334650902243515,,,
2.48,2.62,0.98,1.56,2.4,0.52,76.35,76.35,76.35,76.35,1,1.0,0,0.0,0.05002881240505003,9.20194,1.0000523889354567,0.0,0.3078782410692942,,,
2.29,2.71,1.54,1.55,2.42,0.56,76.36,76.36,76.36,76.36,1,1.0,0,0.0,0.05505211879943429,9.38804,1.000052383446831,0.0,0.3075977037009146,,,
2.3754,1.6963,1.0608,0.8409,1.7021,0.2147,76.36,76.36,76.36,76.36,1,1.0,0,0.0,0.05893476205483769,18.8503,1.0000525292850762,0.0,0.30993552550654907,,,
1.0977,1.2406,1.0142,2.0636,1.6002,0.2008,76.38,76.38,76.38,76.38,1,1.0,0,0.0,0.05354049656186027,11.354,1.0000524934383201,0.0,0.312099614039419,,,
1.55,1.82,2.76,0.9,1.47,0.46,76.39,76.39,76.39,76.39,1,1.0,0,0.0,0.05947955390334572,9.00719,1.0000523615038224,0.0,0.3094968227412522,,,
1.3851,1.5632,1.2886,1.0061,1.5466,0.2146,76.41,76.41,76.41,76.41,1,1.0,0,0.0,0.06956199746085484,8.57017,1.000052901655822,0.0,0.3148589471627465,,,
1.99,2.49,0.92,1.4,2.22,0.47,76.42,76.42,76.42,76.42,1,1.0,0,0.0,0.06872186747618549,9.48527,1.0000523423187646,0.0,0.30449045750500453,,,
2.41,2.88,1.48,1.83,2.59,0.58,76.42,76.42,76.42,76.42,1,1.0,0,0.0,0.16958023657489793,9.15336,1.0000523423187644,0.0,0.318403155745377,,,
2.15,2.48,1.97,1.41,2.2,0.53,76.42,76.42,76.42,76.42,1,1.0,0,0.0,0.05788757458390035,9.21609,1.0000523423187648,0.0,0.31235582465073003,,,
2.47,2.82,1.5,1.69,2.56,0.58,76.43,76.43,76.43,76.43,1,1.0,0,0.0,0.06102156164957086,9.20102,1.0000523368399017,0.0,0.3077592427534996,,,
2.16,2.38,1.95,1.32,2.09,0.5,76.43,76.43,76.43,76.43,1,1.0,0,0.0,0.056887167678459284,9.77219,1.0000523368399017,0.0,0.30486939765453736,,,
1.66,1.88,2.67,0.97,1.52,0.46,76.46,76.46,76.46,76.46,1,1.0,0,0.0,0.20443607449257167,9.34895,1.000052314935914,0.0,0.3273868364381326,,,
2.56,3.12,1.59,1.96,2.79,0.59,76.46,76.46,76.46,76.46,1,1.0,0,0.0,0.052259887005649715,9.18822,1.000052314935914,0.0,0.30582229014168594,,,
2.12,2.49,1.94,1.39,2.16,0.52,76.46,76.46,76.46,76.46,1,1.0,0,0.0,0.06512868801004394,9.26371,1.0000523149359142,0.0,0.30787714038607594,,,
1.2512,1.6035,1.3203,2.432,1.2317,0.2085,76.47,76.47,76.47,76.47,1,1.0,0,0.0,0.04792332268370607,8.49452,1.0000523779593546,0.0,0.3123694343323947,,,
1.69,2.56,0.78,1.05,2.18,0.49,76.48,76.48,76.48,76.48,1,1.0,0,0.0,0.18497986506981853,9.07996,1.0000523012552303,0.0,0.32589538128066886,,,
2.3,2.73,1.43,1.56,2.43,0.56,76.48,76.48,76.48,76.48,1,1.0,0,0.0,0.07405470425186968,9.14246,1.0000523012552303,0.0,0.3124383635669002,,,
2.24,2.66,1.38,1.51,2.37,0.55,76.48,76.48,76.48,76.48,1,1.0,0,0.0,0.06594843365932744,9.29827,1.00005230125523,0.0,0.3128291566233123,,,
1.3932,1.1112,0.9569,1.4536,1.5237,0.1848,76.49,76.49,76.49,76.49,1,1.0,0,0.0,0.055912966159317956,8.61759,1.0000523067266451,0.0,0.31119446519643207,,,
1.531,1.6963,1.2575,1.2576,1.2109,0.1841,76.49,76.49,76.49,76.49,1,1.0,0,0.0,0.059556859253051174,8.31498,1.000052383446831,0.0,0.3166102313984754,,,
2.04,2.36,1.3,1.28,2.04,0.48,76.5,76.5,76.5,76.5,1,1.0,0,0.0,0.07194395064310363,9.15523,1.0000522875816993,0.0,0.3130183333499825,,,
2.36,2.73,1.57,1.6,2.44,0.57,76.5,76.5,76.5,76.5,1,1.0,0,0.0,0.07168252640384816,9.09515,1.0000522875816993,0.0,0.30951754630340766,,,
1.86,2.16,1.34,1.18,1.85,0.45,76.51,76.51,76.51,76.51,1,1.0,0,0.0,0.06513670343457577,9.49908,1.0000522793810123,0.0,0.31535147795697865,,,
2.61,2.94,0.86,1.72,2.69,0.58,76.52,76.52,76.52,76.52,1,1.0,0,0.0,0.04662589514400711,9.32851,1.0000522739153164,0.0,0.31200347764174535,,,
1.71,2.54,0.7,1.08,2.19,0.5,76.53,76.53,76.53,76.53,1,1.0,0,0.0,0.06025922441726769,9.21537,1.0000522657189148,0.0,0.3094103051454877,,,
2.31,2.68,0.77,1.4,2.33,0.55,76.55,76.55,76.55,76.55,1,1.0,0,0.0,0.11547102774439626,9.21606,1.0000522520639563,0.0,0.32241186521519355,,,
1.5535,1.3573,1.1698,1.306,1.2074,0.1941,76.55,76.55,76.55,76.55,1,1.0,0,0.0,0.07802864011706909,9.29611,1.000052265718915,0.0,0.31772710780103414,,,
2.51,2.86,0.87,1.71,2.62,0.58,76.57,76.57,76.57,76.57,1,1.0,0,0.0,0.062215953612286476,9.52893,1.0000522411451256,0.0,0.3028563137082168,,,
1.3208,1.2855,1.31,1.2002,1.0344,0.1921,76.57,76.57,76.57,76.57,1,1.0,0,0.0,0.05698423505996962,8.7467,1.0000523779593549,0.0,0.31977822858373467,,,
1.98,2.21,1.37,1.12,1.87,0.45,76.6,76.6,76.6,76.6,1,1.0,0,0.0,0.06135449845961046,9.1327,1.000052219321149,0.0,0.312046384599516,,,
1.91,2.09,1.37,1.19,1.78,0.44,76.63,76.63,76.63,76.63,1,1.0,0,0.0,0.056164526568535336,9.29587,1.000052200240121,0.0,0.309531258354465,,,
1.2629,2.6276,0.7571,0.9884,2.2419,0.2356,76.66,76.66,76.66,76.66,1,1.0,0,0.0,0.15496999739107747,8.8198,1.0000521811730327,0.0,0.3198095643117802,,,
1.89,2.2,1.41,1.23,1.88,0.45,76.68,76.68,76.68,76.68,1,1.0,0,0.0,0.06056022116738824,9.78746,1.000052164840897,0.0,0.3123492350951816,,,
2.55,3.11,1.58,1.94,2.78,0.59,76.68,76.68,76.68,76.68,1,1.0,0,0.0,0.067915080068854,9.47195,1.0000521648408973,0.0,0.30479199956136444,,,
2.11,2.43,1.52,1.46,2.14,0.5,76.69,76.69,76.69,76.69,1,1.0,0,0.0,0.09205653783967037,9.21165,1.0000521593991236,0.0,0.3196670896485463,,,
2.01,2.73,0.64,1.32,2.48,0.55,76.71,76.71,76.71,76.71,1,1.0,0,0.0,0.05725310251329649,9.58517,1.0000521457996558,0.0,0.3096232860267418,,,
2.59,2.91,0.9,1.76,2.67,0.59,76.72,76.72,76.72,76.72,1,1.0,0,0.0,0.17850998383817318,8.95617,1.0000521376433786,0.0,0.3240838739304353,,,
1.56,1.33,2.38,0.84,1.26,0.36,76.72,76.72,76.72,76.72,1,1.0,0,0.0,0.18957247132429614,9.38916,1.000052140361854,0.0,0.31605747050869093,,,
2.02,2.38,1.48,1.35,2.06,0.49,76.72,76.72,76.72,76.72,1,1.0,0,0.0,0.07340597466242636,9.19708,1.0000521376433784,0.0,0.3123774388450222,,,
2.49,2.82,1.58,1.7,2.57,0.58,76.73,76.73,76.73,76.73,1,1.0,0,0.0,0.17015065422509515,9.12699,1.0000521322072775,0.0,0.32129870709833,,,
2.55,2.91,0.86,1.76,2.69,0.59,76.74,76.74,76.74,76.74,1,1.0,0,0.0,0.18159074325028668,8.83708,1.0000521240552513,0.0,0.31964289569641147,,,
2.09,2.53,0.97,1.41,2.26,0.49,76.75,76.75,76.75,76.75,1,1.0,0,0.0,0.17943506358140504,9.58647,1.0000521186219837,0.0,0.3247260013536254,,,
1.5873,2.642,1.0388,1.2429,3.0026,0.2454,76.75,76.75,76.75,76.75,1,1.0,0,0.0,0.058366367619445025,17.3708,1.0000521621198686,0.0,0.31738004608905035,,,
0.8564,2.6366,0.5638,0.8468,2.8497,0.2548,76.75,76.75,76.75,76.75,1,1.0,0,0.0,0.0625489070895717,9.02386,1.0000521702838066,0.0,0.3168168814010746,,,
1.0491,1.783,0.8228,3.0837,1.9735,0.1975,76.76,76.76,76.76,76.76,1,1.0,0,0.0,0.07191601049868766,9.15129,1.000052496194026,0.0,0.307810747689396,,,
2.14,2.49,1.96,1.42,2.21,0.53,76.77,76.77,76.77,76.77,1,1.0,0,0.0,0.060539752005835154,9.10744,1.0000521023289741,0.0,0.3071091630849411,,,
1.3472,1.4355,0.9035,1.102,1.634,0.1901,76.77,76.77,76.77,76.77,1,1.0,0,0.0,0.06270281586936041,8.54462,1.0000523423187648,0.0,0.31817092864042107,,,
0.9267,1.4095,0.6663,2.921,1.3054,0.2134,76.77,76.77,76.77,76.77,1,1.0,0,0.0,0.06177022518765638,7.77192,1.0000521294896525,0.0,0.31189719748265504,,,
1.61,1.11,2.59,0.72,1.1,0.32,76.8,76.8,76.8,76.8,1,1.0,0,0.0,0.17457424092495183,8.74428,1.000052083333333,0.0,0.32063426924097205,,,
2.61,2.92,0.91,1.77,2.73,0.59,76.81,76.81,76.81,76.81,1,1.0,0,0.0,0.17882622506899964,9.40107,1.0000520779085513,0.0,0.31695989965577565,,,
1.4804,2.8385,0.5131,1.0786,2.7189,0.2532,76.81,76.81,76.81,76.81,1,1.0,0,0.0,0.060593375542881064,9.25077,1.0000523286237573,0.0,0.31146562768232205,,,
1.69,1.15,2.17,0.94,1.24,0.35,76.81,76.81,76.81,76.81,1,1.0,0,0.0,0.18970006248698187,10.2699,1.0000520751965838,0.0,0.3241194069812252,,,
2.38,2.87,1.46,1.82,2.58,0.58,76.82,76.82,76.82,76.82,1,1.0,0,0.0,0.07039466833281266,8.92874,1.0000520697734967,0.0,0.3104284767755477,,,
2.18,2.49,1.41,1.44,2.2,0.53,76.83,76.83,76.83,76.83,1,1.0,0,0.0,0.07168887963348605,9.1824,1.0000520643515385,0.0,0.31174753587995346,,,
1.58,1.37,2.52,0.82,1.24,0.38,76.83,76.83,76.83,76.83,1,1.0,0,0.0,0.16060180123900256,18.5037,1.000052061640983,0.0,0.3226728694118374,,,
1.2976,1.1516,0.9449,1.439,1.0401,0.187,76.85,76.85,76.85,76.85,1,1.0,0,0.0,0.053623490212411494,8.27195,1.0000520643515385,0.0,0.3110131229829714,,,
1.53,3.01,0.69,1.28,2.57,0.59,76.85,76.85,76.85,76.85,1,1.0,0,0.0,0.07327990007286354,9.37856,1.0000520480924373,0.0,0.3108615526084822,,,
1.35,1.68,2.84,0.86,1.39,0.44,76.92,76.92,76.92,76.92,1,1.0,0,0.0,0.18121782538609538,8.79355,1.0000520020800832,0.0,0.3167124599772473,,,
2.14,2.61,0.95,1.46,2.31,0.53,76.92,76.92,76.92,76.92,1,1.0,0,0.0,0.09666683999792003,9.12204,1.0000520020800832,0.0,0.310436163113724,,,
2.74,2.88,1.39,1.62,2.48,0.5,76.95,76.95,76.95,76.95,1,1.0,0,0.0,0.06918598606923797,9.50164,1.0000519831574572,0.0,0.31316839855491274,,,
1.2108,2.3758,0.8967,1.1897,2.028,0.2582,76.95,76.95,76.95,76.95,1,1.0,0,0.0,0.06750768909972371,9.986,1.0000521322072777,0.0,0.3130540892820491,,,
1.3358,2.9927,0.9615,1.149,2.6532,0.2332,76.96,76.96,76.96,76.96,1,1.0,0,0.0,0.11713824188421657,10.0303,1.0000521104742055,0.0,0.3265601933633802,,,
2.27,2.67,0.84,1.55,2.39,0.54,76.97,76.97,76.97,76.97,1,1.0,0,0.0,0.06817709415921845,9.94065,1.0000519669490204,0.0,0.3030911600153821,,,
2.33,2.72,1.42,1.54,2.41,0.55,77.0,77.0,77.0,77.0,1,1.0,0,0.0,0.07963222689730404,9.43534,1.0000519480519479,0.0,0.31456938704068305,,,
0.8522,2.5519,0.5053,1.4159,2.7225,0.2394,77.0,77.0,77.0,77.0,1,1.0,0,0.0,0.06861981195782037,9.50848,1.0000519480519479,0.0,0.3004426960636777,,,
1.48,1.36,2.41,0.79,1.28,0.37,77.02,77.02,77.02,77.02,1,1.0,0,0.0,0.19136892397174907,8.87106,1.0000519345624512,0.0,0.3232496151123065,,,
1.3506,2.7902,0.605,0.7183,2.8088,0.249,77.03,77.03,77.03,77.03,1,1.0,0,0.0,0.04951218239682788,8.93516,1.0000521757278513,0.0,0.30411354216227343,,,
1.4843,2.8232,0.6147,0.9283,2.6025,0.2735,77.04,77.04,77.04,77.04,1,1.0,0,0.0,0.10377260444813968,7.86098,1.0000519669490202,0.0,0.32684046259815935,,,
1.0386,1.7769,1.3316,2.7936,1.5558,0.2013,77.05,77.05,77.05,77.05,1,1.0,0,0.0,0.05917626637210036,10.4011,1.000052603892688,0.0,0.31363837503801983,,,
1.47,1.34,2.47,0.83,1.26,0.37,77.05,77.05,77.05,77.05,1,1.0,0,0.0,0.17754243887244978,8.91548,1.0000519156889212,0.0,0.3196094014949755,,,
1.5734,1.6116,1.2244,1.4106,1.2118,0.2167,77.08,77.08,77.08,77.08,1,1.0,0,0.0,0.0796326370610965,12.2987,1.0000560035842294,0.0,0.31985943076562384,,,
2.9123,1.9753,1.1311,1.428,2.1387,0.191,77.08,77.08,77.08,77.08,1,1.0,0,0.0,0.06669783387875955,8.75693,1.0000519480519479,0.0,0.3157138309825502,,,
1.1648,1.6912,0.7262,2.3669,1.4363,0.2277,77.09,77.09,77.09,77.09,1,1.0,0,0.0,0.04629290976540049,9.97528,1.0000522520639568,0.0,0.3124787043452103,,,
2.59,2.86,0.83,1.74,2.67,0.59,77.1,77.1,77.1,77.1,1,1.0,0,0.0,0.17799335961817805,9.02261,1.000051880674449,0.0,0.32750465074492857,,,
2.06,2.63,1.92,1.4,2.29,0.5,77.1,77.1,77.1,77.1,1,1.0,0,0.0,0.16990039427267067,9.53694,1.000051880674449,0.0,0.3270692888492579,,,
2.55,2.88,0.89,1.73,2.64,0.59,77.1,77.1,77.1,77.1,1,1.0,0,0.0,0.17290931728574394,9.42683,1.0000518806744487,0.0,0.31864825178095385,,,
0.9327,2.4136,0.9376,0.9817,2.2676,0.2489,77.1,77.1,77.1,77.1,1,1.0,0,0.0,0.06920522930068479,8.24566,1.0000518806744487,0.0,0.31701644880012225,,,
2.12,2.67,1.85,1.5,2.33,0.52,77.11,77.11,77.11,77.11,1,1.0,0,0.0,0.08791949789926863,9.34262,1.000051872600892,0.0,0.311496283893161,,,
1.0906,2.1754,0.5529,1.0699,2.8004,0.2415,77.12,77.12,77.12,77.12,1,1.0,0,0.0,0.16934897726092826,9.59377,1.0000519183843,0.0,0.3209324464895924,,,
1.2613,1.6502,1.128,3.1432,1.8351,0.2074,77.13,77.13,77.13,77.13,1,1.0,0,0.0,0.08183373956334596,7.19196,1.000051861840058,0.0,0.31739352375664026,,,
2.19,2.66,0.88,1.49,2.35,0.54,77.18,77.18,77.18,77.18,1,1.0,0,0.0,0.0701181592039801,9.8867,1.0000518268981602,0.0,0.3105523409299718,,,
2.43,2.79,0.83,1.67,2.57,0.56,77.18,77.18,77.18,77.18,1,1.0,0,0.0,0.06939262023217248,9.50517,1.0000518268981602,0.0,0.30633263880905337,,,
1.42,1.77,2.92,1.04,1.58,0.47,77.19,77.19,77.19,77.19,1,1.0,0,0.0,0.20561716240024874,9.80018,1.0000518215266623,0.0,0.3224122760811083,,,
2.11,2.48,1.92,1.37,2.14,0.52,77.2,77.2,77.2,77.2,1,1.0,0,0.0,0.1855344282679654,9.35715,1.0000518134715026,0.0,0.3253507006845817,,,
0.8112,2.0187,0.5138,0.9638,2.6165,0.2588,77.28,77.28,77.28,77.28,1,1.0,0,0.0,0.05642487046632124,7.94475,1.0000518161562777,0.0,0.3101676058442615,,,
1.007,2.1258,0.9271,0.9742,2.2519,0.272,77.28,77.28,77.28,77.28,1,1.0,0,0.0,0.05896055492286986,9.83844,1.0000517678728584,0.0,0.319588975199903,,,
1.53,1.36,2.33,0.81,1.23,0.38,77.31,77.31,77.31,77.31,1,1.0,0,0.0,0.13787573076724094,15.9014,1.0000517384105962,0.0,0.3267559747422366,,,
2.02,2.46,0.93,1.36,2.2,0.48,77.34,77.34,77.34,77.34,1,1.0,0,0.0,0.08155771617707902,8.75244,1.0000517196793381,0.0,0.3127051228932574,,,
1.1714,1.7631,1.1751,2.2522,1.1078,0.2059,77.37,77.37,77.37,77.37,1,1.0,0,0.0,0.07214085384855096,8.00344,1.0000519399574093,0.0,0.3123251446776565,,,
1.4109,1.4207,1.0714,1.5262,1.552,0.1955,77.39,77.39,77.39,77.39,1,1.0,0,0.0,0.07062308371875488,10.539,1.0000519696497245,0.0,0.31263361395996536,,,
1.3086,1.6143,1.0613,3.073,1.4748,0.221,77.39,77.39,77.39,77.39,1,1.0,0,0.0,0.06769996371364885,13.1624,1.0000518403317782,0.0,0.31457700629319496,,,
1.79,2.8,0.65,1.21,2.41,0.56,77.42,77.42,77.42,77.42,1,1.0,0,0.0,0.18712543914031823,9.52543,1.0000516662361147,0.0,0.3258717075105883,,,
1.79,2.62,0.73,1.2,2.27,0.51,77.42,77.42,77.42,77.42,1,1.0,0,0.0,0.1917234965902046,9.40068,1.000051666236115,0.0,0.3252535436361051,,,
2.28,2.7,1.4,1.55,2.41,0.56,77.44,77.44,77.44,77.44,1,1.0,0,0.0,0.09131759723154796,9.33006,1.000051652892562,0.0,0.31189688962173123,,,
2.44,2.89,0.75,1.74,2.6,0.58,77.44,77.44,77.44,77.44,1,1.0,0,0.0,0.1835648985073085,8.86659,1.000051652892562,0.0,0.3211751391641716,,,
2.45,2.88,0.92,1.68,2.61,0.58,77.45,77.45,77.45,77.45,1,1.0,0,0.0,0.17078965036409646,9.1653,1.0000516475570707,0.0,0.32241644362924865,,,
1.5,0.46,1.6,0.9,1.23,0.43,77.47,77.47,77.47,77.47,1,1.0,0,0.0,0.10601703651456784,9.53742,1.0000542593597395,0.0,0.31571137414585626,,,
2.1,2.47,1.91,1.36,2.13,0.52,77.48,77.48,77.48,77.48,1,1.0,0,0.0,0.18837437406432295,9.07772,1.0000516262261228,0.0,0.3210621725623168,,,
2.4,2.89,1.47,1.8,2.62,0.57,77.55,77.55,77.55,77.55,1,1.0,0,0.0,0.09810191871260573,9.51159,1.0000515809563109,0.0,0.3054109532790008,,,
2.4,2.78,1.38,1.64,2.5,0.57,77.6,77.6,77.6,77.6,1,1.0,0,0.0,0.18885624452347818,9.051,1.0000515463917525,0.0,0.32456027531757686,,,
2.31,2.74,1.41,1.57,2.44,0.56,77.61,77.61,77.61,77.61,1,1.0,0,0.0,0.19495980210265926,9.38682,1.0000515384218935,0.0,0.3310250500432796,,,
2.34,2.76,1.47,1.59,2.47,0.57,77.62,77.62,77.62,77.62,1,1.0,0,0.0,0.1905080902813563,9.04673,1.0000515331100233,0.0,0.3241881926477178,,,
1.88,2.99,0.63,1.28,2.56,0.58,77.63,77.63,77.63,77.63,1,1.0,0,0.0,0.17790715647380081,9.41238,1.00005152514427,0.0,0.32341537005580845,,,
1.56,1.19,1.84,0.79,1.18,0.34,77.64,77.64,77.64,77.64,1,1.0,0,0.0,0.14502086445829684,9.76919,1.0000515198351365,0.0,0.31531507476589493,,,
2.11,2.41,1.93,1.38,2.15,0.51,77.7,77.7,77.7,77.7,1,1.0,0,0.0,0.19576855760321218,9.05678,1.0000514800514801,0.0,0.32573435476419943,,,
1.1848,2.3887,0.6928,1.3157,2.794,0.2309,77.7,77.7,77.7,77.7,1,1.0,0,0.0,0.08401586565703395,8.51774,1.0000515145270965,0.0,0.31682489436352873,,,
2.34,2.74,1.62,1.63,2.4,0.57,77.74,77.74,77.74,77.74,1,1.0,0,0.0,0.18254784935171847,9.81348,1.0000514535631593,0.0,0.32259813877536114,,,
1.95,2.26,1.44,1.27,1.93,0.46,77.74,77.74,77.74,77.74,1,1.0,0,0.0,0.18532619880633874,9.87141,1.0000514535631593,0.0,0.31608895554547467,,,
2.43,2.89,1.5,1.84,2.6,0.58,77.77,77.77,77.77,77.77,1,1.0,0,0.0,0.17840979222382225,9.64723,1.0000514323921206,0.0,0.32714672345851836,,,
1.86,2.11,1.33,1.14,1.81,0.44,77.79,77.79,77.79,77.79,1,1.0,0,0.0,0.18526326614561908,9.29285,1.0000514218131333,0.0,0.3292733384184323,,,
2.18,2.61,1.32,1.52,2.28,0.54,77.83,77.83,77.83,77.83,1,1.0,0,0.0,0.19358651523716533,8.92851,1.0000513927433445,0.0,0.3310974031372971,,,
0.9693,2.3257,0.6806,0.9278,2.1538,0.2478,77.83,77.83,77.83,77.83,1,1.0,0,0.0,0.0718433629682923,8.3132,1.0000513927433445,0.0,0.3155432507913899,,,
2.37,2.74,1.48,1.61,2.46,0.56,77.83,77.83,77.83,77.83,1,1.0,0,0.0,0.19226025285229725,9.52048,1.0000513953846943,0.0,0.3216359341534873,,,
1.8,2.63,0.74,1.21,2.28,0.52,77.89,77.89,77.89,77.89,1,1.0,0,0.0,0.19591228881014738,9.17067,1.0000513557929334,0.0,0.33176741771263624,,,
2.45,2.81,0.85,1.69,2.58,0.57,77.91,77.91,77.91,77.91,1,1.0,0,0.0,0.19862415935109606,9.28796,1.0000513399733033,0.0,0.3325338295385684,,,
2.38,2.8,1.12,1.66,2.44,0.54,77.96,77.96,77.96,77.96,1,1.0,0,0.0,0.18208403878713253,9.19112,1.0000513083632632,0.0,0.3281628500792514,,,
1.73,2.55,0.71,1.09,2.2,0.5,77.99,77.99,77.99,77.99,1,1.0,0,0.0,0.19672803733524796,9.38063,1.0000512873115193,0.0,0.32492702395529505,,,
2.0,2.35,1.47,1.32,2.01,0.48,77.99,77.99,77.99,77.99,1,1.0,0,0.0,0.1918559926150059,9.22168,1.000051287311519,0.0,0.32898976808809977,,,
1.95,2.57,0.77,1.32,2.26,0.52,78.0,78.0,78.0,78.0,1,1.0,0,0.0,0.19429772832162454,9.44133,1.000051282051282,0.0,0.3245637151807723,,,
2.31,2.69,1.29,1.57,2.4,0.55,78.03,78.03,78.03,78.03,1,1.0,0,0.0,0.19221897585729664,9.16837,1.0000512610211196,0.0,0.3203906598481487,,,
2.05,2.83,1.58,1.75,2.61,0.49,78.08,78.08,78.08,78.08,1,1.0,0,0.0,0.19153731878489832,9.62558,1.0000512295081967,0.0,0.3264385014225733,,,
2.04,2.71,0.66,1.31,2.44,0.56,78.09,78.09,78.09,78.09,1,1.0,0,0.0,0.1921737348903913,9.23623,1.000051221636019,0.0,0.3250865898494628,,,
2.55,3.05,1.53,1.88,2.73,0.6,78.13,78.13,78.13,78.13,1,1.0,0,0.0,0.19474735063738288,8.88617,1.0000511980339954,0.0,0.3267239275250359,,,
2.08,2.59,1.99,1.44,2.25,0.52,78.16,78.16,78.16,78.16,1,1.0,0,0.0,0.19067601453354485,9.46366,1.0000511770726714,0.0,0.323325787873646,,,
2.54,3.12,1.57,1.95,2.77,0.6,78.18,78.18,78.18,78.18,1,1.0,0,0.0,0.20336641768136704,9.33073,1.0000511639805576,0.0,0.329950946381988,,,
1.77,2.64,0.72,1.18,2.29,0.51,78.19,78.19,78.19,78.19,1,1.0,0,0.0,0.19776959279721712,9.26076,1.0000511587455874,0.0,0.3301875820022386,,,
2.01,2.7,0.79,1.36,2.39,0.55,78.23,78.23,78.23,78.23,1,1.0,0,0.0,0.18606196952653645,9.41006,1.0000511325867976,0.0,0.32518225760414327,,,
2.41,2.78,0.82,1.66,2.55,0.56,78.26,78.26,78.26,78.26,1,1.0,0,0.0,0.2003475416538894,9.16238,1.0000511116790185,0.0,0.33036658015128695,,,
2.42,2.83,0.83,1.68,2.58,0.58,78.35,78.35,78.35,78.35,1,1.0,0,0.0,0.1925570473224769,8.81525,1.000051051664284,0.0,0.3221329165908226,,,
1.31,1.7,2.94,0.88,1.41,0.44,78.39,78.39,78.39,78.39,1,1.0,0,0.0,0.15465074748711669,18.5729,1.0000510256148587,0.0,0.34199325809971187,,,
2.19,2.66,1.19,1.58,2.36,0.53,78.39,78.39,78.39,78.39,1,1.0,0,0.0,0.2119495892647584,9.52149,1.0000510256148587,0.0,0.32265249413085206,,,
1.63,1.3,1.6,0.93,1.24,0.37,78.47,78.47,78.47,78.47,1,1.0,0,0.0,0.1877867264756856,9.16582,1.0000509761941174,0.0,0.32993277274758537,,,
2.27,2.65,1.23,1.61,2.34,0.52,78.52,78.52,78.52,78.52,1,1.0,0,0.0,0.13988080077428558,17.797,1.000050942435048,0.0,0.3297972447416358,,,
1.53,1.8,2.73,0.88,1.45,0.46,78.54,78.54,78.54,78.54,1,1.0,0,0.0,0.19683234874719902,9.0068,1.0000509294626938,0.0,0.32638362620877215,,,
1.47,0.48,1.64,0.91,1.2,0.42,78.6,78.6,78.6,78.6,1,1.0,0,0.0,0.19754719861584652,20.3572,1.0000508905852417,0.0,0.33374691486375085,,,
2.58,2.9,0.89,1.75,2.66,0.58,78.61,78.61,78.61,78.61,1,1.0,0,0.0,0.19600061059380247,9.59274,1.0000508854060657,0.0,0.3302331414107342,,,
1.77,2.48,0.72,1.17,2.2,0.5,78.66,78.66,78.66,78.66,1,1.0,0,0.0,0.19714227600935624,9.6948,1.000050851767099,0.0,0.3285527490169518,,,
2.13,3.14,0.89,1.77,2.79,0.59,78.73,78.73,78.73,78.73,1,1.0,0,0.0,0.18543921150231163,9.37776,1.000050807844731,0.0,0.33193485793083466,,,
1.52,1.34,2.33,0.8,1.22,0.37,78.85,78.85,78.85,78.85,1,1.0,0,0.0,0.12265395150654357,17.7621,1.0000507279460256,0.0,0.3306014302714835,,,
1.96,2.87,0.71,1.49,2.63,0.57,78.86,78.86,78.86,78.86,1,1.0,0,0.0,0.21348143639683506,9.58683,1.0000507227998985,0.0,0.3274842797021078,,,
2.11,2.6,0.83,1.43,2.29,0.53,79.06,79.06,79.06,79.06,1,1.0,0,0.0,0.20084994434888193,9.07767,1.000050594485201,0.0,0.3207217765604856,,,
2.33,2.71,1.36,1.57,2.44,0.55,79.48,79.48,79.48,79.48,1,1.0,0,0.0,0.19581299381007497,9.40111,1.0000503271263215,0.0,0.3256690906047789,,,
2.22,2.44,1.54,1.33,2.17,0.47,81.37,81.37,81.37,81.37,1,1.0,0,0.0,0.19150046987574396,9.19672,1.0000522111418575,0.0,0.3174393021890687,,,
1.45,1.84,2.13,0.91,1.47,0.44,91.17,91.17,91.17,91.17,1,1.0,0,0.0,0.2637237263592084,6.58056,1.0000438827453046,0.0,0.2617799624192283,,,
1.08,1.41,2.98,0.79,1.2,0.4,103.4236752374402,103.4236752374402,,,1,0.0,0,0.0,0.4584070033205399,4.44258,1.0000431257547007,0.0,0.2799160330266061,,,
1.1881,1.5983,1.1381,1.4511,1.595,0.1877,150.0,150.0,,,1,0.0,0,,,,,,,,,
1.559,2.5774,0.7979,0.9723,2.9099,0.2722,150.18965946175348,150.18965946175348,,,1,0.0,True,0.0,0.0227991565629942,19.7355,1.000131804402267,0.0,0.2862038641276559,,,
1.74,1.53,1.88,1.03,1.33,0.42,155.38919702047326,155.38919702047326,,,1,0.0,True,0.0,0.2765151515151515,2.6166,1.0012642225031605,0.0,2.0197374361448586,,,
1.0509,2.9842,0.8861,1.1419,2.7173,0.2586,159.1048249015849,159.1048249015849,,,1,0.0,True,0.0,0.085008085008085,14.2614,1.000231053604436,0.0,0.2919951380312279,,,
1.2881,2.991,0.3983,1.0924,2.3659,0.2417,159.12531280640394,159.12531280640394,,,1,0.0,True,0.0,0.07973886686873397,13.8821,1.0002332089552235,0.0,0.31263910967004155,,,
2.32,2.74,0.82,1.64,2.52,0.54,161.00873662798355,161.00873662798355,,,1,0.0,True,0.0,0.3776513191929643,3.15288,1.0002587322121606,0.0,0.25699533154324977,,,
2.3484,1.343,1.1052,1.1856,1.7559,0.185,166.3487626768911,166.3487626768911,,,1,0.0,True,0.39255,0.04047277936962751,2.58054,1.0003582945180938,0.0,0.463993840904864,,,
2.66,2.59,1.41,1.7,2.3,0.51,166.9575461343714,166.9575461343714,,,1,0.0,True,0.0,0.22802704363859866,2.26292,1.0006150061500614,0.0,0.35320627734371995,,,
