t,x,y,yaw,speed,yaw_rate,a_lat,planner,min_d,track_error,fre_min_d,fgm_min_d,fre_track,fgm_track,collision
8.0919e-05,-9.99917,7.475,0,0.119055,0,0,FGM,0.423102,0.144997,0.415835,0.423102,0.0473625,0.144997,0
0.00309088,-9.99917,7.475,0,0.119055,0,0,FGM,0.423102,0.144997,0.415835,0.423102,0.0473625,0.144997,0
0.00701706,-9.9975,7.475,8.8426e-05,0.214155,0.0207611,0.0044461,FGM,0.423102,0.144997,0.415835,0.423102,0.0473625,0.144997,0
0.00979336,-9.9975,7.475,8.8426e-05,0.214155,0.0207611,0.0044461,FGM,0.423102,0.144997,0.415835,0.423102,0.0473625,0.144997,0
0.013842,-9.9975,7.475,8.8426e-05,0.214155,0.0207611,0.0044461,FGM,0.423102,0.144997,0.415835,0.423102,0.0473625,0.144997,0
0.0180036,-9.99488,7.475,0.000476881,0.309255,0.0600224,0.0185623,FGM,0.423102,0.144997,0.415835,0.423102,0.0473625,0.144997,0
0.0219271,-9.99488,7.475,0.000476881,0.309255,0.0600224,0.0185623,FGM,0.423102,0.144997,0.415835,0.423102,0.0473625,0.144997,0
0.0270412,-9.99131,7.475,0.00135099,0.404355,0.117922,0.0476824,FGM,0.423102,0.144997,0.415835,0.423102,0.0473625,0.144997,0
0.0300237,-9.99131,7.475,0.00135099,0.404355,0.117922,0.0476824,FGM,0.423102,0.144997,0.415835,0.423102,0.0473625,0.144997,0
0.0338624,-9.99131,7.475,0.00135099,0.404355,0.117922,0.0476824,FGM,0.41956,0.166003,0.411089,0.41956,0.0473625,0.166003,0
0.0387286,-9.98679,7.47501,0.00244056,0.499455,0.0969378,0.0484161,FGM,0.41956,0.166003,0.411089,0.41956,0.0473625,0.166003,0
0.0421792,-9.98679,7.47501,0.00244056,0.499455,0.0969378,0.0484161,FGM,0.41956,0.166003,0.411089,0.41956,0.0473625,0.166003,0
0.0471118,-9.98133,7.47507,0.00354971,0.594555,0.060647,0.036058,FGM,0.41956,0.166003,0.411089,0.41956,0.0473625,0.166003,0
0.0496444,-9.98133,7.47507,0.00354971,0.594555,0.060647,0.036058,FGM,0.41956,0.166003,0.411089,0.41956,0.0473625,0.166003,0
0.054077,-9.98133,7.47507,0.00354971,0.594555,0.060647,0.036058,FGM,0.41956,0.166003,0.411089,0.41956,0.0473625,0.166003,0
0.0577353,-9.97493,7.47526,0.00459689,0.685809,0.10642,0.0729838,FGM,0.41956,0.166003,0.411089,0.41956,0.0473625,0.166003,0
0.0620236,-9.97493,7.47526,0.00459689,0.685809,0.10642,0.0729838,FGM,0.41956,0.166003,0.411089,0.41956,0.0473625,0.166003,0
0.0668933,-9.96764,7.47551,0.00572798,0.772724,0.105415,0.0814565,FGM,0.41956,0.166003,0.411089,0.41956,0.0473625,0.166003,0
0.070557,-9.96764,7.47551,0.00572798,0.772724,0.105415,0.0814565,FGM,0.41956,0.166003,0.411089,0.41956,0.0473625,0.166003,0
0.0740188,-9.96764,7.47551,0.00572798,0.772724,0.105415,0.0814565,FGM,0.41956,0.166003,0.411089,0.41956,0.0473625,0.166003,0
0.0793252,-9.9595,7.47576,0.00680179,0.855506,0.121465,0.103914,FGM,0.41956,0.166003,0.411089,0.41956,0.0473625,0.166003,0
0.0827101,-9.9595,7.47576,0.00680179,0.855506,0.121465,0.103914,FGM,0.413572,0.207133,0.404721,0.413572,0.0473625,0.207133,0
0.0882785,-9.95056,7.47605,0.0080855,0.933859,0.122552,0.114446,FGM,0.413572,0.207133,0.404721,0.413572,0.0473625,0.207133,0
0.0905985,-9.95056,7.47605,0.0080855,0.933859,0.122552,0.114446,FGM,0.413572,0.207133,0.404721,0.413572,0.0473625,0.207133,0
0.0936436,-9.95056,7.47605,0.0080855,0.933859,0.122552,0.114446,FGM,0.413572,0.207133,0.404721,0.413572,0.0473625,0.207133,0
0.0977678,-9.94085,7.47635,0.00932329,1.00849,0.137563,0.138731,FGM,0.413572,0.207133,0.404721,0.413572,0.0473625,0.207133,0
0.102044,-9.94085,7.47635,0.00932329,1.00849,0.137563,0.138731,FGM,0.413572,0.207133,0.404721,0.413572,0.0473625,0.207133,0
0.107717,-9.93042,7.4767,0.0107741,1.07956,0.139787,0.150909,FGM,0.413572,0.207133,0.404721,0.413572,0.0473625,0.207133,0
0.110888,-9.93042,7.4767,0.0107741,1.07956,0.139787,0.150909,FGM,0.413572,0.207133,0.404721,0.413572,0.0473625,0.207133,0
0.113793,-9.93042,7.4767,0.0107741,1.07956,0.139787,0.150909,FGM,0.413572,0.207133,0.404721,0.413572,0.0473625,0.207133,0
0.117714,-9.91929,7.47706,0.0121785,1.14726,0.153808,0.176458,FGM,0.413572,0.207133,0.404721,0.413572,0.0473625,0.207133,0
0.121814,-9.91929,7.47706,0.0121785,1.14726,0.153808,0.176458,FGM,0.413572,0.207133,0.404721,0.413572,0.0473625,0.207133,0
0.127037,-9.9075,7.47748,0.0137943,1.21174,0.156289,0.189382,FGM,0.413572,0.207133,0.404721,0.413572,0.0473625,0.207133,0
0.129778,-9.9075,7.47748,0.0137943,1.21174,0.156289,0.189382,FGM,0.413572,0.207133,0.404721,0.413572,0.0473625,0.207133,0
0.133914,-9.9075,7.47748,0.0137943,1.21174,0.156289,0.189382,FGM,0.425566,0.235795,0.416507,0.425566,0.0473625,0.235795,0
0.138004,-9.89508,7.47791,0.0153576,1.27316,0.169316,0.215566,FGM,0.425566,0.235795,0.416507,0.425566,0.0473625,0.235795,0
0.141871,-9.89508,7.47791,0.0153576,1.27316,0.169316,0.215566,FGM,0.425566,0.235795,0.416507,0.425566,0.0473625,0.235795,0
0.14692,-9.88205,7.4784,0.0171272,1.33485,0.171627,0.229097,FGM,0.425566,0.235795,0.416507,0.425566,0.0473625,0.235795,0
0.149732,-9.88205,7.4784,0.0171272,1.33485,0.171627,0.229097,FGM,0.425566,0.235795,0.416507,0.425566,0.0473625,0.235795,0
0.154143,-9.88205,7.4784,0.0171272,1.33485,0.171627,0.229097,FGM,0.425566,0.235795,0.416507,0.425566,0.0473625,0.235795,0
0.158421,-9.86842,7.47892,0.018839,1.39362,0.18373,0.25605,FGM,0.425566,0.235795,0.416507,0.425566,0.0473625,0.235795,0
0.161909,-9.86842,7.47892,0.018839,1.39362,0.18373,0.25605,FGM,0.425566,0.235795,0.416507,0.425566,0.0473625,0.235795,0
0.166897,-9.85422,7.47949,0.020755,1.44958,0.186109,0.26978,FGM,0.425566,0.235795,0.416507,0.425566,0.0473625,0.235795,0
0.171179,-9.85422,7.47949,0.020755,1.44958,0.186109,0.26978,FGM,0.425566,0.235795,0.416507,0.425566,0.0473625,0.235795,0
0.175271,-9.85422,7.47949,0.020755,1.44958,0.186109,0.26978,FGM,0.425566,0.235795,0.416507,0.425566,0.0473625,0.235795,0
0.179003,-9.83947,7.4801,0.0226068,1.50289,0.197524,0.296857,FGM,0.425566,0.235795,0.416507,0.425566,0.0473625,0.235795,0
0.181894,-9.83947,7.4801,0.0226068,1.50289,0.197524,0.296857,FGM,0.424178,0.266079,0.409507,0.424178,0.0473625,0.266079,0
0.187107,-9.82419,7.48076,0.024659,1.55586,0.199469,0.310347,FGM,0.424178,0.266079,0.409507,0.424178,0.0473625,0.266079,0
0.189953,-9.82419,7.48076,0.024659,1.55586,0.199469,0.310347,FGM,0.424178,0.266079,0.409507,0.424178,0.0473625,0.266079,0
0.19387,-9.82419,7.48076,0.024659,1.55586,0.199469,0.310347,FGM,0.424178,0.266079,0.409507,0.424178,0.0473625,0.266079,0
0.197658,-9.80839,7.48146,0.0266398,1.60632,0.210127,0.337531,FGM,0.424178,0.266079,0.409507,0.424178,0.0473625,0.266079,0
0.201889,-9.80839,7.48146,0.0266398,1.60632,0.210127,0.337531,FGM,0.424178,0.266079,0.409507,0.424178,0.0473625,0.266079,0
0.207821,-9.79211,7.48223,0.0288195,1.65437,0.212005,0.350736,FGM,0.424178,0.266079,0.409507,0.424178,0.0473625,0.266079,0
0.212432,-9.79211,7.48223,0.0288195,1.65437,0.212005,0.350736,FGM,0.424178,0.266079,0.409507,0.424178,0.0473625,0.266079,0
0.217244,-9.77535,7.48303,0.0309216,1.70014,0.222146,0.37768,FGM,0.424178,0.266079,0.409507,0.424178,0.0473625,0.266079,0
0.220796,-9.77535,7.48303,0.0309216,1.70014,0.222146,0.37768,FGM,0.424178,0.266079,0.409507,0.424178,0.0473625,0.266079,0
0.224474,-9.77535,7.48303,0.0309216,1.70014,0.222146,0.37768,FGM,0.424178,0.266079,0.409507,0.424178,0.0473625,0.266079,0
0.229526,-9.75816,7.4839,0.0332213,1.74374,0.223699,0.390073,FGM,0.424178,0.266079,0.409507,0.424178,0.0473625,0.266079,0
0.233263,-9.75816,7.4839,0.0332213,1.74374,0.223699,0.390073,FGM,0.429788,0.289483,0.422742,0.429788,0.0473625,0.289483,0
0.238515,-9.74053,7.48481,0.0354363,1.78526,0.233283,0.416471,FGM,0.429788,0.289483,0.422742,0.429788,0.0473625,0.289483,0
0.242348,-9.74053,7.48481,0.0354363,1.78526,0.233283,0.416471,FGM,0.429788,0.289483,0.422742,0.429788,0.0473625,0.289483,0
0.247579,-9.7225,7.48579,0.0378439,1.8276,0.234172,0.427972,FGM,0.429788,0.289483,0.422742,0.429788,0.0473625,0.289483,0
0.25034,-9.7225,7.48579,0.0378439,1.8276,0.234172,0.427972,FGM,0.429788,0.289483,0.422742,0.429788,0.0473625,0.289483,0
0.254184,-9.7225,7.48579,0.0378439,1.8276,0.234172,0.427972,FGM,0.429788,0.289483,0.422742,0.429788,0.0473625,0.289483,0
0.258395,-9.70405,7.48682,0.0401598,1.86792,0.2431,0.454091,FGM,0.429788,0.289483,0.422742,0.429788,0.0473625,0.289483,0
0.262021,-9.70405,7.48682,0.0401598,1.86792,0.2431,0.454091,FGM,0.429788,0.289483,0.422742,0.429788,0.0473625,0.289483,0
0.267144,-9.68521,7.48792,0.042668,1.90633,0.244142,0.465415,FGM,0.429788,0.289483,0.422742,0.429788,0.0473625,0.289483,0
0.27039,-9.68521,7.48792,0.042668,1.90633,0.244142,0.465415,FGM,0.429788,0.289483,0.422742,0.429788,0.0473625,0.289483,0
0.2743,-9.68521,7.48792,0.042668,1.90633,0.244142,0.465415,FGM,0.429788,0.289483,0.422742,0.429788,0.0473625,0.289483,0
0.279841,-9.666,7.48908,0.0450813,1.94291,0.252844,0.491253,FGM,0.429788,0.289483,0.422742,0.429788,0.0473625,0.289483,0
0.283163,-9.666,7.48908,0.0450813,1.94291,0.252844,0.491253,FGM,0.461116,0.324337,0.429732,0.461116,0.0473625,0.324337,0
0.287531,-9.64643,7.49031,0.0476872,1.97775,0.253679,0.501714,FGM,0.461116,0.324337,0.429732,0.461116,0.0473625,0.324337,0
0.290466,-9.64643,7.49031,0.0476872,1.97775,0.253679,0.501714,FGM,0.461116,0.324337,0.429732,0.461116,0.0473625,0.324337,0
0.293899,-9.64643,7.49031,0.0476872,1.97775,0.253679,0.501714,FGM,0.461116,0.324337,0.429732,0.461116,0.0473625,0.324337,0
0.298302,-9.62651,7.49159,0.0501904,2.01419,0.261358,0.526425,FGM,0.461116,0.324337,0.429732,0.461116,0.0473625,0.324337,0
0.301873,-9.62651,7.49159,0.0501904,2.01419,0.261358,0.526425,FGM,0.461116,0.324337,0.429732,0.461116,0.0473625,0.324337,0
0.306891,-9.60624,7.49296,0.0528794,2.04889,0.261854,0.536511,FGM,0.461116,0.324337,0.429732,0.461116,0.0473625,0.324337,0
0.309972,-9.60624,7.49296,0.0528794,2.04889,0.261854,0.536511,FGM,0.461116,0.324337,0.429732,0.461116,0.0473625,0.324337,0
0.313857,-9.60624,7.49296,0.0528794,2.04889,0.261854,0.536511,FGM,0.461116,0.324337,0.429732,0.461116,0.0473625,0.324337,0
0.317835,-9.58564,7.49436,0.0552117,2.08194,0.195565,0.407154,FGM,0.461116,0.324337,0.429732,0.461116,0.0473625,0.324337,0
0.321908,-9.58564,7.49436,0.0552117,2.08194,0.195565,0.407154,FGM,0.461116,0.324337,0.429732,0.461116,0.0473625,0.324337,0
0.326855,-9.56471,7.49576,0.0569075,2.11342,0.161637,0.341607,FGM,0.461116,0.324337,0.429732,0.461116,0.0473625,0.324337,0
0.330033,-9.56471,7.49576,0.0569075,2.11342,0.161637,0.341607,FGM,0.461116,0.324337,0.429732,0.461116,0.0473625,0.324337,0
0.333912,-9.56471,7.49576,0.0569075,2.11342,0.161637,0.341607,FGM,0.46231,0.331701,0.430773,0.46231,0.0473625,0.331701,0
0.338173,-9.54347,7.49719,0.0584562,2.14341,0.135192,0.289772,FGM,0.46231,0.331701,0.430773,0.46231,0.0473625,0.331701,0
0.343228,-9.54347,7.49719,0.0584562,2.14341,0.135192,0.289772,FGM,0.46231,0.331701,0.430773,0.46231,0.0473625,0.331701,0
0.347891,-9.52193,7.49863,0.0596767,2.17449,0.124851,0.271487,FGM,0.46231,0.331701,0.430773,0.46231,0.0473625,0.331701,0
0.35132,-9.52193,7.49863,0.0596767,2.17449,0.124851,0.271487,FGM,0.46231,0.331701,0.430773,0.46231,0.0473625,0.331701,0
0.355101,-9.52193,7.49863,0.0596767,2.17449,0.124851,0.271487,FGM,0.46231,0.331701,0.430773,0.46231,0.0473625,0.331701,0
0.35967,-9.50009,7.50011,0.0609359,2.20409,0.11283,0.248688,FGM,0.46231,0.331701,0.430773,0.46231,0.0473625,0.331701,0
0.362686,-9.50009,7.50011,0.0609359,2.20409,0.11283,0.248688,FGM,0.46231,0.331701,0.430773,0.46231,0.0473625,0.331701,0
0.366969,-9.47796,7.5016,0.0619793,2.23229,0.111258,0.248361,FGM,0.46231,0.331701,0.430773,0.46231,0.0473625,0.331701,0
0.370292,-9.47796,7.5016,0.0619793,2.23229,0.111258,0.248361,FGM,0.46231,0.331701,0.430773,0.46231,0.0473625,0.331701,0
0.374363,-9.47796,7.5016,0.0619793,2.23229,0.111258,0.248361,FGM,0.46231,0.331701,0.430773,0.46231,0.0473625,0.331701,0
0.379444,-9.45555,7.50314,0.0631334,2.25914,0.104749,0.236642,FGM,0.46231,0.331701,0.430773,0.46231,0.0473625,0.331701,0
0.382741,-9.45555,7.50314,0.0631334,2.25914,0.104749,0.236642,FRENET,0.426987,0.0473625,0.426987,0.408676,0.0473625,0.361226,0
0.387443,-9.43289,7.5047,0.0641135,2.28472,0.106614,0.243583,FRENET,0.426987,0.0473625,0.426987,0.408676,0.0473625,0.361226,0
0.390154,-9.43289,7.5047,0.0641135,2.28472,0.106614,0.243583,FRENET,0.426987,0.0473625,0.426987,0.408676,0.0473625,0.361226,0
0.393918,-9.43289,7.5047,0.0641135,2.28472,0.106614,0.243583,FRENET,0.426987,0.0473625,0.426987,0.408676,0.0473625,0.361226,0
0.397975,-9.41049,7.50627,0.0653055,2.20479,0.107675,0.237401,FRENET,0.426987,0.0473625,0.426987,0.408676,0.0473625,0.361226,0
0.402352,-9.41049,7.50627,0.0653055,2.20479,0.107675,0.237401,FRENET,0.426987,0.0473625,0.426987,0.408676,0.0473625,0.361226,0
0.407109,-9.38859,7.50781,0.0663068,2.18761,0.111062,0.242961,FRENET,0.426987,0.0473625,0.426987,0.408676,0.0473625,0.361226,0
0.409684,-9.38859,7.50781,0.0663068,2.18761,0.111062,0.242961,FRENET,0.426987,0.0473625,0.426987,0.408676,0.0473625,0.361226,0
0.413839,-9.38859,7.50781,0.0663068,2.18761,0.111062,0.242961,FRENET,0.426987,0.0473625,0.426987,0.408676,0.0473625,0.361226,0
0.418197,-9.36683,7.50937,0.0674776,2.1737,0.104967,0.228166,FRENET,0.426987,0.0473625,0.426987,0.408676,0.0473625,0.361226,0
0.422747,-9.36683,7.50937,0.0674776,2.1737,0.104967,0.228166,FRENET,0.426987,0.0473625,0.426987,0.408676,0.0473625,0.361226,0
0.427121,-9.34521,7.5109,0.0681433,2.16243,0.0174967,0.0378356,FRENET,0.426987,0.0473625,0.426987,0.408676,0.0473625,0.361226,0
0.429944,-9.34521,7.5109,0.0681433,2.16243,0.0174967,0.0378356,FRENET,0.426987,0.0473625,0.426987,0.408676,0.0473625,0.361226,0
0.433709,-9.34521,7.5109,0.0681433,2.16243,0.0174967,0.0378356,FRENET,0.421539,0.0473625,0.421539,0.431556,0.0473625,0.364718,0
0.438074,-9.32368,7.51236,0.0679842,2.15331,-0.0271057,-0.058367,FRENET,0.421539,0.0473625,0.421539,0.431556,0.0473625,0.364718,0
0.44181,-9.32368,7.51236,0.0679842,2.15331,-0.0271057,-0.058367,FRENET,0.421539,0.0473625,0.421539,0.431556,0.0473625,0.364718,0
0.447716,-9.30223,7.51379,0.0676204,2.14592,-0.0607746,-0.130418,FRENET,0.421539,0.0473625,0.421539,0.431556,0.0473625,0.364718,0
0.450689,-9.30223,7.51379,0.0676204,2.14592,-0.0607746,-0.130418,FRENET,0.421539,0.0473625,0.421539,0.431556,0.0473625,0.364718,0
0.453842,-9.30223,7.51379,0.0676204,2.14592,-0.0607746,-0.130418,FRENET,0.421539,0.0473625,0.421539,0.431556,0.0473625,0.364718,0
0.457773,-9.28085,7.51517,0.0668539,2.13994,-0.0733742,-0.157016,FRENET,0.421539,0.0473625,0.421539,0.431556,0.0473625,0.364718,0
0.462127,-9.28085,7.51517,0.0668539,2.13994,-0.0733742,-0.157016,FRENET,0.421539,0.0473625,0.421539,0.431556,0.0473625,0.364718,0
0.470152,-9.25951,7.51654,0.0661304,2.1351,-0.0879344,-0.187748,FRENET,0.421539,0.0473625,0.421539,0.431556,0.0473625,0.364718,0
0.473042,-9.25951,7.51654,0.0661304,2.1351,-0.0879344,-0.187748,FRENET,0.421539,0.0473625,0.421539,0.431556,0.0473625,0.364718,0
0.476964,-9.23822,7.51786,0.0651546,2.13117,-0.0892654,-0.19024,FRENET,0.421539,0.0473625,0.421539,0.431556,0.0473625,0.364718,0
0.479608,-9.23822,7.51786,0.0651546,2.13117,-0.0892654,-0.19024,FRENET,0.421539,0.0473625,0.421539,0.431556,0.0473625,0.364718,0
0.482751,-9.23822,7.51786,0.0651546,2.13117,-0.0892654,-0.19024,FRENET,0.428656,0.0473625,0.428656,0.429584,0.0473625,0.360406,0
0.489285,-9.21697,7.51917,0.0643081,2.128,-0.0971212,-0.206674,FRENET,0.428656,0.0473625,0.428656,0.429584,0.0473625,0.360406,0
0.492683,-9.21697,7.51917,0.0643081,2.128,-0.0971212,-0.206674,FRENET,0.428656,0.0473625,0.428656,0.429584,0.0473625,0.360406,0
0.495455,-9.21697,7.51917,0.0643081,2.128,-0.0971212,-0.206674,FRENET,0.428656,0.0473625,0.428656,0.429584,0.0473625,0.360406,0
0.499056,-9.19574,7.52044,0.0632621,2.12542,-0.0945488,-0.200956,FRENET,0.428656,0.0473625,0.428656,0.429584,0.0473625,0.360406,0
0.502058,-9.19574,7.52044,0.0632621,2.12542,-0.0945488,-0.200956,FRENET,0.428656,0.0473625,0.428656,0.429584,0.0473625,0.360406,0
0.506852,-9.17453,7.52169,0.062375,2.12334,-0.10009,-0.212525,FRENET,0.428656,0.0473625,0.428656,0.429584,0.0473625,0.360406,0
0.509992,-9.17453,7.52169,0.062375,2.12334,-0.10009,-0.212525,FRENET,0.428656,0.0473625,0.428656,0.429584,0.0473625,0.360406,0
0.513855,-9.17453,7.52169,0.062375,2.12334,-0.10009,-0.212525,FRENET,0.428656,0.0473625,0.428656,0.429584,0.0473625,0.360406,0
0.518068,-9.15334,7.52291,0.0613068,2.12165,-0.0961992,-0.204102,FRENET,0.428656,0.0473625,0.428656,0.429584,0.0473625,0.360406,0
0.521947,-9.15334,7.52291,0.0613068,2.12165,-0.0961992,-0.204102,FRENET,0.428656,0.0473625,0.428656,0.429584,0.0473625,0.360406,0
0.527793,-9.13217,7.52412,0.0604072,2.12029,-0.100961,-0.214067,FRENET,0.428656,0.0473625,0.428656,0.429584,0.0473625,0.360406,0
0.530639,-9.13217,7.52412,0.0604072,2.12029,-0.100961,-0.214067,FRENET,0.428656,0.0473625,0.428656,0.429584,0.0473625,0.360406,0
0.534184,-9.13217,7.52412,0.0604072,2.12029,-0.100961,-0.214067,FRENET,0.434003,0.056482,0.434003,0.442091,0.056482,0.366559,0
0.53934,-9.111,7.5253,0.0593329,2.11918,-0.0966448,-0.204808,FRENET,0.434003,0.056482,0.434003,0.442091,0.056482,0.366559,0
0.543136,-9.111,7.5253,0.0593329,2.11918,-0.0966448,-0.204808,FRENET,0.434003,0.056482,0.434003,0.442091,0.056482,0.366559,0
0.547666,-9.08967,7.52647,0.0584382,2.1532,-0.0972805,-0.209464,FRENET,0.434003,0.056482,0.434003,0.442091,0.056482,0.366559,0
0.550708,-9.08967,7.52647,0.0584382,2.1532,-0.0972805,-0.209464,FRENET,0.434003,0.056482,0.434003,0.442091,0.056482,0.366559,0
0.554108,-9.08967,7.52647,0.0584382,2.1532,-0.0972805,-0.209464,FRENET,0.434003,0.056482,0.434003,0.442091,0.056482,0.366559,0
0.56167,-9.06801,7.52763,0.0574151,2.1856,-0.0928826,-0.203004,FRENET,0.434003,0.056482,0.434003,0.442091,0.056482,0.366559,0
0.56862,-9.04603,7.5288,0.0565422,2.21646,-0.0965883,-0.214084,FRENET,0.434003,0.056482,0.434003,0.442091,0.056482,0.366559,0
0.574249,-9.04603,7.5288,0.0565422,2.21646,-0.0965883,-0.214084,FRENET,0.434003,0.056482,0.434003,0.442091,0.056482,0.366559,0
0.578652,-9.02375,7.52995,0.0555156,2.24585,-0.0938846,-0.210851,FRENET,0.434003,0.056482,0.434003,0.442091,0.056482,0.366559,0
0.583047,-9.02375,7.52995,0.0555156,2.24585,-0.0938846,-0.210851,FRENET,0.430171,0.056482,0.430171,0.431203,0.056482,0.364705,0
0.589493,-9.00118,7.53111,0.054629,2.27385,-0.0984238,-0.223801,FRENET,0.430171,0.056482,0.430171,0.431203,0.056482,0.364705,0
0.605333,-8.97834,7.53225,0.0535805,2.30051,-0.0961612,-0.22122,FRENET,0.430171,0.056482,0.430171,0.431203,0.056482,0.364705,0
0.622786,-8.95523,7.53339,0.0526713,2.32591,-0.100846,-0.234557,FRENET,0.430171,0.056482,0.430171,0.431203,0.056482,0.364705,0
0.651716,-8.93188,7.53451,0.0515974,2.35009,-0.098639,-0.231811,FRENET,0.436463,0.056482,0.436463,0.424793,0.056482,0.371949,0
0.667109,-8.90829,7.53563,0.0506644,2.37313,-0.103267,-0.245065,FRENET,0.436463,0.056482,0.436463,0.424793,0.056482,0.371949,0
0.673492,-8.88441,7.53673,0.0495757,2.40696,-0.100051,-0.24082,FRENET,0.436463,0.056482,0.436463,0.424793,0.056482,0.371949,0
0.699493,-8.86021,7.53783,0.0486301,2.43918,-0.10376,-0.25309,FRENET,0.429337,0.056482,0.429337,0.50194,0.056482,0.219248,0
0.715132,-8.83569,7.53892,0.0475298,2.46987,-0.101554,-0.250825,FRENET,0.429337,0.056482,0.429337,0.50194,0.056482,0.219248,0
0.721308,-8.81087,7.54,0.0465673,2.4991,-0.10579,-0.264379,FRENET,0.429337,0.056482,0.429337,0.50194,0.056482,0.219248,0
0.725303,-8.81087,7.54,0.0465673,2.4991,-0.10579,-0.264379,FRENET,0.429337,0.056482,0.429337,0.50194,0.056482,0.219248,0
0.732031,-8.78576,7.54106,0.0454441,2.52694,-0.103878,-0.262494,FRENET,0.429337,0.056482,0.429337,0.50194,0.056482,0.219248,0
0.738768,-8.76038,7.54212,0.0444587,2.55346,-0.108221,-0.276338,FRENET,0.430521,0.056482,0.430521,0.50474,0.056482,0.141503,0
0.743166,-8.76038,7.54212,0.0444587,2.55346,-0.108221,-0.276338,FRENET,0.430521,0.056482,0.430521,0.50474,0.056482,0.141503,0
0.759675,-8.73474,7.54316,0.0433099,2.57872,-0.106352,-0.274251,FRENET,0.430521,0.056482,0.430521,0.50474,0.056482,0.141503,0
0.767053,-8.70885,7.54419,0.0423009,2.60277,-0.110659,-0.28802,FRENET,0.430521,0.056482,0.430521,0.50474,0.056482,0.141503,0
0.772596,-8.68273,7.54519,0.0411271,2.62568,-0.108747,-0.285535,FRENET,0.430521,0.056482,0.430521,0.50474,0.056482,0.141503,0
0.777842,-8.65638,7.54619,0.0400953,2.6475,-0.112974,-0.299099,FRENET,0.430521,0.056482,0.430521,0.50474,0.056482,0.141503,0
0.78192,-8.65638,7.54619,0.0400953,2.6475,-0.112974,-0.299099,FRENET,0.430521,0.056482,0.430521,0.50474,0.056482,0.141503,0
0.785294,-8.65638,7.54619,0.0400953,2.6475,-0.112974,-0.299099,FRENET,0.430408,0.056482,0.430408,0.507134,0.056482,0.284332,0
0.791951,-8.62982,7.54715,0.0388979,2.66829,-0.110993,-0.296162,FRENET,0.430408,0.056482,0.430408,0.507134,0.056482,0.284332,0
0.799346,-8.60306,7.54811,0.0378448,2.68808,-0.115131,-0.309482,FRENET,0.430408,0.056482,0.430408,0.507134,0.056482,0.284332,0
0.804048,-8.60306,7.54811,0.0378448,2.68808,-0.115131,-0.309482,FRENET,0.430408,0.056482,0.430408,0.507134,0.056482,0.284332,0
0.810721,-8.5761,7.54903,0.0366255,2.70694,-0.113078,-0.306095,FRENET,0.430408,0.056482,0.430408,0.507134,0.056482,0.284332,0
0.814035,-8.5761,7.54903,0.0366255,2.70694,-0.113078,-0.306095,FRENET,0.430408,0.056482,0.430408,0.507134,0.056482,0.284332,0
0.821656,-8.54895,7.54995,0.0355527,2.72489,-0.117129,-0.319165,FRENET,0.430408,0.056482,0.430408,0.507134,0.056482,0.284332,0
0.825901,-8.54895,7.54995,0.0355527,2.72489,-0.117129,-0.319165,FRENET,0.430408,0.056482,0.430408,0.507134,0.056482,0.284332,0
0.831129,-8.52163,7.55083,0.0343132,2.742,-0.115006,-0.315347,FRENET,0.430408,0.056482,0.430408,0.507134,0.056482,0.284332,0
0.834705,-8.52163,7.55083,0.0343132,2.742,-0.115006,-0.315347,FRENET,0.424659,0.056482,0.424659,0.519464,0.056482,0.337626,0
0.839363,-8.49414,7.55169,0.0332221,2.75829,-0.118977,-0.328173,FRENET,0.424659,0.056482,0.424659,0.519464,0.056482,0.337626,0
0.842423,-8.49414,7.55169,0.0332221,2.75829,-0.118977,-0.328173,FRENET,0.424659,0.056482,0.424659,0.519464,0.056482,0.337626,0
0.847352,-8.46644,7.55252,0.0319764,2.78569,-0.115318,-0.321241,FRENET,0.424659,0.056482,0.424659,0.519464,0.056482,0.337626,0
0.850943,-8.46644,7.55252,0.0319764,2.78569,-0.115318,-0.321241,FRENET,0.424659,0.056482,0.424659,0.519464,0.056482,0.337626,0
0.854566,-8.46644,7.55252,0.0319764,2.78569,-0.115318,-0.321241,FRENET,0.424659,0.056482,0.424659,0.519464,0.056482,0.337626,0
0.85936,-8.43846,7.55334,0.0308851,2.81179,-0.118074,-0.332,FRENET,0.424659,0.056482,0.424659,0.519464,0.056482,0.337626,0
0.863621,-8.43846,7.55334,0.0308851,2.81179,-0.118074,-0.332,FRENET,0.424659,0.056482,0.424659,0.519464,0.056482,0.337626,0
0.868779,-8.41023,7.55413,0.0296408,2.83665,-0.115666,-0.328105,FRENET,0.424659,0.056482,0.424659,0.519464,0.056482,0.337626,0
0.872613,-8.41023,7.55413,0.0296408,2.83665,-0.115666,-0.328105,FRENET,0.424659,0.056482,0.424659,0.519464,0.056482,0.337626,0
0.875781,-8.41023,7.55413,0.0296408,2.83665,-0.115666,-0.328105,FRENET,0.424659,0.056482,0.424659,0.519464,0.056482,0.337626,0
0.880345,-8.38176,7.5549,0.0285427,2.86033,-0.119193,-0.34093,FRENET,0.424659,0.056482,0.424659,0.519464,0.056482,0.337626,0
0.883435,-8.38176,7.5549,0.0285427,2.86033,-0.119193,-0.34093,FRENET,0.46051,0.0566284,0.46051,0.512837,0.0566284,0.110839,0
0.88959,-8.35305,7.55564,0.0272837,2.88288,-0.11726,-0.338045,FRENET,0.46051,0.0566284,0.46051,0.512837,0.0566284,0.110839,0
0.893453,-8.35305,7.55564,0.0272837,2.88288,-0.11726,-0.338045,FRENET,0.46051,0.0566284,0.46051,0.512837,0.0566284,0.110839,0
0.898534,-8.32412,7.55636,0.0261696,2.90546,-0.120867,-0.351174,FRENET,0.46051,0.0566284,0.46051,0.512837,0.0566284,0.110839,0
0.902268,-8.32412,7.55636,0.0261696,2.90546,-0.120867,-0.351174,FRENET,0.46051,0.0566284,0.46051,0.512837,0.0566284,0.110839,0
0.907468,-8.29496,7.55704,0.0248932,2.92696,-0.11901,-0.348337,FRENET,0.46051,0.0566284,0.46051,0.512837,0.0566284,0.110839,0
0.912424,-8.29496,7.55704,0.0248932,2.92696,-0.11901,-0.348337,FRENET,0.46051,0.0566284,0.46051,0.512837,0.0566284,0.110839,0
0.918616,-8.2656,7.55771,0.0237614,2.94744,-0.122794,-0.361928,FRENET,0.46051,0.0566284,0.46051,0.512837,0.0566284,0.110839,0
0.923729,-8.2656,7.55771,0.0237614,2.94744,-0.122794,-0.361928,FRENET,0.46051,0.0566284,0.46051,0.512837,0.0566284,0.110839,0
0.932654,-8.23603,7.55833,0.0224644,2.96695,-0.121025,-0.359075,FRENET,0.46051,0.0566284,0.46051,0.512837,0.0566284,0.110839,0
0.939034,-8.20628,7.55894,0.021313,2.98553,-0.12483,-0.372685,FRENET,0.455786,0.0566284,0.455786,0.334788,0.0566284,0.411363,0
0.943653,-8.20628,7.55894,0.021313,2.98553,-0.12483,-0.372685,FRENET,0.455786,0.0566284,0.455786,0.334788,0.0566284,0.411363,0
0.948463,-8.17628,7.55951,0.0200092,3.01512,-0.121281,-0.365677,FRENET,0.455786,0.0566284,0.455786,0.334788,0.0566284,0.411363,0
0.952131,-8.17628,7.55951,0.0200092,3.01512,-0.121281,-0.365677,FRENET,0.455786,0.0566284,0.455786,0.334788,0.0566284,0.411363,0
0.958555,-8.14599,7.56006,0.018859,3.04329,-0.123698,-0.37645,FRENET,0.455786,0.0566284,0.455786,0.334788,0.0566284,0.411363,0
0.961932,-8.14599,7.56006,0.018859,3.04329,-0.123698,-0.37645,FRENET,0.455786,0.0566284,0.455786,0.334788,0.0566284,0.411363,0
0.967561,-8.11543,7.56057,0.0175582,3.07013,-0.121514,-0.373064,FRENET,0.455786,0.0566284,0.455786,0.334788,0.0566284,0.411363,0
0.970866,-8.11543,7.56057,0.0175582,3.07013,-0.121514,-0.373064,FRENET,0.455786,0.0566284,0.455786,0.334788,0.0566284,0.411363,0
0.974097,-8.11543,7.56057,0.0175582,3.07013,-0.121514,-0.373064,FRENET,0.455786,0.0566284,0.455786,0.334788,0.0566284,0.411363,0
0.979087,-8.0846,7.56105,0.0164019,3.09569,-0.124809,-0.386371,FRENET,0.455786,0.0566284,0.455786,0.334788,0.0566284,0.411363,0
0.982135,-8.0846,7.56105,0.0164019,3.09569,-0.124809,-0.386371,FRENET,0.457168,0.0566284,0.457168,0.512197,0.0566284,0.150322,0
0.988298,-8.05353,7.5615,0.0150861,3.12004,-0.123178,-0.384319,FRENET,0.457168,0.0566284,0.457168,0.512197,0.0566284,0.150322,0
0.992068,-8.05353,7.5615,0.0150861,3.12004,-0.123178,-0.384319,FRENET,0.457168,0.0566284,0.457168,0.512197,0.0566284,0.150322,0
0.995916,-8.05353,7.5615,0.0150861,3.12004,-0.123178,-0.384319,FRENET,0.457168,0.0566284,0.457168,0.512197,0.0566284,0.150322,0
1.00136,-8.02221,7.56192,0.0139123,3.14323,-0.126804,-0.398575,FRENET,0.457168,0.0566284,0.457168,0.512197,0.0566284,0.150322,0
1.00475,-8.02221,7.56192,0.0139123,3.14323,-0.126804,-0.398575,FRENET,0.457168,0.0566284,0.457168,0.512197,0.0566284,0.150322,0
1.01082,-7.99067,7.5623,0.0125746,3.16531,-0.125359,-0.396799,FRENET,0.457168,0.0566284,0.457168,0.512197,0.0566284,0.150322,0
1.01428,-7.99067,7.5623,0.0125746,3.16531,-0.125359,-0.396799,FRENET,0.457168,0.0566284,0.457168,0.512197,0.0566284,0.150322,0
1.01912,-7.95892,7.56266,0.0113794,3.18635,-0.129073,-0.411271,FRENET,0.457168,0.0566284,0.457168,0.512197,0.0566284,0.150322,0
1.02212,-7.95892,7.56266,0.0113794,3.18635,-0.129073,-0.411271,FRENET,0.457168,0.0566284,0.457168,0.512197,0.0566284,0.150322,0
1.02789,-7.92696,7.56297,0.0100181,3.20638,-0.127651,-0.409298,FRENET,0.457168,0.0566284,0.457168,0.512197,0.0566284,0.150322,0
1.03145,-7.92696,7.56297,0.0100181,3.20638,-0.127651,-0.409298,FRENET,0.451147,0.0566284,0.451147,0.501994,0.0566284,0.14896,0
1.036,-7.92696,7.56297,0.0100181,3.20638,-0.127651,-0.409298,FRENET,0.451147,0.0566284,0.451147,0.501994,0.0566284,0.14896,0
1.04046,-7.8948,7.56325,0.00880072,3.22547,-0.131348,-0.423658,FRENET,0.451147,0.0566284,0.451147,0.501994,0.0566284,0.14896,0
1.04501,-7.8948,7.56325,0.00880072,3.22547,-0.131348,-0.423658,FRENET,0.451147,0.0566284,0.451147,0.501994,0.0566284,0.14896,0
1.05275,-7.86245,7.56348,0.00741623,3.24364,-0.129883,-0.421293,FRENET,0.451147,0.0566284,0.451147,0.501994,0.0566284,0.14896,0
1.05753,-7.82993,7.56369,0.00617748,3.26095,-0.133521,-0.435405,FRENET,0.451147,0.0566284,0.451147,0.501994,0.0566284,0.14896,0
1.06086,-7.82993,7.56369,0.00617748,3.26095,-0.133521,-0.435405,FRENET,0.451147,0.0566284,0.451147,0.501994,0.0566284,0.14896,0
1.06406,-7.82993,7.56369,0.00617748,3.26095,-0.133521,-0.435405,FRENET,0.451147,0.0566284,0.451147,0.501994,0.0566284,0.14896,0
1.06951,-7.79724,7.56385,0.00477098,3.27744,-0.131988,-0.432582,FRENET,0.451147,0.0566284,0.451147,0.501994,0.0566284,0.14896,0
1.07314,-7.79724,7.56385,0.00477098,3.27744,-0.131988,-0.432582,FRENET,0.451147,0.0566284,0.451147,0.501994,0.0566284,0.14896,0
1.0779,-7.76439,7.56398,0.00351213,3.29314,-0.135554,-0.446399,FRENET,0.451147,0.0566284,0.451147,0.501994,0.0566284,0.14896,0
1.08129,-7.76439,7.56398,0.00351213,3.29314,-0.135554,-0.446399,FRENET,0.451147,0.0566284,0.451147,0.501994,0.0566284,0.14896,0
1.08964,-7.73138,7.56406,0.00208511,3.3081,-0.133947,-0.44311,FRENET,0.445544,0.0566284,0.445544,0.409509,0.0566284,0.379183,0
1.09444,-7.73138,7.56406,0.00208511,3.3081,-0.133947,-0.44311,FRENET,0.445544,0.0566284,0.445544,0.409509,0.0566284,0.379183,0
1.10177,-7.69823,7.56411,0.000807596,3.32235,-0.13744,-0.456624,FRENET,0.445544,0.0566284,0.445544,0.409509,0.0566284,0.379183,0
1.10567,-7.69823,7.56411,0.000807596,3.32235,-0.13744,-0.456624,FRENET,0.445544,0.0566284,0.445544,0.409509,0.0566284,0.379183,0
1.11265,-7.66494,7.5641,-0.000638426,3.33592,-0.135761,-0.452887,FRENET,0.445544,0.0566284,0.445544,0.409509,0.0566284,0.379183,0
1.11814,-7.63151,7.56406,-0.00193323,3.34884,-0.139184,-0.466105,FRENET,0.445544,0.0566284,0.445544,0.409509,0.0566284,0.379183,0
1.12138,-7.63151,7.56406,-0.00193323,3.34884,-0.139184,-0.466105,FRENET,0.445544,0.0566284,0.445544,0.409509,0.0566284,0.379183,0
1.12973,-7.5979,7.56397,-0.00337968,3.37304,-0.135075,-0.455611,FRENET,0.445544,0.0566284,0.445544,0.409509,0.0566284,0.379183,0
1.13454,-7.5979,7.56397,-0.00337968,3.37304,-0.135075,-0.455611,FRENET,0.443358,0.0566284,0.443358,0.501314,0.0566284,0.143746,0
1.14114,-7.56406,7.56385,-0.00466168,3.39608,-0.136662,-0.464116,FRENET,0.443358,0.0566284,0.443358,0.501314,0.0566284,0.143746,0
1.14519,-7.56406,7.56385,-0.00466168,3.39608,-0.136662,-0.464116,FRENET,0.443358,0.0566284,0.443358,0.501314,0.0566284,0.143746,0
1.15449,-7.52999,7.56367,-0.0060922,3.41803,-0.13415,-0.45853,FRENET,0.443358,0.0566284,0.443358,0.501314,0.0566284,0.143746,0
1.15977,-7.4957,7.56346,-0.00737001,3.43894,-0.136841,-0.470586,FRENET,0.443358,0.0566284,0.443358,0.501314,0.0566284,0.143746,0
1.16314,-7.4957,7.56346,-0.00737001,3.43894,-0.136841,-0.470586,FRENET,0.443358,0.0566284,0.443358,0.501314,0.0566284,0.143746,0
1.16998,-7.46122,7.56318,-0.00880702,3.45885,-0.13507,-0.467186,FRENET,0.443358,0.0566284,0.443358,0.501314,0.0566284,0.143746,0
1.17339,-7.46122,7.56318,-0.00880702,3.45885,-0.13507,-0.467186,FRENET,0.443358,0.0566284,0.443358,0.501314,0.0566284,0.143746,0
1.17798,-7.42653,7.56288,-0.0100959,3.47782,-0.138252,-0.480816,FRENET,0.443358,0.0566284,0.443358,0.501314,0.0566284,0.143746,0
1.18255,-7.42653,7.56288,-0.0100959,3.47782,-0.138252,-0.480816,FGM,0.509821,0.129024,0.444589,0.509821,0.0566284,0.129024,0
1.1877,-7.39223,7.56252,-0.0117205,3.38272,-0.160909,-0.54431,FGM,0.509821,0.129024,0.444589,0.509821,0.0566284,0.129024,0
1.19115,-7.39223,7.56252,-0.0117205,3.38272,-0.160909,-0.54431,FGM,0.509821,0.129024,0.444589,0.509821,0.0566284,0.129024,0
1.19442,-7.39223,7.56252,-0.0117205,3.38272,-0.160909,-0.54431,FGM,0.509821,0.129024,0.444589,0.509821,0.0566284,0.129024,0
1.19936,-7.35888,7.56214,-0.0133329,3.28762,-0.184621,-0.606961,FGM,0.509821,0.129024,0.444589,0.509821,0.0566284,0.129024,0
1.20375,-7.35888,7.56214,-0.0133329,3.28762,-0.184621,-0.606961,FGM,0.509821,0.129024,0.444589,0.509821,0.0566284,0.129024,0
1.20954,-7.32649,7.56171,-0.0153477,3.19252,-0.193297,-0.617103,FGM,0.509821,0.129024,0.444589,0.509821,0.0566284,0.129024,0
1.21429,-7.32649,7.56171,-0.0153477,3.19252,-0.193297,-0.617103,FGM,0.509821,0.129024,0.444589,0.509821,0.0566284,0.129024,0
1.21902,-7.29504,7.5613,-0.0167997,3.09742,-0.0801853,-0.248367,FGM,0.509821,0.129024,0.444589,0.509821,0.0566284,0.129024,0
1.22457,-7.29504,7.5613,-0.0167997,3.09742,-0.0801853,-0.248367,FGM,0.509821,0.129024,0.444589,0.509821,0.0566284,0.129024,0
1.23067,-7.26447,7.56096,-0.0171219,3.01674,-0.0121462,-0.0366419,FGM,0.509821,0.129024,0.444589,0.509821,0.0566284,0.129024,0
1.2346,-7.26447,7.56096,-0.0171219,3.01674,-0.0121462,-0.0366419,FGM,0.504609,0.245873,0.49657,0.504609,0.171448,0.245873,0
1.24138,-7.23463,7.56063,-0.0170682,2.95141,0.0416616,0.12296,FGM,0.504609,0.245873,0.49657,0.504609,0.171448,0.245873,0
1.24922,-7.20539,7.56034,-0.0163891,2.8974,0.0708846,0.205381,FGM,0.504609,0.245873,0.49657,0.504609,0.171448,0.245873,0
1.25293,-7.20539,7.56034,-0.0163891,2.8974,0.0708846,0.205381,FGM,0.504609,0.245873,0.49657,0.504609,0.171448,0.245873,0
1.25781,-7.17663,7.56006,-0.0156411,2.85367,0.097556,0.278393,FGM,0.504609,0.245873,0.49657,0.504609,0.171448,0.245873,0
1.26239,-7.17663,7.56006,-0.0156411,2.85367,0.097556,0.278393,FGM,0.504609,0.245873,0.49657,0.504609,0.171448,0.245873,0
1.27065,-7.14828,7.5598,-0.0145081,2.81826,0.108319,0.30527,FGM,0.504609,0.245873,0.49657,0.504609,0.171448,0.245873,0
1.27486,-7.14828,7.5598,-0.0145081,2.81826,0.108319,0.30527,FGM,0.504609,0.245873,0.49657,0.504609,0.171448,0.245873,0
1.27978,-7.12024,7.55955,-0.0134511,2.78958,0.121619,0.339265,FGM,0.504609,0.245873,0.49657,0.504609,0.171448,0.245873,0
1.28356,-7.12024,7.55955,-0.0134511,2.78958,0.121619,0.339265,FGM,0.499167,0.166308,0.492626,0.499167,0.171448,0.166308,0
1.28817,-7.09246,7.55933,-0.0121299,2.76635,0.123396,0.341358,FGM,0.499167,0.166308,0.492626,0.499167,0.171448,0.166308,0
1.29281,-7.09246,7.55933,-0.0121299,2.76635,0.123396,0.341358,FGM,0.499167,0.166308,0.492626,0.499167,0.171448,0.166308,0
1.30067,-7.06488,7.55912,-0.0109533,2.75033,0.129928,0.357346,FGM,0.499167,0.166308,0.492626,0.499167,0.171448,0.166308,0
1.30618,-7.06488,7.55912,-0.0109533,2.75033,0.129928,0.357346,FGM,0.499167,0.166308,0.492626,0.499167,0.171448,0.166308,0
1.31289,-7.03744,7.55895,-0.00957512,2.73735,0.12755,0.34915,FGM,0.499167,0.166308,0.492626,0.499167,0.171448,0.166308,0
1.31804,-7.01012,7.55879,-0.00836861,2.72685,0.131513,0.358615,FGM,0.499167,0.166308,0.492626,0.499167,0.171448,0.166308,0
1.32191,-7.01012,7.55879,-0.00836861,2.72685,0.131513,0.358615,FGM,0.499167,0.166308,0.492626,0.499167,0.171448,0.166308,0
1.32736,-6.98289,7.55867,-0.00698424,2.71834,0.12766,0.347023,FGM,0.499167,0.166308,0.492626,0.499167,0.171448,0.166308,0
1.33199,-6.98289,7.55867,-0.00698424,2.71834,0.12766,0.347023,FGM,0.499167,0.166308,0.492626,0.499167,0.171448,0.166308,0
1.33599,-6.98289,7.55867,-0.00698424,2.71834,0.12766,0.347023,FGM,0.509113,0.245982,0.488569,0.509113,0.171448,0.245982,0
1.34083,-6.95573,7.55856,-0.00578124,2.71339,0.13038,0.353771,FGM,0.509113,0.245982,0.488569,0.509113,0.171448,0.245982,0
1.34425,-6.95573,7.55856,-0.00578124,2.71339,0.13038,0.353771,FGM,0.509113,0.245982,0.488569,0.509113,0.171448,0.245982,0
1.34867,-6.92862,7.5585,-0.00441254,2.70938,0.126051,0.341521,FGM,0.509113,0.245982,0.488569,0.509113,0.171448,0.245982,0
1.35282,-6.92862,7.5585,-0.00441254,2.70938,0.126051,0.341521,FGM,0.509113,0.245982,0.488569,0.509113,0.171448,0.245982,0
1.35849,-6.90154,7.55845,-0.00322481,2.70614,0.128812,0.348583,FGM,0.509113,0.245982,0.488569,0.509113,0.171448,0.245982,0
1.36298,-6.90154,7.55845,-0.00322481,2.70614,0.128812,0.348583,FGM,0.509113,0.245982,0.488569,0.509113,0.171448,0.245982,0
1.36925,-6.87449,7.55845,-0.00187155,2.70351,0.124634,0.33695,FGM,0.509113,0.245982,0.488569,0.509113,0.171448,0.245982,0
1.37429,-6.87449,7.55845,-0.00187155,2.70351,0.124634,0.33695,FGM,0.509113,0.245982,0.488569,0.509113,0.171448,0.245982,0
1.38089,-6.84747,7.55847,-0.000696833,2.70138,0.127537,0.344528,FGM,0.509113,0.245982,0.488569,0.509113,0.171448,0.245982,0
1.38535,-6.84747,7.55847,-0.000696833,2.70138,0.127537,0.344528,FGM,0.506112,0.317187,0.488171,0.506112,0.171448,0.317187,0
1.39195,-6.82047,7.55853,0.000644269,2.69966,0.12354,0.333516,FGM,0.506112,0.317187,0.488171,0.506112,0.171448,0.317187,0
1.40074,-6.79346,7.55862,0.00180705,2.70214,0.125942,0.340311,FGM,0.506112,0.317187,0.488171,0.506112,0.171448,0.317187,0
1.40539,-6.79346,7.55862,0.00180705,2.70214,0.125942,0.340311,FGM,0.506112,0.317187,0.488171,0.506112,0.171448,0.317187,0
1.41339,-6.76642,7.55874,0.00313043,2.7045,0.121925,0.329746,FGM,0.506112,0.317187,0.488171,0.506112,0.171448,0.317187,0
1.41953,-6.73937,7.55889,0.00428037,2.70675,0.124961,0.338238,FGM,0.506112,0.317187,0.488171,0.506112,0.171448,0.317187,0
1.42278,-6.73937,7.55889,0.00428037,2.70675,0.124961,0.338238,FGM,0.506112,0.317187,0.488171,0.506112,0.171448,0.317187,0
1.42738,-6.71229,7.55909,0.00559628,2.70889,0.121366,0.328767,FGM,0.506112,0.317187,0.488171,0.506112,0.171448,0.317187,0
1.43241,-6.71229,7.55909,0.00559628,2.70889,0.121366,0.328767,FGM,0.506112,0.317187,0.488171,0.506112,0.171448,0.317187,0
1.43974,-6.68519,7.5593,0.00674202,2.71093,0.124677,0.33799,FGM,0.503017,0.156833,0.501963,0.503017,0.171448,0.156833,0
1.44325,-6.68519,7.5593,0.00674202,2.71093,0.124677,0.33799,FGM,0.503017,0.156833,0.501963,0.503017,0.171448,0.156833,0
1.44835,-6.65807,7.55956,0.00805578,2.71319,0.12122,0.328891,FGM,0.503017,0.156833,0.501963,0.503017,0.171448,0.156833,0
1.45236,-6.65807,7.55956,0.00805578,2.71319,0.12122,0.328891,FGM,0.503017,0.156833,0.501963,0.503017,0.171448,0.156833,0
1.45561,-6.65807,7.55956,0.00805578,2.71319,0.12122,0.328891,FGM,0.503017,0.156833,0.501963,0.503017,0.171448,0.156833,0
1.46065,-6.63093,7.55984,0.00920054,2.71533,0.124613,0.338366,FGM,0.503017,0.156833,0.501963,0.503017,0.171448,0.156833,0
1.46383,-6.63093,7.55984,0.00920054,2.71533,0.124613,0.338366,FGM,0.503017,0.156833,0.501963,0.503017,0.171448,0.156833,0
1.46932,-6.60377,7.56017,0.0105144,2.71738,0.121269,0.329534,FGM,0.503017,0.156833,0.501963,0.503017,0.171448,0.156833,0
1.47271,-6.60377,7.56017,0.0105144,2.71738,0.121269,0.329534,FGM,0.503017,0.156833,0.501963,0.503017,0.171448,0.156833,0
1.47759,-6.57659,7.56051,0.0116599,2.71933,0.124731,0.339185,FGM,0.503017,0.156833,0.501963,0.503017,0.171448,0.156833,0
1.48099,-6.57659,7.56051,0.0116599,2.71933,0.124731,0.339185,FGM,0.503017,0.156833,0.501963,0.503017,0.171448,0.156833,0
1.48455,-6.57659,7.56051,0.0116599,2.71933,0.124731,0.339185,FRENET,0.511169,0.171448,0.511169,0.501982,0.171448,0.189853,0
1.49033,-6.54939,7.56091,0.0129752,2.72119,0.12143,0.330433,FRENET,0.511169,0.171448,0.511169,0.501982,0.171448,0.189853,0
1.49409,-6.54939,7.56091,0.0129752,2.72119,0.12143,0.330433,FRENET,0.511169,0.171448,0.511169,0.501982,0.171448,0.189853,0
1.49944,-6.52193,7.56132,0.0140959,2.77141,0.116648,0.323279,FRENET,0.511169,0.171448,0.511169,0.501982,0.171448,0.189853,0
1.5035,-6.52193,7.56132,0.0140959,2.77141,0.116648,0.323279,FRENET,0.511169,0.171448,0.511169,0.501982,0.171448,0.189853,0
1.50977,-6.49398,7.56179,0.0152973,2.81924,0.1106,0.311807,FRENET,0.511169,0.171448,0.511169,0.501982,0.171448,0.189853,0
1.51351,-6.49398,7.56179,0.0152973,2.81924,0.1106,0.311807,FRENET,0.511169,0.171448,0.511169,0.501982,0.171448,0.189853,0
1.51929,-6.46556,7.56229,0.0163395,2.86479,0.111648,0.319848,FRENET,0.511169,0.171448,0.511169,0.501982,0.171448,0.189853,0
1.52249,-6.46556,7.56229,0.0163395,2.86479,0.111648,0.319848,FRENET,0.511169,0.171448,0.511169,0.501982,0.171448,0.189853,0
1.5294,-6.4367,7.56284,0.017512,2.90818,0.109215,0.317618,FRENET,0.511169,0.171448,0.511169,0.501982,0.171448,0.189853,0
1.53536,-6.4367,7.56284,0.017512,2.90818,0.109215,0.317618,FRENET,0.491052,0.171448,0.491052,0.374243,0.171448,0.39729,0
1.54061,-6.40742,7.56342,0.0185507,2.94951,0.112473,0.331739,FRENET,0.491052,0.171448,0.491052,0.374243,0.171448,0.39729,0
1.5446,-6.40742,7.56342,0.0185507,2.94951,0.112473,0.331739,FRENET,0.491052,0.171448,0.491052,0.374243,0.171448,0.39729,0
1.55075,-6.37774,7.56405,0.0197401,2.98887,0.111359,0.332838,FRENET,0.491052,0.171448,0.491052,0.374243,0.171448,0.39729,0
1.55493,-6.37774,7.56405,0.0197401,2.98887,0.111359,0.332838,FRENET,0.491052,0.171448,0.491052,0.374243,0.171448,0.39729,0
1.55982,-6.34767,7.5647,0.020803,3.02636,0.115371,0.349154,FRENET,0.491052,0.171448,0.491052,0.374243,0.171448,0.39729,0
1.56762,-6.34767,7.5647,0.020803,3.02636,0.115371,0.349154,FRENET,0.491052,0.171448,0.491052,0.374243,0.171448,0.39729,0
1.57433,-6.31718,7.56541,0.022013,3.07233,0.11317,0.347696,FRENET,0.491052,0.171448,0.491052,0.374243,0.171448,0.39729,0
1.58006,-6.28625,7.56616,0.0230913,3.11611,0.116219,0.36215,FRENET,0.491052,0.171448,0.491052,0.374243,0.171448,0.39729,0
1.58421,-6.28625,7.56616,0.0230913,3.11611,0.116219,0.36215,FRENET,0.51111,0.179605,0.51111,0.361027,0.179605,0.403495,0
1.59152,-6.25489,7.56695,0.0243178,3.1578,0.115203,0.363789,FRENET,0.51111,0.179605,0.51111,0.361027,0.179605,0.403495,0
1.59605,-6.25489,7.56695,0.0243178,3.1578,0.115203,0.363789,FRENET,0.51111,0.179605,0.51111,0.361027,0.179605,0.403495,0
1.60236,-6.22313,7.56778,0.0254199,3.1956,0.119326,0.381318,FRENET,0.51111,0.179605,0.51111,0.361027,0.179605,0.403495,0
1.60726,-6.19101,7.56867,0.0266827,3.2316,0.118879,0.38417,FRENET,0.51111,0.179605,0.51111,0.361027,0.179605,0.403495,0
1.61021,-6.19101,7.56867,0.0266827,3.2316,0.118879,0.38417,FRENET,0.51111,0.179605,0.51111,0.361027,0.179605,0.403495,0
1.61406,-6.19101,7.56867,0.0266827,3.2316,0.118879,0.38417,FRENET,0.51111,0.179605,0.51111,0.361027,0.179605,0.403495,0
1.61932,-6.15853,7.56956,0.0275556,3.26589,0.0451659,0.147507,FRENET,0.51111,0.179605,0.51111,0.361027,0.179605,0.403495,0
1.62368,-6.15853,7.56956,0.0275556,3.26589,0.0451659,0.147507,FRENET,0.51111,0.179605,0.51111,0.361027,0.179605,0.403495,0
1.63036,-6.12572,7.57043,0.0276722,3.29855,-0.00447304,-0.0147545,FRENET,0.51111,0.179605,0.51111,0.361027,0.179605,0.403495,0
1.6344,-6.12572,7.57043,0.0276722,3.29855,-0.00447304,-0.0147545,FRENET,0.514086,0.179605,0.514086,0.522103,0.179605,0.160722,0
1.63936,-6.09259,7.57129,0.0274902,3.32965,-0.0445195,-0.148235,FRENET,0.514086,0.179605,0.514086,0.522103,0.179605,0.160722,0
1.64262,-6.09259,7.57129,0.0274902,3.32965,-0.0445195,-0.148235,FRENET,0.514086,0.179605,0.514086,0.522103,0.179605,0.160722,0
1.64721,-6.05916,7.57212,0.026838,3.35928,-0.0696333,-0.233918,FRENET,0.514086,0.179605,0.514086,0.522103,0.179605,0.160722,0
1.65031,-6.05916,7.57212,0.026838,3.35928,-0.0696333,-0.233918,FRENET,0.514086,0.179605,0.514086,0.522103,0.179605,0.160722,0
1.65467,-6.05916,7.57212,0.026838,3.35928,-0.0696333,-0.233918,FRENET,0.514086,0.179605,0.514086,0.522103,0.179605,0.160722,0
1.66103,-6.02544,7.57294,0.0260994,3.3875,-0.0918459,-0.311128,FRENET,0.514086,0.179605,0.514086,0.522103,0.179605,0.160722,0
1.66575,-6.02544,7.57294,0.0260994,3.3875,-0.0918459,-0.311128,FRENET,0.514086,0.179605,0.514086,0.522103,0.179605,0.160722,0
1.67381,-5.99144,7.57372,0.0250412,3.41437,-0.104003,-0.355106,FRENET,0.514086,0.179605,0.514086,0.522103,0.179605,0.160722,0
1.67854,-5.95717,7.5745,0.0240094,3.43997,-0.116835,-0.401909,FRENET,0.514086,0.179605,0.514086,0.522103,0.179605,0.160722,0
1.68208,-5.95717,7.5745,0.0240094,3.43997,-0.116835,-0.401909,FRENET,0.512683,0.179605,0.512683,0.493107,0.179605,0.106201,0
1.68848,-5.92266,7.57524,0.0227362,3.46435,-0.122209,-0.423375,FRENET,0.512683,0.179605,0.512683,0.493107,0.179605,0.106201,0
1.69363,-5.92266,7.57524,0.0227362,3.46435,-0.122209,-0.423375,FRENET,0.512683,0.179605,0.512683,0.493107,0.179605,0.106201,0
1.69848,-5.88791,7.57596,0.0215489,3.48757,-0.130162,-0.45395,FRENET,0.512683,0.179605,0.512683,0.493107,0.179605,0.106201,0
1.70208,-5.88791,7.57596,0.0215489,3.48757,-0.130162,-0.45395,FRENET,0.512683,0.179605,0.512683,0.493107,0.179605,0.106201,0
1.70697,-5.85293,7.57664,0.0201601,3.50969,-0.132032,-0.46339,FRENET,0.512683,0.179605,0.512683,0.493107,0.179605,0.106201,0
1.71011,-5.85293,7.57664,0.0201601,3.50969,-0.132032,-0.46339,FRENET,0.512683,0.179605,0.512683,0.493107,0.179605,0.106201,0
1.71394,-5.85293,7.57664,0.0201601,3.50969,-0.132032,-0.46339,FRENET,0.512683,0.179605,0.512683,0.493107,0.179605,0.106201,0
1.71887,-5.81773,7.5773,0.0188885,3.53075,-0.137488,-0.485436,FRENET,0.512683,0.179605,0.512683,0.493107,0.179605,0.106201,0
1.72185,-5.81773,7.5773,0.0188885,3.53075,-0.137488,-0.485436,FRENET,0.512683,0.179605,0.512683,0.493107,0.179605,0.106201,0
1.72722,-5.78233,7.57791,0.0174351,3.55082,-0.137578,-0.488514,FRENET,0.512683,0.179605,0.512683,0.493107,0.179605,0.106201,0
1.73018,-5.78233,7.57791,0.0174351,3.55082,-0.137578,-0.488514,FRENET,0.512683,0.179605,0.512683,0.493107,0.179605,0.106201,0
1.73439,-5.78233,7.57791,0.0174351,3.55082,-0.137578,-0.488514,FRENET,0.510188,0.179605,0.510188,0.523645,0.179605,0.20607,0
1.74073,-5.74673,7.5785,0.0161155,3.56993,-0.141782,-0.50615,FRENET,0.510188,0.179605,0.510188,0.523645,0.179605,0.20607,0
1.74478,-5.74673,7.5785,0.0161155,3.56993,-0.141782,-0.50615,FRENET,0.510188,0.179605,0.510188,0.523645,0.179605,0.20607,0
1.75022,-5.71094,7.57904,0.0146232,3.58813,-0.140987,-0.50588,FRENET,0.510188,0.179605,0.510188,0.523645,0.179605,0.20607,0
1.75424,-5.71094,7.57904,0.0146232,3.58813,-0.140987,-0.50588,FRENET,0.510188,0.179605,0.510188,0.523645,0.179605,0.20607,0
1.7588,-5.67498,7.57955,0.0132734,3.60546,-0.144577,-0.521269,FRENET,0.510188,0.179605,0.510188,0.523645,0.179605,0.20607,0
1.76202,-5.67498,7.57955,0.0132734,3.60546,-0.144577,-0.521269,FRENET,0.510188,0.179605,0.510188,0.523645,0.179605,0.20607,0
1.76875,-5.63884,7.58001,0.0117547,3.62198,-0.143352,-0.519218,FRENET,0.510188,0.179605,0.510188,0.523645,0.179605,0.20607,0
1.77317,-5.63884,7.58001,0.0117547,3.62198,-0.143352,-0.519218,FRENET,0.510188,0.179605,0.510188,0.523645,0.179605,0.20607,0
1.77869,-5.60251,7.58044,0.0103897,3.64474,-0.144957,-0.528331,FRENET,0.510188,0.179605,0.510188,0.523645,0.179605,0.20607,0
1.78227,-5.60251,7.58044,0.0103897,3.64474,-0.144957,-0.528331,FRENET,0.513604,0.179605,0.513604,0.525277,0.179605,0.154761,0
1.78701,-5.56596,7.58081,0.00887529,3.66642,-0.142595,-0.522812,FRENET,0.513604,0.179605,0.513604,0.525277,0.179605,0.154761,0
1.78974,-5.56596,7.58081,0.00887529,3.66642,-0.142595,-0.522812,FRENET,0.513604,0.179605,0.513604,0.525277,0.179605,0.154761,0
1.79386,-5.56596,7.58081,0.00887529,3.66642,-0.142595,-0.522812,FRENET,0.513604,0.179605,0.513604,0.525277,0.179605,0.154761,0
1.79809,-5.52919,7.58118,0.00780021,3.68708,-0.0608852,-0.224488,FRENET,0.513604,0.179605,0.513604,0.525277,0.179605,0.154761,0
1.80197,-5.52919,7.58118,0.00780021,3.68708,-0.0608852,-0.224488,FRENET,0.513604,0.179605,0.513604,0.525277,0.179605,0.154761,0
1.80755,-5.49223,7.58158,0.00756935,3.70675,-0.00373293,-0.013837,FRENET,0.513604,0.179605,0.513604,0.525277,0.179605,0.154761,0
1.81163,-5.49223,7.58158,0.00756935,3.70675,-0.00373293,-0.013837,FRENET,0.513604,0.179605,0.513604,0.525277,0.179605,0.154761,0
1.81616,-5.49223,7.58158,0.00756935,3.70675,-0.00373293,-0.013837,FRENET,0.513604,0.179605,0.513604,0.525277,0.179605,0.154761,0
1.82111,-5.45507,7.58198,0.00769723,3.72548,0.042647,0.158881,FRENET,0.513604,0.179605,0.513604,0.525277,0.179605,0.154761,0
1.82556,-5.45507,7.58198,0.00769723,3.72548,0.042647,0.158881,FRENET,0.513604,0.179605,0.513604,0.525277,0.179605,0.154761,0
1.82962,-5.41773,7.58243,0.00836257,3.74332,0.0731041,0.273652,FRENET,0.513604,0.179605,0.513604,0.525277,0.179605,0.154761,0
1.83264,-5.41773,7.58243,0.00836257,3.74332,0.0731041,0.273652,FRENET,0.514695,0.179605,0.514695,0.526521,0.179605,0.228729,0
1.83725,-5.38021,7.58288,0.00915294,3.76032,0.0994028,0.373786,FRENET,0.514695,0.179605,0.514695,0.526521,0.179605,0.228729,0
1.84033,-5.38021,7.58288,0.00915294,3.76032,0.0994028,0.373786,FRENET,0.514695,0.179605,0.514695,0.526521,0.179605,0.228729,0
1.84311,-5.38021,7.58288,0.00915294,3.76032,0.0994028,0.373786,FRENET,0.514695,0.179605,0.514695,0.526521,0.179605,0.228729,0
1.84701,-5.34253,7.58337,0.0103075,3.77651,0.114808,0.433571,FRENET,0.514695,0.179605,0.514695,0.526521,0.179605,0.228729,0
1.84994,-5.34253,7.58337,0.0103075,3.77651,0.114808,0.433571,FRENET,0.514695,0.179605,0.514695,0.526521,0.179605,0.228729,0
1.85389,-5.34253,7.58337,0.0103075,3.77651,0.114808,0.433571,FRENET,0.514695,0.179605,0.514695,0.526521,0.179605,0.228729,0
1.85889,-5.30469,7.58388,0.0114555,3.79192,0.129886,0.492516,FRENET,0.514695,0.179605,0.514695,0.526521,0.179605,0.228729,0
1.86251,-5.30469,7.58388,0.0114555,3.79192,0.129886,0.492516,FRENET,0.514695,0.179605,0.514695,0.526521,0.179605,0.228729,0
1.86871,-5.2667,7.58443,0.0128717,3.80661,0.136959,0.521349,FRENET,0.514695,0.179605,0.514695,0.526521,0.179605,0.228729,0
1.87232,-5.2667,7.58443,0.0128717,3.80661,0.136959,0.521349,FRENET,0.514695,0.179605,0.514695,0.526521,0.179605,0.228729,0
1.87552,-5.2667,7.58443,0.0128717,3.80661,0.136959,0.521349,FRENET,0.514695,0.179605,0.514695,0.526521,0.179605,0.228729,0
1.88116,-5.22857,7.585,0.0142083,3.82059,0.145895,0.557407,FRENET,0.514695,0.179605,0.514695,0.526521,0.179605,0.228729,0
1.88391,-5.22857,7.585,0.0142083,3.82059,0.145895,0.557407,FRENET,0.509932,0.175458,0.509932,0.531539,0.175458,0.304502,0
1.89045,-5.1903,7.58562,0.0157615,3.83392,0.148462,0.569189,FRENET,0.509932,0.175458,0.509932,0.531539,0.175458,0.304502,0
1.89417,-5.1903,7.58562,0.0157615,3.83392,0.148462,0.569189,FRENET,0.509932,0.175458,0.509932,0.531539,0.175458,0.304502,0
1.89944,-5.15202,7.58625,0.0170479,3.82433,0.110638,0.423117,FRENET,0.509932,0.175458,0.509932,0.531539,0.175458,0.304502,0
1.90245,-5.15202,7.58625,0.0170479,3.82433,0.110638,0.423117,FRENET,0.509932,0.175458,0.509932,0.531539,0.175458,0.304502,0
1.90718,-5.11374,7.58688,0.0178502,3.83258,0.0368645,0.141286,FRENET,0.509932,0.175458,0.509932,0.531539,0.175458,0.304502,0
1.91008,-5.11374,7.58688,0.0178502,3.83258,0.0368645,0.141286,FRENET,0.509932,0.175458,0.509932,0.531539,0.175458,0.304502,0
1.91415,-5.11374,7.58688,0.0178502,3.83258,0.0368645,0.141286,FRENET,0.509932,0.175458,0.509932,0.531539,0.175458,0.304502,0
1.91885,-5.07538,7.58747,0.0178664,3.84044,-0.0146473,-0.0562521,FRENET,0.509932,0.175458,0.509932,0.531539,0.175458,0.304502,0
1.9229,-5.07538,7.58747,0.0178664,3.84044,-0.0146473,-0.0562521,FRENET,0.509932,0.175458,0.509932,0.531539,0.175458,0.304502,0
1.92689,-5.03694,7.58804,0.0175788,3.84792,-0.0573173,-0.220553,FRENET,0.509932,0.175458,0.509932,0.531539,0.175458,0.304502,0
1.92979,-5.03694,7.58804,0.0175788,3.84792,-0.0573173,-0.220553,FRENET,0.509932,0.175458,0.509932,0.531539,0.175458,0.304502,0
1.93402,-5.03694,7.58804,0.0175788,3.84792,-0.0573173,-0.220553,FRENET,0.51737,0.175458,0.51737,0.526272,0.175458,0.185389,0
1.9383,-4.99843,7.58858,0.0167768,3.85505,-0.0851407,-0.328222,FRENET,0.51737,0.175458,0.51737,0.526272,0.175458,0.185389,0
1.94196,-4.99843,7.58858,0.0167768,3.85505,-0.0851407,-0.328222,FRENET,0.51737,0.175458,0.51737,0.526272,0.175458,0.185389,0
1.94705,-4.95985,7.58911,0.0158786,3.86184,-0.109831,-0.424151,FRENET,0.51737,0.175458,0.51737,0.526272,0.175458,0.185389,0
1.94999,-4.95985,7.58911,0.0158786,3.86184,-0.109831,-0.424151,FRENET,0.51737,0.175458,0.51737,0.526272,0.175458,0.185389,0
1.95404,-4.95985,7.58911,0.0158786,3.86184,-0.109831,-0.424151,FRENET,0.51737,0.175458,0.51737,0.526272,0.175458,0.185389,0
1.95801,-4.9212,7.58959,0.0146225,3.8683,-0.124052,-0.479871,FRENET,0.51737,0.175458,0.51737,0.526272,0.175458,0.185389,0
1.96184,-4.9212,7.58959,0.0146225,3.8683,-0.124052,-0.479871,FRENET,0.51737,0.175458,0.51737,0.526272,0.175458,0.185389,0
1.96707,-4.88249,7.59006,0.013389,3.87446,-0.138494,-0.536589,FRENET,0.51737,0.175458,0.51737,0.526272,0.175458,0.185389,0
1.96999,-4.88249,7.59006,0.013389,3.87446,-0.138494,-0.536589,FRENET,0.51737,0.175458,0.51737,0.526272,0.175458,0.185389,0
1.97405,-4.88249,7.59006,0.013389,3.87446,-0.138494,-0.536589,FRENET,0.51737,0.175458,0.51737,0.526272,0.175458,0.185389,0
1.97881,-4.84372,7.59049,0.0118864,3.88033,-0.145021,-0.562729,FRENET,0.51737,0.175458,0.51737,0.526272,0.175458,0.185389,0
1.98192,-4.84372,7.59049,0.0118864,3.88033,-0.145021,-0.562729,FRENET,0.51459,0.175458,0.51459,0.534229,0.175458,0.30577,0
1.98745,-4.80489,7.5909,0.0106273,3.88592,-0.10846,-0.421466,FRENET,0.51459,0.175458,0.51459,0.534229,0.175458,0.30577,0
1.99067,-4.80489,7.5909,0.0106273,3.88592,-0.10846,-0.421466,FRENET,0.51459,0.175458,0.51459,0.534229,0.175458,0.30577,0
1.99416,-4.80489,7.5909,0.0106273,3.88592,-0.10846,-0.421466,FRENET,0.51459,0.175458,0.51459,0.534229,0.175458,0.30577,0
1.99893,-4.76601,7.59133,0.00984211,3.89124,-0.0353198,-0.137438,FRENET,0.51459,0.175458,0.51459,0.534229,0.175458,0.30577,0
2.00232,-4.76601,7.59133,0.00984211,3.89124,-0.0353198,-0.137438,FRENET,0.51459,0.175458,0.51459,0.534229,0.175458,0.30577,0
2.00819,-4.72707,7.5918,0.00984071,3.8963,0.0159112,0.0619951,FRENET,0.51459,0.175458,0.51459,0.534229,0.175458,0.30577,0
2.01203,-4.72707,7.5918,0.00984071,3.8963,0.0159112,0.0619951,FRENET,0.51459,0.175458,0.51459,0.534229,0.175458,0.30577,0
2.01706,-4.68809,7.59229,0.0101396,3.90113,0.0585408,0.228376,FRENET,0.51459,0.175458,0.51459,0.534229,0.175458,0.30577,0
2.02111,-4.68809,7.59229,0.0101396,3.90113,0.0585408,0.228376,FRENET,0.51459,0.175458,0.51459,0.534229,0.175458,0.30577,0
2.02446,-4.68809,7.59229,0.0101396,3.90113,0.0585408,0.228376,FRENET,0.51459,0.175458,0.51459,0.534229,0.175458,0.30577,0
2.02845,-4.64906,7.59281,0.0109551,3.90573,0.0864504,0.337652,FRENET,0.51459,0.175458,0.51459,0.534229,0.175458,0.30577,0
2.03151,-4.64906,7.59281,0.0109551,3.90573,0.0864504,0.337652,FRENET,0.515899,0.175458,0.515899,0.53151,0.175458,0.155479,0
2.03422,-4.64906,7.59281,0.0109551,3.90573,0.0864504,0.337652,FRENET,0.515899,0.175458,0.515899,0.53151,0.175458,0.155479,0
2.03876,-4.60998,7.59335,0.0118663,3.91011,0.111308,0.435225,FRENET,0.515899,0.175458,0.515899,0.53151,0.175458,0.155479,0
2.04179,-4.60998,7.59335,0.0118663,3.91011,0.111308,0.435225,FRENET,0.515899,0.175458,0.515899,0.53151,0.175458,0.155479,0
2.04704,-4.57086,7.59393,0.013139,3.91428,0.125714,0.492079,FRENET,0.515899,0.175458,0.515899,0.53151,0.175458,0.155479,0
2.04988,-4.57086,7.59393,0.013139,3.91428,0.125714,0.492079,FRENET,0.515899,0.175458,0.515899,0.53151,0.175458,0.155479,0
2.05439,-4.57086,7.59393,0.013139,3.91428,0.125714,0.492079,FRENET,0.515899,0.175458,0.515899,0.53151,0.175458,0.155479,0
2.05898,-4.5317,7.59454,0.0143892,3.91825,0.140349,0.549924,FRENET,0.515899,0.175458,0.515899,0.53151,0.175458,0.155479,0
2.06259,-4.5317,7.59454,0.0143892,3.91825,0.140349,0.549924,FRENET,0.515899,0.175458,0.515899,0.53151,0.175458,0.155479,0
2.06719,-4.49251,7.59519,0.015912,3.92203,0.147045,0.576717,FRENET,0.515899,0.175458,0.515899,0.53151,0.175458,0.155479,0
2.07012,-4.49251,7.59519,0.015912,3.92203,0.147045,0.576717,FRENET,0.515899,0.175458,0.515899,0.53151,0.175458,0.155479,0
2.07421,-4.49251,7.59519,0.015912,3.92203,0.147045,0.576717,FRENET,0.515899,0.175458,0.515899,0.53151,0.175458,0.155479,0
2.07879,-4.45328,7.59586,0.017345,3.92564,0.155892,0.611977,FRENET,0.515899,0.175458,0.515899,0.53151,0.175458,0.155479,0
2.08246,-4.45328,7.59586,0.017345,3.92564,0.155892,0.611977,FRENET,0.515899,0.175458,0.515899,0.53151,0.175458,0.155479,0
2.08794,-4.41401,7.59659,0.0190007,3.92907,0.158262,0.621823,FRENET,0.514225,0.175458,0.514225,0.545299,0.175458,0.234423,0
2.09141,-4.41401,7.59659,0.0190007,3.92907,0.158262,0.621823,FRENET,0.514225,0.175458,0.514225,0.545299,0.175458,0.234423,0
2.09661,-4.41401,7.59659,0.0190007,3.92907,0.158262,0.621823,FRENET,0.514225,0.175458,0.514225,0.545299,0.175458,0.234423,0
2.10273,-4.37471,7.59732,0.0202181,3.93234,0.072362,0.284552,FRENET,0.514225,0.175458,0.514225,0.545299,0.175458,0.234423,0
2.10873,-4.33538,7.59802,0.020538,3.93545,0.0113204,0.0445509,FRENET,0.514225,0.175458,0.514225,0.545299,0.175458,0.234423,0
2.11251,-4.33538,7.59802,0.020538,3.93545,0.0113204,0.0445509,FRENET,0.514225,0.175458,0.514225,0.545299,0.175458,0.234423,0
2.11881,-4.29601,7.5987,0.0204728,3.93842,-0.0388384,-0.152962,FRENET,0.514225,0.175458,0.514225,0.545299,0.175458,0.234423,0
2.1218,-4.29601,7.5987,0.0204728,3.93842,-0.0388384,-0.152962,FRENET,0.514225,0.175458,0.514225,0.545299,0.175458,0.234423,0
2.12716,-4.25662,7.59935,0.0198237,3.94124,-0.0724918,-0.285708,FRENET,0.514225,0.175458,0.514225,0.545299,0.175458,0.234423,0
2.13261,-4.25662,7.59935,0.0198237,3.94124,-0.0724918,-0.285708,FRENET,0.514225,0.175458,0.514225,0.545299,0.175458,0.234423,0
2.14074,-4.2172,7.59999,0.0190298,3.94393,-0.10172,-0.401177,FRENET,0.480825,0.175458,0.480825,0.559432,0.175458,0.337955,0
2.14432,-4.2172,7.59999,0.0190298,3.94393,-0.10172,-0.401177,FRENET,0.480825,0.175458,0.480825,0.559432,0.175458,0.337955,0
2.14841,-4.17775,7.60059,0.0178352,3.9465,-0.119422,-0.4713,FRENET,0.480825,0.175458,0.480825,0.559432,0.175458,0.337955,0
2.15178,-4.17775,7.60059,0.0178352,3.9465,-0.119422,-0.4713,FRENET,0.480825,0.175458,0.480825,0.559432,0.175458,0.337955,0
2.1559,-4.17775,7.60059,0.0178352,3.9465,-0.119422,-0.4713,FRENET,0.480825,0.175458,0.480825,0.559432,0.175458,0.337955,0
2.16159,-4.13828,7.60117,0.0166355,3.94894,-0.136535,-0.539168,FRENET,0.480825,0.175458,0.480825,0.559432,0.175458,0.337955,0
2.16558,-4.13828,7.60117,0.0166355,3.94894,-0.136535,-0.539168,FRENET,0.480825,0.175458,0.480825,0.559432,0.175458,0.337955,0
2.17175,-4.09878,7.60172,0.0151406,3.95126,-0.145066,-0.573194,FRENET,0.480825,0.175458,0.480825,0.559432,0.175458,0.337955,0
2.176,-4.09878,7.60172,0.0151406,3.95126,-0.145066,-0.573194,FRENET,0.480825,0.175458,0.480825,0.559432,0.175458,0.337955,0
2.1824,-4.05926,7.60224,0.0137208,3.95347,-0.155266,-0.61384,FRENET,0.480825,0.175458,0.480825,0.559432,0.175458,0.337955,0
2.18421,-4.05926,7.60224,0.0137208,3.95347,-0.155266,-0.61384,FRENET,0.534415,0.189396,0.534415,0.555108,0.189396,0.262243,0
2.19119,-4.01972,7.60272,0.0120657,3.95558,-0.158609,-0.627391,FRENET,0.534415,0.189396,0.534415,0.555108,0.189396,0.262243,0
2.19838,-3.98006,7.60317,0.0106894,3.9765,-0.118415,-0.470878,FRENET,0.534415,0.189396,0.534415,0.555108,0.189396,0.262243,0
2.20208,-3.98006,7.60317,0.0106894,3.9765,-0.118415,-0.470878,FRENET,0.534415,0.189396,0.534415,0.555108,0.189396,0.262243,0
2.20741,-3.9402,7.60364,0.0098107,3.99642,-0.0450432,-0.180012,FRENET,0.534415,0.189396,0.534415,0.555108,0.189396,0.262243,0
2.21072,-3.9402,7.60364,0.0098107,3.99642,-0.0450432,-0.180012,FRENET,0.534415,0.189396,0.534415,0.555108,0.189396,0.262243,0
2.21624,-3.9402,7.60364,0.0098107,3.99642,-0.0450432,-0.180012,FRENET,0.534415,0.189396,0.534415,0.555108,0.189396,0.262243,0
2.22147,-3.90014,7.60414,0.00971297,4.0154,0.00746127,0.02996,FRENET,0.534415,0.189396,0.534415,0.555108,0.189396,0.262243,0
2.22806,-3.90014,7.60414,0.00971297,4.0154,0.00746127,0.02996,FRENET,0.534415,0.189396,0.534415,0.555108,0.189396,0.262243,0
2.23462,-3.8599,7.60466,0.00993718,4.03347,0.0510536,0.205923,FRENET,0.541636,0.189396,0.541636,0.544498,0.189396,0.169486,0
2.23948,-3.81949,7.60521,0.0106805,4.05068,0.0804274,0.325786,FRENET,0.541636,0.189396,0.541636,0.544498,0.189396,0.169486,0
2.2438,-3.81949,7.60521,0.0106805,4.05068,0.0804274,0.325786,FRENET,0.541636,0.189396,0.541636,0.544498,0.189396,0.169486,0
2.24949,-3.7789,7.60578,0.0115405,4.06707,0.106155,0.43174,FRENET,0.541636,0.189396,0.541636,0.544498,0.189396,0.169486,0
2.25251,-3.7789,7.60578,0.0115405,4.06707,0.106155,0.43174,FRENET,0.541636,0.189396,0.541636,0.544498,0.189396,0.169486,0
2.2556,-3.7789,7.60578,0.0115405,4.06707,0.106155,0.43174,FRENET,0.541636,0.189396,0.541636,0.544498,0.189396,0.169486,0
2.25982,-3.73816,7.60638,0.0127636,4.08269,0.121786,0.497216,FRENET,0.541636,0.189396,0.541636,0.544498,0.189396,0.169486,0
2.26289,-3.73816,7.60638,0.0127636,4.08269,0.121786,0.497216,FRENET,0.541636,0.189396,0.541636,0.544498,0.189396,0.169486,0
2.26689,-3.69726,7.60701,0.0139818,4.09756,0.137012,0.561416,FRENET,0.541636,0.189396,0.541636,0.544498,0.189396,0.169486,0
2.27083,-3.69726,7.60701,0.0139818,4.09756,0.137012,0.561416,FRENET,0.541636,0.189396,0.541636,0.544498,0.189396,0.169486,0
2.27463,-3.69726,7.60701,0.0139818,4.09756,0.137012,0.561416,FRENET,0.541636,0.189396,0.541636,0.544498,0.189396,0.169486,0
2.28031,-3.65622,7.60768,0.0154722,4.11173,0.144651,0.594766,FRENET,0.541636,0.189396,0.541636,0.544498,0.189396,0.169486,0
2.28438,-3.65622,7.60768,0.0154722,4.11173,0.144651,0.594766,FRENET,0.538381,0.189396,0.538381,0,0.189396,0.64435,0
2.29078,-3.61504,7.60838,0.016887,4.12522,0.153844,0.634639,FRENET,0.538381,0.189396,0.538381,0,0.189396,0.64435,0
2.2947,-3.61504,7.60838,0.016887,4.12522,0.153844,0.634639,FRENET,0.538381,0.189396,0.538381,0,0.189396,0.64435,0
2.29978,-3.57373,7.60913,0.0185224,4.13807,0.156948,0.64946,FRENET,0.538381,0.189396,0.538381,0,0.189396,0.64435,0
2.30421,-3.57373,7.60913,0.0185224,4.13807,0.156948,0.64946,FRENET,0.538381,0.189396,0.538381,0,0.189396,0.64435,0
2.30979,-3.5323,7.60991,0.020042,4.15031,0.162768,0.675537,FRENET,0.538381,0.189396,0.538381,0,0.189396,0.64435,0
2.31379,-3.5323,7.60991,0.020042,4.15031,0.162768,0.675537,FRENET,0.538381,0.189396,0.538381,0,0.189396,0.64435,0
2.31926,-3.49074,7.61075,0.021754,4.16197,0.163376,0.679963,FRENET,0.538381,0.189396,0.538381,0,0.189396,0.64435,0
2.32386,-3.49074,7.61075,0.021754,4.16197,0.163376,0.679963,FRENET,0.538381,0.189396,0.538381,0,0.189396,0.64435,0
2.32912,-3.44908,7.61164,0.0233278,4.17307,0.167376,0.698471,FRENET,0.538381,0.189396,0.538381,0,0.189396,0.64435,0
2.33291,-3.44908,7.61164,0.0233278,4.17307,0.167376,0.698471,FRENET,0.54094,0.189396,0.54094,0.562346,0.189396,0.287393,0
2.34008,-3.40727,7.61258,0.0250689,4.18982,0.165101,0.691743,FRENET,0.54094,0.189396,0.54094,0.562346,0.189396,0.287393,0
2.344,-3.40727,7.61258,0.0250689,4.18982,0.165101,0.691743,FRENET,0.54094,0.189396,0.54094,0.562346,0.189396,0.287393,0
2.35039,-3.36531,7.61355,0.0263552,4.20577,0.0799537,0.336267,FRENET,0.54094,0.189396,0.54094,0.562346,0.189396,0.287393,0
2.35485,-3.36531,7.61355,0.0263552,4.20577,0.0799537,0.336267,FRENET,0.54094,0.189396,0.54094,0.562346,0.189396,0.287393,0
2.36015,-3.32318,7.61449,0.02675,4.22097,0.0176252,0.0743954,FRENET,0.54094,0.189396,0.54094,0.562346,0.189396,0.287393,0
2.36391,-3.32318,7.61449,0.02675,4.22097,0.0176252,0.0743954,FRENET,0.54094,0.189396,0.54094,0.562346,0.189396,0.287393,0
2.36937,-3.28091,7.61543,0.0267371,4.23545,-0.0338809,-0.143501,FRENET,0.54094,0.189396,0.54094,0.562346,0.189396,0.287393,0
2.37215,-3.28091,7.61543,0.0267371,4.23545,-0.0338809,-0.143501,FRENET,0.54094,0.189396,0.54094,0.562346,0.189396,0.287393,0
2.37509,-3.28091,7.61543,0.0267371,4.23545,-0.0338809,-0.143501,FRENET,0.54094,0.189396,0.54094,0.562346,0.189396,0.287393,0
2.37924,-3.2385,7.61635,0.0261307,4.24923,-0.069726,-0.296282,FRENET,0.54094,0.189396,0.54094,0.562346,0.189396,0.287393,0
2.38232,-3.2385,7.61635,0.0261307,4.24923,-0.069726,-0.296282,FRENET,0.545805,0.189396,0.545805,0.572924,0.189396,0.347349,0
2.38777,-3.19595,7.61727,0.0253527,4.26236,-0.100499,-0.428365,FRENET,0.545805,0.189396,0.545805,0.572924,0.189396,0.347349,0
2.39085,-3.19595,7.61727,0.0253527,4.26236,-0.100499,-0.428365,FRENET,0.545805,0.189396,0.545805,0.572924,0.189396,0.347349,0
2.39403,-3.19595,7.61727,0.0253527,4.26236,-0.100499,-0.428365,FRENET,0.545805,0.189396,0.545805,0.572924,0.189396,0.347349,0
2.39899,-3.15327,7.61816,0.0241639,4.27487,-0.120184,-0.513771,FRENET,0.545805,0.189396,0.545805,0.572924,0.189396,0.347349,0
2.40183,-3.15327,7.61816,0.0241639,4.27487,-0.120184,-0.513771,FRENET,0.545805,0.189396,0.545805,0.572924,0.189396,0.347349,0
2.40703,-3.11047,7.61904,0.0229471,4.28678,-0.13844,-0.593463,FRENET,0.545805,0.189396,0.545805,0.572924,0.189396,0.347349,0
2.40972,-3.11047,7.61904,0.0229471,4.28678,-0.13844,-0.593463,FRENET,0.545805,0.189396,0.545805,0.572924,0.189396,0.347349,0
2.41387,-3.11047,7.61904,0.0229471,4.28678,-0.13844,-0.593463,FRENET,0.545805,0.189396,0.545805,0.572924,0.189396,0.347349,0
2.41827,-3.06756,7.61988,0.0214288,4.29812,-0.148474,-0.638158,FRENET,0.545805,0.189396,0.545805,0.572924,0.189396,0.347349,0
2.42191,-3.06756,7.61988,0.0214288,4.29812,-0.148474,-0.638158,FRENET,0.545805,0.189396,0.545805,0.572924,0.189396,0.347349,0
2.42727,-3.02453,7.62071,0.0199681,4.30893,-0.159344,-0.686603,FRENET,0.545805,0.189396,0.545805,0.572924,0.189396,0.347349,0
2.4302,-3.02453,7.62071,0.0199681,4.30893,-0.159344,-0.686603,FRENET,0.545805,0.189396,0.545805,0.572924,0.189396,0.347349,0
2.43452,-3.02453,7.62071,0.0199681,4.30893,-0.159344,-0.686603,FRENET,0.552507,0.189396,0.552507,0.393139,0.189396,0.425966,0
2.44049,-2.9814,7.62149,0.0182698,4.31922,-0.163754,-0.70729,FRENET,0.552507,0.189396,0.552507,0.393139,0.189396,0.425966,0
2.4442,-2.9814,7.62149,0.0182698,4.31922,-0.163754,-0.70729,FRENET,0.552507,0.189396,0.552507,0.393139,0.189396,0.425966,0
2.44944,-2.93816,7.62227,0.0169828,4.32902,-0.080749,-0.349564,FRENET,0.552507,0.189396,0.552507,0.393139,0.189396,0.425966,0
2.45308,-2.93816,7.62227,0.0169828,4.32902,-0.080749,-0.349564,FRENET,0.552507,0.189396,0.552507,0.393139,0.189396,0.425966,0
2.45739,-2.89483,7.6231,0.0165761,4.33836,-0.0194923,-0.0845646,FRENET,0.552507,0.189396,0.552507,0.393139,0.189396,0.425966,0
2.46047,-2.89483,7.6231,0.0165761,4.33836,-0.0194923,-0.0845646,FRENET,0.552507,0.189396,0.552507,0.393139,0.189396,0.425966,0
2.46339,-2.89483,7.6231,0.0165761,4.33836,-0.0194923,-0.0845646,FRENET,0.552507,0.189396,0.552507,0.393139,0.189396,0.425966,0
2.46781,-2.85141,7.62393,0.0165664,4.34725,0.0317408,0.137985,FRENET,0.552507,0.189396,0.552507,0.393139,0.189396,0.425966,0
2.47153,-2.85141,7.62393,0.0165664,4.34725,0.0317408,0.137985,FRENET,0.552507,0.189396,0.552507,0.393139,0.189396,0.425966,0
2.47519,-2.85141,7.62393,0.0165664,4.34725,0.0317408,0.137985,FRENET,0.552507,0.189396,0.552507,0.393139,0.189396,0.425966,0
2.48072,-2.80791,7.62481,0.017154,4.35572,0.0677865,0.295259,FRENET,0.552507,0.189396,0.552507,0.393139,0.189396,0.425966,0
2.48609,-2.80791,7.62481,0.017154,4.35572,0.0677865,0.295259,FRENET,0.165122,0.190664,0.165122,0,0.190664,0.609054,0
2.49155,-2.76432,7.6257,0.0179132,4.36379,0.0991036,0.432467,FRENET,0.165122,0.190664,0.165122,0,0.190664,0.609054,0
2.49526,-2.76432,7.6257,0.0179132,4.36379,0.0991036,0.432467,FRENET,0.165122,0.190664,0.165122,0,0.190664,0.609054,0
2.50041,-2.72067,7.62663,0.0190964,4.36832,0.119874,0.523647,FRENET,0.165122,0.190664,0.165122,0,0.190664,0.609054,0
2.50364,-2.72067,7.62663,0.0190964,4.36832,0.119874,0.523647,FRENET,0.165122,0.190664,0.165122,0,0.190664,0.609054,0
2.5076,-2.67697,7.62757,0.0203132,4.37263,0.139305,0.609129,FRENET,0.165122,0.190664,0.165122,0,0.190664,0.609054,0
2.51168,-2.67697,7.62757,0.0203132,4.37263,0.139305,0.609129,FRENET,0.165122,0.190664,0.165122,0,0.190664,0.609054,0
2.51445,-2.67697,7.62757,0.0203132,4.37263,0.139305,0.609129,FRENET,0.165122,0.190664,0.165122,0,0.190664,0.609054,0
2.51887,-2.63324,7.62857,0.0218478,4.37674,0.150336,0.65798,FRENET,0.165122,0.190664,0.165122,0,0.190664,0.609054,0
2.52169,-2.63324,7.62857,0.0218478,4.37674,0.150336,0.65798,FRENET,0.165122,0.190664,0.165122,0,0.190664,0.609054,0
2.52703,-2.58946,7.62956,0.0230174,4.38066,0.0701105,0.30713,FRENET,0.165122,0.190664,0.165122,0,0.190664,0.609054,0
2.52991,-2.58946,7.62956,0.0230174,4.38066,0.0701105,0.30713,FRENET,0.165122,0.190664,0.165122,0,0.190664,0.609054,0
2.53387,-2.58946,7.62956,0.0230174,4.38066,0.0701105,0.30713,FRENET,0.224015,0.190664,0.224015,0.480531,0.190664,0.39936,0
2.53845,-2.54565,7.6305,0.0233272,4.38439,0.0110682,0.0485271,FRENET,0.224015,0.190664,0.224015,0.480531,0.190664,0.39936,0
2.5421,-2.54565,7.6305,0.0233272,4.38439,0.0110682,0.0485271,FRENET,0.224015,0.190664,0.224015,0.480531,0.190664,0.39936,0
2.54778,-2.5018,7.63143,0.0232629,4.38794,-0.0385935,-0.169346,FRENET,0.224015,0.190664,0.224015,0.480531,0.190664,0.39936,0
2.55075,-2.5018,7.63143,0.0232629,4.38794,-0.0385935,-0.169346,FRENET,0.224015,0.190664,0.224015,0.480531,0.190664,0.39936,0
2.5548,-2.5018,7.63143,0.0232629,4.38794,-0.0385935,-0.169346,FRENET,0.224015,0.190664,0.224015,0.480531,0.190664,0.39936,0
2.56085,-2.45791,7.63232,0.0226114,4.39132,-0.073416,-0.322393,FRENET,0.224015,0.190664,0.224015,0.480531,0.190664,0.39936,0
2.56695,-2.45791,7.63232,0.0226114,4.39132,-0.073416,-0.322393,FRENET,0.224015,0.190664,0.224015,0.480531,0.190664,0.39936,0
2.57304,-2.41399,7.6332,0.0218019,4.39455,-0.103945,-0.456793,FRENET,0.224015,0.190664,0.224015,0.480531,0.190664,0.39936,0
2.5774,-2.37004,7.63403,0.0205751,4.39761,-0.1237,-0.543984,FRENET,0.224015,0.190664,0.224015,0.480531,0.190664,0.39936,0
2.5811,-2.37004,7.63403,0.0205751,4.39761,-0.1237,-0.543984,FRENET,0.0122018,0.190664,0.0122018,0.447953,0.190664,0.413906,0
2.58485,-2.37004,7.63403,0.0205751,4.39761,-0.1237,-0.543984,FRENET,0.0122018,0.190664,0.0122018,0.447953,0.190664,0.413906,0
2.58975,-2.32603,7.63485,0.0193271,4.40542,-0.141515,-0.623433,FRENET,0.0122018,0.190664,0.0122018,0.447953,0.190664,0.413906,0
2.59286,-2.32603,7.63485,0.0193271,4.40542,-0.141515,-0.623433,FRENET,0.0122018,0.190664,0.0122018,0.447953,0.190664,0.413906,0
2.59812,-2.28194,7.63562,0.0177775,4.41286,-0.151436,-0.668267,FRENET,0.0122018,0.190664,0.0122018,0.447953,0.190664,0.413906,0
2.60149,-2.28194,7.63562,0.0177775,4.41286,-0.151436,-0.668267,FRENET,0.0122018,0.190664,0.0122018,0.447953,0.190664,0.413906,0
2.60457,-2.28194,7.63562,0.0177775,4.41286,-0.151436,-0.668267,FRENET,0.0122018,0.190664,0.0122018,0.447953,0.190664,0.413906,0
2.60946,-2.23778,7.63636,0.0162882,4.41995,-0.162383,-0.717723,FRENET,0.0122018,0.190664,0.0122018,0.447953,0.190664,0.413906,0
2.61524,-2.23778,7.63636,0.0162882,4.41995,-0.162383,-0.717723,FRENET,0.0122018,0.190664,0.0122018,0.447953,0.190664,0.413906,0
2.62161,-2.19356,7.63705,0.0145573,4.42669,-0.166993,-0.739228,FRENET,0.0122018,0.190664,0.0122018,0.447953,0.190664,0.413906,0
2.62496,-2.19356,7.63705,0.0145573,4.42669,-0.166993,-0.739228,FRENET,0.0122018,0.190664,0.0122018,0.447953,0.190664,0.413906,0
2.62906,-2.14926,7.63771,0.0129341,4.43312,-0.173865,-0.770764,FRENET,0.0122018,0.190664,0.0122018,0.447953,0.190664,0.413906,0
2.63234,-2.14926,7.63771,0.0129341,4.43312,-0.173865,-0.770764,FRENET,0.0641488,0.190664,0.0641488,0.394934,0.190664,0.28621,0
2.63608,-2.14926,7.63771,0.0129341,4.43312,-0.173865,-0.770764,FRENET,0.0641488,0.190664,0.0641488,0.394934,0.190664,0.28621,0
2.64018,-2.10491,7.6383,0.0111044,4.43924,-0.175364,-0.778483,FRENET,0.0641488,0.190664,0.0641488,0.394934,0.190664,0.28621,0
2.64329,-2.10491,7.6383,0.0111044,4.43924,-0.175364,-0.778483,FRENET,0.0641488,0.190664,0.0641488,0.394934,0.190664,0.28621,0
2.64733,-2.06049,7.63889,0.00971988,4.44507,-0.0884594,-0.393208,FRENET,0.0641488,0.190664,0.0641488,0.394934,0.190664,0.28621,0
2.65012,-2.06049,7.63889,0.00971988,4.44507,-0.0884594,-0.393208,FRENET,0.0641488,0.190664,0.0641488,0.394934,0.190664,0.28621,0
2.65386,-2.06049,7.63889,0.00971988,4.44507,-0.0884594,-0.393208,FRENET,0.0641488,0.190664,0.0641488,0.394934,0.190664,0.28621,0
2.6579,-2.01601,7.6395,0.00925407,4.45062,-0.0239938,-0.106787,FRENET,0.0641488,0.190664,0.0641488,0.394934,0.190664,0.28621,0
2.66182,-2.01601,7.6395,0.00925407,4.45062,-0.0239938,-0.106787,FRENET,0.0641488,0.190664,0.0641488,0.394934,0.190664,0.28621,0
2.66721,-1.97148,7.64012,0.00921146,4.45591,0.0298466,0.132994,FRENET,0.0641488,0.190664,0.0641488,0.394934,0.190664,0.28621,0
2.67023,-1.97148,7.64012,0.00921146,4.45591,0.0298466,0.132994,FRENET,0.0641488,0.190664,0.0641488,0.394934,0.190664,0.28621,0
2.67386,-1.97148,7.64012,0.00921146,4.45591,0.0298466,0.132994,FRENET,0.0641488,0.190664,0.0641488,0.394934,0.190664,0.28621,0
2.67841,-1.92691,7.64077,0.00979234,4.46095,0.0680136,0.303405,FRENET,0.0641488,0.190664,0.0641488,0.394934,0.190664,0.28621,0
2.68176,-1.92691,7.64077,0.00979234,4.46095,0.0680136,0.303405,FRENET,0.262035,0.190664,0.262035,0.177944,0.190664,0.288723,0
2.68779,-1.88228,7.64142,0.0105613,4.46575,0.101016,0.451112,FRENET,0.262035,0.190664,0.262035,0.177944,0.190664,0.288723,0
2.69028,-1.88228,7.64142,0.0105613,4.46575,0.101016,0.451112,FRENET,0.262035,0.190664,0.262035,0.177944,0.190664,0.288723,0
2.69398,-1.88228,7.64142,0.0105613,4.46575,0.101016,0.451112,FRENET,0.262035,0.190664,0.262035,0.177944,0.190664,0.288723,0
2.69865,-1.8376,7.6421,0.0117685,4.47032,0.122729,0.548638,FRENET,0.262035,0.190664,0.262035,0.177944,0.190664,0.288723,0
2.70218,-1.8376,7.6421,0.0117685,4.47032,0.122729,0.548638,FRENET,0.262035,0.190664,0.262035,0.177944,0.190664,0.288723,0
2.70783,-1.79288,7.64279,0.0130172,4.47467,0.142796,0.638964,FRENET,0.262035,0.190664,0.262035,0.177944,0.190664,0.288723,0
2.71088,-1.79288,7.64279,0.0130172,4.47467,0.142796,0.638964,FRENET,0.262035,0.190664,0.262035,0.177944,0.190664,0.288723,0
2.7139,-1.79288,7.64279,0.0130172,4.47467,0.142796,0.638964,FRENET,0.262035,0.190664,0.262035,0.177944,0.190664,0.288723,0
2.71831,-1.74812,7.64353,0.0145896,4.47882,0.154379,0.691433,FRENET,0.262035,0.190664,0.262035,0.177944,0.190664,0.288723,0
2.72221,-1.74812,7.64353,0.0145896,4.47882,0.154379,0.691433,FRENET,0.262035,0.190664,0.262035,0.177944,0.190664,0.288723,0
2.72708,-1.70332,7.64428,0.0161136,4.48276,0.166554,0.74662,FRENET,0.262035,0.190664,0.262035,0.177944,0.190664,0.288723,0
2.73138,-1.70332,7.64428,0.0161136,4.48276,0.166554,0.74662,FRENET,0.262035,0.190664,0.262035,0.177944,0.190664,0.288723,0
2.73466,-1.70332,7.64428,0.0161136,4.48276,0.166554,0.74662,FRENET,0.156227,0.451371,0.156227,0.144003,0.451371,0.303978,0
2.73954,-1.65848,7.64508,0.0178918,4.48652,0.172017,0.771757,FRENET,0.156227,0.451371,0.156227,0.144003,0.451371,0.303978,0
2.74288,-1.65848,7.64508,0.0178918,4.48652,0.172017,0.771757,FRENET,0.156227,0.451371,0.156227,0.144003,0.451371,0.303978,0
2.74729,-1.61365,7.64592,0.0195752,4.48055,0.181704,0.814133,FRENET,0.156227,0.451371,0.156227,0.144003,0.451371,0.303978,0
2.74983,-1.61365,7.64592,0.0195752,4.48055,0.181704,0.814133,FRENET,0.156227,0.451371,0.156227,0.144003,0.451371,0.303978,0
2.75399,-1.61365,7.64592,0.0195752,4.48055,0.181704,0.814133,FRENET,0.156227,0.451371,0.156227,0.144003,0.451371,0.303978,0
2.75792,-1.56888,7.6468,0.0214961,4.47572,0.184884,0.827488,FRENET,0.156227,0.451371,0.156227,0.144003,0.451371,0.303978,0
2.76188,-1.56888,7.6468,0.0214961,4.47572,0.184884,0.827488,FRENET,0.156227,0.451371,0.156227,0.144003,0.451371,0.303978,0
2.76708,-1.52415,7.64773,0.0232884,4.4718,0.190616,0.852396,FRENET,0.156227,0.451371,0.156227,0.144003,0.451371,0.303978,0
2.76995,-1.52415,7.64773,0.0232884,4.4718,0.190616,0.852396,FRENET,0.156227,0.451371,0.156227,0.144003,0.451371,0.303978,0
2.7739,-1.52415,7.64773,0.0232884,4.4718,0.190616,0.852396,FRENET,0.156227,0.451371,0.156227,0.144003,0.451371,0.303978,0
2.77772,-1.47946,7.64872,0.0252823,4.46863,0.19082,0.852702,FRENET,0.156227,0.451371,0.156227,0.144003,0.451371,0.303978,0
2.78191,-1.47946,7.64872,0.0252823,4.46863,0.19082,0.852702,FRENET,0.337129,0.451371,0.337129,0.255253,0.451371,0.497825,0
2.78691,-1.4348,7.64975,0.0271226,4.46606,0.194289,0.867706,FRENET,0.337129,0.451371,0.337129,0.255253,0.451371,0.497825,0
2.7897,-1.4348,7.64975,0.0271226,4.46606,0.194289,0.867706,FRENET,0.337129,0.451371,0.337129,0.255253,0.451371,0.497825,0
2.79383,-1.4348,7.64975,0.0271226,4.46606,0.194289,0.867706,FRENET,0.337129,0.451371,0.337129,0.255253,0.451371,0.497825,0
2.7979,-1.39016,7.65085,0.0291442,4.46398,0.192843,0.860846,FRENET,0.337129,0.451371,0.337129,0.255253,0.451371,0.497825,0
2.80189,-1.39016,7.65085,0.0291442,4.46398,0.192843,0.860846,FRENET,0.337129,0.451371,0.337129,0.255253,0.451371,0.497825,0
2.80681,-1.34555,7.65201,0.0309988,4.4623,0.1951,0.870593,FRENET,0.337129,0.451371,0.337129,0.255253,0.451371,0.497825,0
2.80996,-1.34555,7.65201,0.0309988,4.4623,0.1951,0.870593,FRENET,0.337129,0.451371,0.337129,0.255253,0.451371,0.497825,0
2.8139,-1.34555,7.65201,0.0309988,4.4623,0.1951,0.870593,FRENET,0.337129,0.451371,0.337129,0.255253,0.451371,0.497825,0
2.8179,-1.30095,7.65324,0.0330238,4.46093,0.192812,0.860121,FRENET,0.337129,0.451371,0.337129,0.255253,0.451371,0.497825,0
2.82181,-1.30095,7.65324,0.0330238,4.46093,0.192812,0.860121,FRENET,0.337129,0.451371,0.337129,0.255253,0.451371,0.497825,0
2.82693,-1.25636,7.65453,0.0348751,4.45983,0.194485,0.867368,FRENET,0.337129,0.451371,0.337129,0.255253,0.451371,0.497825,0
2.82968,-1.25636,7.65453,0.0348751,4.45983,0.194485,0.867368,FRENET,0.337129,0.451371,0.337129,0.255253,0.451371,0.497825,0
2.83407,-1.25636,7.65453,0.0348751,4.45983,0.194485,0.867368,FRENET,0.174085,0.451371,0.174085,0.107133,0.451371,0.325221,0
2.8381,-1.21179,7.6559,0.0368918,4.45894,0.191828,0.855347,FRENET,0.174085,0.451371,0.174085,0.107133,0.451371,0.325221,0
2.84186,-1.21179,7.6559,0.0368918,4.45894,0.191828,0.855347,FRENET,0.174085,0.451371,0.174085,0.107133,0.451371,0.325221,0
2.84689,-1.16723,7.65732,0.0387323,4.45821,0.193274,0.861657,FRENET,0.174085,0.451371,0.174085,0.107133,0.451371,0.325221,0
2.84991,-1.16723,7.65732,0.0387323,4.45821,0.193274,0.861657,FRENET,0.174085,0.451371,0.174085,0.107133,0.451371,0.325221,0
2.85389,-1.16723,7.65732,0.0387323,4.45821,0.193274,0.861657,FRENET,0.174085,0.451371,0.174085,0.107133,0.451371,0.325221,0
2.85774,-1.12267,7.65884,0.0407361,4.45763,0.190509,0.849218,FRENET,0.174085,0.451371,0.174085,0.107133,0.451371,0.325221,0
2.86184,-1.12267,7.65884,0.0407361,4.45763,0.190509,0.849218,FRENET,0.174085,0.451371,0.174085,0.107133,0.451371,0.325221,0
2.86712,-1.07813,7.66041,0.0425633,4.45715,0.191921,0.85542,FRENET,0.174085,0.451371,0.174085,0.107133,0.451371,0.325221,0
2.86977,-1.07813,7.66041,0.0425633,4.45715,0.191921,0.85542,FRENET,0.174085,0.451371,0.174085,0.107133,0.451371,0.325221,0
2.87405,-1.07813,7.66041,0.0425633,4.45715,0.191921,0.85542,FRENET,0.174085,0.451371,0.174085,0.107133,0.451371,0.325221,0
2.87778,-1.03359,7.66207,0.0445537,4.45677,0.189181,0.843134,FRENET,0.174085,0.451371,0.174085,0.107133,0.451371,0.325221,0
2.88242,-1.03359,7.66207,0.0445537,4.45677,0.189181,0.843134,FRENET,0.0498188,0.451371,0.0498188,0.175691,0.451371,0.412667,0
2.88846,-0.989041,7.66378,0.0460484,4.45899,0.0966967,0.43117,FRENET,0.0498188,0.451371,0.0498188,0.175691,0.451371,0.412667,0
2.8924,-0.989041,7.66378,0.0460484,4.45899,0.0966967,0.43117,FRENET,0.0498188,0.451371,0.0498188,0.175691,0.451371,0.412667,0
2.89786,-0.944473,7.66547,0.0465741,4.46112,0.0282129,0.125861,FRENET,0.0498188,0.451371,0.0498188,0.175691,0.451371,0.412667,0
2.90073,-0.944473,7.66547,0.0465741,4.46112,0.0282129,0.125861,FRENET,0.0498188,0.451371,0.0498188,0.175691,0.451371,0.412667,0
2.90416,-0.944473,7.66547,0.0465741,4.46112,0.0282129,0.125861,FRENET,0.0498188,0.451371,0.0498188,0.175691,0.451371,0.412667,0
2.90929,-0.899885,7.6672,0.0469597,4.46314,0.0643855,0.287361,FRENET,0.0498188,0.451371,0.0498188,0.175691,0.451371,0.412667,0
2.91395,-0.899885,7.6672,0.0469597,4.46314,0.0643855,0.287361,FRENET,0.0498188,0.451371,0.0498188,0.175691,0.451371,0.412667,0
2.91875,-0.855282,7.66903,0.0478179,4.46506,0.0893774,0.399076,FRENET,0.0498188,0.451371,0.0498188,0.175691,0.451371,0.412667,0
2.92225,-0.855282,7.66903,0.0478179,4.46506,0.0893774,0.399076,FRENET,0.0498188,0.451371,0.0498188,0.175691,0.451371,0.412667,0
2.92723,-0.810662,7.67092,0.048749,4.4669,0.112813,0.503925,FRENET,0.0498188,0.451371,0.0498188,0.175691,0.451371,0.412667,0
2.92976,-0.810662,7.67092,0.048749,4.4669,0.112813,0.503925,FRENET,0.0498188,0.451371,0.0498188,0.175691,0.451371,0.412667,0
2.93408,-0.810662,7.67092,0.048749,4.4669,0.112813,0.503925,FRENET,0.0383077,0.451371,0.0383077,0.124953,0.451371,0.397279,0
2.93942,-0.766028,7.6729,0.0500387,4.46865,0.127609,0.57024,FRENET,0.0383077,0.451371,0.0383077,0.124953,0.451371,0.397279,0
2.94247,-0.766028,7.6729,0.0500387,4.46865,0.127609,0.57024,FRENET,0.0383077,0.451371,0.0383077,0.124953,0.451371,0.397279,0
2.94819,-0.721379,7.67493,0.0513098,4.47031,0.142902,0.638817,FRENET,0.0383077,0.451371,0.0383077,0.124953,0.451371,0.397279,0
2.9513,-0.721379,7.67493,0.0513098,4.47031,0.142902,0.638817,FRENET,0.0383077,0.451371,0.0383077,0.124953,0.451371,0.397279,0
2.95452,-0.721379,7.67493,0.0513098,4.47031,0.142902,0.638817,FRENET,0.0383077,0.451371,0.0383077,0.124953,0.451371,0.397279,0
2.95907,-0.676718,7.67704,0.0528667,4.47189,0.151209,0.676189,FRENET,0.0383077,0.451371,0.0383077,0.124953,0.451371,0.397279,0
2.96177,-0.676718,7.67704,0.0528667,4.47189,0.151209,0.676189,FRENET,0.0383077,0.451371,0.0383077,0.124953,0.451371,0.397279,0
2.9669,-0.632043,7.67918,0.054031,4.4734,0.0681299,0.304773,FRENET,0.0383077,0.451371,0.0383077,0.124953,0.451371,0.397279,0
2.97049,-0.632043,7.67918,0.054031,4.4734,0.0681299,0.304773,FRENET,0.0383077,0.451371,0.0383077,0.124953,0.451371,0.397279,0
2.97373,-0.632043,7.67918,0.054031,4.4734,0.0681299,0.304773,FRENET,0.0383077,0.451371,0.0383077,0.124953,0.451371,0.397279,0
2.97966,-0.587352,7.6813,0.0543088,4.47484,0.00692574,0.0309916,FRENET,0.0383077,0.451371,0.0383077,0.124953,0.451371,0.397279,0
2.98234,-0.587352,7.6813,0.0543088,4.47484,0.00692574,0.0309916,FRENET,0.238189,0.561266,0.238189,0.0526274,0.561266,0.611608,0
2.9882,-0.542648,7.68344,0.0541957,4.47621,-0.0442979,-0.198287,FRENET,0.238189,0.561266,0.238189,0.0526274,0.561266,0.611608,0
2.99083,-0.542648,7.68344,0.0541957,4.47621,-0.0442979,-0.198287,FRENET,0.238189,0.561266,0.238189,0.0526274,0.561266,0.611608,0
2.99389,-0.542648,7.68344,0.0541957,4.47621,-0.0442979,-0.198287,FRENET,0.238189,0.561266,0.238189,0.0526274,0.561266,0.611608,0
2.99794,-0.49841,7.68552,0.0534393,4.38111,-0.0812692,-0.356049,FRENET,0.238189,0.561266,0.238189,0.0526274,0.561266,0.611608,0
3.00207,-0.49841,7.68552,0.0534393,4.38111,-0.0812692,-0.356049,FRENET,0.238189,0.561266,0.238189,0.0526274,0.561266,0.611608,0
3.0076,-0.455122,7.68756,0.0525627,4.28601,-0.116981,-0.501381,FRENET,0.238189,0.561266,0.238189,0.0526274,0.561266,0.611608,0
3.0103,-0.455122,7.68756,0.0525627,4.28601,-0.116981,-0.501381,FRENET,0.238189,0.561266,0.238189,0.0526274,0.561266,0.611608,0
3.01396,-0.455122,7.68756,0.0525627,4.28601,-0.116981,-0.501381,FRENET,0.238189,0.561266,0.238189,0.0526274,0.561266,0.611608,0
3.018,-0.412783,7.68951,0.051155,4.19091,-0.139557,-0.584871,FRENET,0.238189,0.561266,0.238189,0.0526274,0.561266,0.611608,0
3.02189,-0.412783,7.68951,0.051155,4.19091,-0.139557,-0.584871,FRENET,0.238189,0.561266,0.238189,0.0526274,0.561266,0.611608,0
3.02694,-0.371395,7.69146,0.0501945,4.09581,-0.0339412,-0.139017,FRENET,0.238189,0.561266,0.238189,0.0526274,0.561266,0.611608,0
3.02974,-0.371395,7.69146,0.0501945,4.09581,-0.0339412,-0.139017,FRENET,0.238189,0.561266,0.238189,0.0526274,0.561266,0.611608,0
3.03408,-0.371395,7.69146,0.0501945,4.09581,-0.0339412,-0.139017,FRENET,0.251232,0.561266,0.251232,0.0495639,0.561266,0.428809,0
3.0403,-0.330961,7.69345,0.0503483,4.00071,0.0366255,0.146528,FRENET,0.251232,0.561266,0.251232,0.0495639,0.561266,0.428809,0
3.0427,-0.330961,7.69345,0.0503483,4.00071,0.0366255,0.146528,FRENET,0.251232,0.561266,0.251232,0.0495639,0.561266,0.428809,0
3.04694,-0.291479,7.69543,0.0508997,3.90561,0.0949694,0.370914,FRENET,0.251232,0.561266,0.251232,0.0495639,0.561266,0.428809,0
3.05019,-0.291479,7.69543,0.0508997,3.90561,0.0949694,0.370914,FRENET,0.251232,0.561266,0.251232,0.0495639,0.561266,0.428809,0
3.05391,-0.291479,7.69543,0.0508997,3.90561,0.0949694,0.370914,FRENET,0.251232,0.561266,0.251232,0.0495639,0.561266,0.428809,0
3.05784,-0.252951,7.69743,0.0521621,3.81051,0.131315,0.500377,FRENET,0.251232,0.561266,0.251232,0.0495639,0.561266,0.428809,0
3.06184,-0.252951,7.69743,0.0521621,3.81051,0.131315,0.500377,FRENET,0.251232,0.561266,0.251232,0.0495639,0.561266,0.428809,0
3.06687,-0.215373,7.69941,0.053532,3.71541,0.165331,0.614273,FRENET,0.251232,0.561266,0.251232,0.0495639,0.561266,0.428809,0
3.07094,-0.215373,7.69941,0.053532,3.71541,0.165331,0.614273,FRENET,0.251232,0.561266,0.251232,0.0495639,0.561266,0.428809,0
3.0737,-0.215373,7.69941,0.053532,3.71541,0.165331,0.614273,FRENET,0.251232,0.561266,0.251232,0.0495639,0.561266,0.428809,0
3.07792,-0.178749,7.7014,0.0554031,3.62031,0.183653,0.66488,FRENET,0.251232,0.561266,0.251232,0.0495639,0.561266,0.428809,0
3.08181,-0.178749,7.7014,0.0554031,3.62031,0.183653,0.66488,FRENET,0.255087,0.561266,0.255087,0.0446138,0.561266,0.53263,0
3.08719,-0.143075,7.70336,0.0572285,3.52521,0.204762,0.721829,FRENET,0.255087,0.561266,0.255087,0.0446138,0.561266,0.53263,0
3.08969,-0.143075,7.70336,0.0572285,3.52521,0.204762,0.721829,FRENET,0.255087,0.561266,0.255087,0.0446138,0.561266,0.53263,0
3.09392,-0.143075,7.70336,0.0572285,3.52521,0.204762,0.721829,FRENET,0.255087,0.561266,0.255087,0.0446138,0.561266,0.53263,0
3.09798,-0.108355,7.70534,0.0594413,3.43011,0.212996,0.7306,FRENET,0.255087,0.561266,0.255087,0.0446138,0.561266,0.53263,0
3.10207,-0.108355,7.70534,0.0594413,3.43011,0.212996,0.7306,FRENET,0.255087,0.561266,0.255087,0.0446138,0.561266,0.53263,0
3.10687,-0.0745854,7.70729,0.0615217,3.33501,0.226742,0.756186,FRENET,0.255087,0.561266,0.255087,0.0446138,0.561266,0.53263,0
3.10961,-0.0745854,7.70729,0.0615217,3.33501,0.226742,0.756186,FRENET,0.255087,0.561266,0.255087,0.0446138,0.561266,0.53263,0
3.11379,-0.0745854,7.70729,0.0615217,3.33501,0.226742,0.756186,FRENET,0.255087,0.561266,0.255087,0.0446138,0.561266,0.53263,0
3.11844,-0.0417695,7.70926,0.0639217,3.23991,0.228664,0.740851,FRENET,0.255087,0.561266,0.255087,0.0446138,0.561266,0.53263,0
3.1222,-0.0417695,7.70926,0.0639217,3.23991,0.228664,0.740851,FRENET,0.255087,0.561266,0.255087,0.0446138,0.561266,0.53263,0
3.12714,-0.00990498,7.7112,0.0661343,3.14481,0.237683,0.747468,FRENET,0.255087,0.561266,0.255087,0.0446138,0.561266,0.53263,0
3.12997,-0.00990498,7.7112,0.0661343,3.14481,0.237683,0.747468,FRENET,0.255087,0.561266,0.255087,0.0446138,0.561266,0.53263,0
3.1341,-0.00990498,7.7112,0.0661343,3.14481,0.237683,0.747468,FRENET,0,0.948195,0,0,0.948195,1.74177,0
3.13886,0.0210058,7.71315,0.0686206,3.04971,0.235049,0.716831,FRENET,0,0.948195,0,0,0.948195,1.74177,0
3.14221,0.0210058,7.71315,0.0686206,3.04971,0.235049,0.716831,FRENET,0,0.948195,0,0,0.948195,1.74177,0
3.14705,0.0509651,7.71509,0.0708791,2.95461,0.240613,0.710918,FRENET,0,0.948195,0,0,0.948195,1.74177,0
3.14983,0.0509651,7.71509,0.0708791,2.95461,0.240613,0.710918,FRENET,0,0.948195,0,0,0.948195,1.74177,0
3.1545,0.0509651,7.71509,0.0708791,2.95461,0.240613,0.710918,FRENET,0,0.948195,0,0,0.948195,1.74177,0
3.15882,0.0799704,7.71703,0.073376,2.85951,0.234259,0.669866,FRENET,0,0.948195,0,0,0.948195,1.74177,0
3.16159,0.0799704,7.71703,0.073376,2.85951,0.234259,0.669866,FRENET,0,0.948195,0,0,0.948195,1.74177,0
3.16733,0.108024,7.71896,0.0756125,2.76441,0.23706,0.65533,FRENET,0,0.948195,0,0,0.948195,1.74177,0
3.17038,0.108024,7.71896,0.0756125,2.76441,0.23706,0.65533,FRENET,0,0.948195,0,0,0.948195,1.74177,0
3.17385,0.108024,7.71896,0.0756125,2.76441,0.23706,0.65533,FRENET,0,0.948195,0,0,0.948195,1.74177,0
3.17945,0.135124,7.72089,0.0780576,2.66931,0.227456,0.60715,FRENET,0,0.948195,0,0,0.948195,1.74177,0
3.18195,0.135124,7.72089,0.0780576,2.66931,0.227456,0.60715,FRENET,0.653954,0.229098,0.653954,0.0575569,0.229098,0.6581,0
3.18722,0.161272,7.7228,0.0802144,2.57421,0.227997,0.586912,FRENET,0.653954,0.229098,0.653954,0.0575569,0.229098,0.6581,0
3.1898,0.161272,7.7228,0.0802144,2.57421,0.227997,0.586912,FRENET,0.653954,0.229098,0.653954,0.0575569,0.229098,0.6581,0
3.19387,0.161272,7.7228,0.0802144,2.57421,0.227997,0.586912,FRENET,0.653954,0.229098,0.653954,0.0575569,0.229098,0.6581,0
3.19797,0.186466,7.72472,0.0825546,2.47911,0.215513,0.534281,FRENET,0.653954,0.229098,0.653954,0.0575569,0.229098,0.6581,0
3.202,0.186466,7.72472,0.0825546,2.47911,0.215513,0.534281,FRENET,0.653954,0.229098,0.653954,0.0575569,0.229098,0.6581,0
3.20735,0.210708,7.7266,0.0845826,2.38401,0.214295,0.510881,FRENET,0.653954,0.229098,0.653954,0.0575569,0.229098,0.6581,0
3.20957,0.210708,7.7266,0.0845826,2.38401,0.214295,0.510881,FRENET,0.653954,0.229098,0.653954,0.0575569,0.229098,0.6581,0
3.21374,0.210708,7.7266,0.0845826,2.38401,0.214295,0.510881,FRENET,0.653954,0.229098,0.653954,0.0575569,0.229098,0.6581,0

--- Experiment Summary ---
Scenario,Mux_playground_WS2.78_WT1.33_WC0.84_WCL1.41_WD1.69_DM0.44_Opp_bumper_v_5.csv
Mode,MUX_OBSTACLE
Finish Reason,COLLISION DETECTED
Duration (s),3.21
Total Dist (m),10.21
Collision,YES
FRENET Usage (%),78.05
FGM Usage (%),21.95
Max Speed (m/s),4.49
Max Lat Acc (m/s^2),0.87
Global Min Dist (m),0.00
Global Unsafe Ratio,0.63
Global Track RMS (m),0.27
Global Lat Acc RMS,0.44
FGM Min Dist (m),0.41
FGM Unsafe Ratio,0.63
FGM Track RMS (m),0.24
