t,x,y,yaw,speed,yaw_rate,a_lat,planner,min_d,track_error,collision
4.1535e-05,-75.7538,52.8966,-1.48757,0.11929,0,0,NONE,999.9,0,0
0.00334746,-75.7538,52.8966,-1.48757,0.11929,0,0,NONE,999.9,0,0
0.0073436,-75.7538,52.8966,-1.48757,0.11929,0,0,NONE,999.9,0,0
0.0139445,-75.7537,52.8949,-1.48748,0.21439,0.0207838,0.00445585,NONE,999.9,0,0
0.0154505,-75.7537,52.8949,-1.48748,0.21439,0.0207838,0.00445585,NONE,999.9,0,0
0.020191,-75.7535,52.8923,-1.48736,0.30949,2.14898e-10,6.65089e-11,NONE,999.9,0,0
0.023371,-75.7535,52.8923,-1.48736,0.30949,2.14898e-10,6.65089e-11,NONE,999.9,0,0
0.0273476,-75.7535,52.8923,-1.48736,0.30949,2.14898e-10,6.65089e-11,NONE,999.9,0,0
0.0313339,-75.7532,52.8887,-1.48718,0.40459,0.0392226,0.0158691,NONE,999.9,0,0
0.0359036,-75.7532,52.8887,-1.48718,0.40459,0.0392226,0.0158691,NONE,999.9,0,0
0.0400801,-75.7528,52.8842,-1.48697,0.49969,4.29797e-10,2.14765e-10,NONE,999.9,0,0
0.0450639,-75.7528,52.8842,-1.48697,0.49969,4.29797e-10,2.14765e-10,NONE,999.9,0,0
0.0474333,-75.7528,52.8842,-1.48697,0.49969,4.29797e-10,2.14765e-10,NONE,999.9,0,0
0.0518037,-75.7523,52.8788,-1.48681,0.59479,0.00898767,0.00534578,NONE,999.9,0,0
0.0553646,-75.7523,52.8788,-1.48681,0.59479,0.00898767,0.00534578,NONE,999.9,0,0
0.0600762,-75.7518,52.8724,-1.48657,0.687458,0.0146149,0.0100471,NONE,999.9,0,0
0.0633656,-75.7518,52.8724,-1.48657,0.687458,0.0146149,0.0100471,NONE,999.9,0,0
0.0685703,-75.7518,52.8724,-1.48657,0.687458,0.0146149,0.0100471,NONE,999.9,0,0
0.0713298,-75.7511,52.8651,-1.48638,0.77572,0.0329035,0.0255239,NONE,999.9,0,0
0.0778669,-75.7511,52.8651,-1.48638,0.77572,0.0329035,0.0255239,NONE,999.9,0,0
0.0807441,-75.7504,52.857,-1.486,0.859785,0.0309904,0.0266451,NONE,999.9,0,0
0.0837512,-75.7504,52.857,-1.486,0.859785,0.0309904,0.0266451,NONE,999.9,0,0
0.0877842,-75.7504,52.857,-1.486,0.859785,0.0309904,0.0266451,NONE,999.9,0,0
0.0917171,-75.7495,52.848,-1.48569,0.939852,0.0425363,0.0399778,NONE,999.9,0,0
0.0956879,-75.7495,52.848,-1.48569,0.939852,0.0425363,0.0399778,NONE,999.9,0,0
0.100501,-75.7486,52.8383,-1.48522,1.01611,0.0399261,0.0405694,NONE,999.9,0,0
0.103696,-75.7486,52.8383,-1.48522,1.01611,0.0399261,0.0405694,NONE,999.9,0,0
0.108823,-75.7486,52.8383,-1.48522,1.01611,0.0399261,0.0405694,NONE,999.9,0,0
0.111443,-75.7477,52.8278,-1.48483,1.08875,0.0494141,0.0537994,NONE,999.9,0,0
0.115444,-75.7477,52.8278,-1.48483,1.08875,0.0494141,0.0537994,NONE,999.9,0,0
0.120042,-75.7466,52.8166,-1.48429,1.15793,0.0469574,0.0543732,NONE,999.9,0,0
0.123318,-75.7466,52.8166,-1.48429,1.15793,0.0469574,0.0543732,NONE,999.9,0,0
0.127322,-75.7466,52.8166,-1.48429,1.15793,0.0469574,0.0543732,NONE,999.9,0,0
0.131334,-75.7455,52.8047,-1.48384,1.22382,0.0553479,0.0677358,NONE,999.9,0,0
0.13532,-75.7455,52.8047,-1.48384,1.22382,0.0553479,0.0677358,NONE,999.9,0,0
0.142399,-75.7443,52.7922,-1.48323,1.28658,0.0529874,0.0681723,NONE,999.9,0,0
0.143534,-75.7443,52.7922,-1.48323,1.28658,0.0529874,0.0681723,NONE,999.9,0,0
0.147981,-75.7443,52.7922,-1.48323,1.28658,0.0529874,0.0681723,NONE,999.9,0,0
0.151361,-75.7431,52.779,-1.48273,1.36534,0.0598028,0.0816512,NONE,999.9,0,0
0.155398,-75.7431,52.779,-1.48273,1.36534,0.0598028,0.0816512,NONE,999.9,0,0
0.160004,-75.7417,52.7651,-1.48207,1.44036,0.058507,0.0842713,NONE,999.9,0,0
0.164597,-75.7417,52.7651,-1.48207,1.44036,0.058507,0.0842713,NONE,999.9,0,0
0.167398,-75.7417,52.7651,-1.48207,1.44036,0.058507,0.0842713,NONE,999.9,0,0
0.172809,-75.7403,52.7504,-1.48152,1.51181,0.0653382,0.0987793,NONE,999.9,0,0
0.175384,-75.7403,52.7504,-1.48152,1.51181,0.0653382,0.0987793,NONE,999.9,0,0
0.180922,-75.7388,52.735,-1.48061,1.57987,0.123198,0.194636,NONE,999.9,0,0
0.18342,-75.7388,52.735,-1.48061,1.57987,0.123198,0.194636,NONE,999.9,0,0
0.187377,-75.7388,52.735,-1.48061,1.57987,0.123198,0.194636,NONE,999.9,0,0
0.191322,-75.7372,52.719,-1.47894,1.64469,0.213648,0.351385,NONE,999.9,0,0
0.195316,-75.7372,52.719,-1.47894,1.64469,0.213648,0.351385,NONE,999.9,0,0
0.19991,-75.7353,52.7023,-1.47646,1.70643,0.265596,0.453219,NONE,999.9,0,0
0.204832,-75.7353,52.7023,-1.47646,1.70643,0.265596,0.453219,NONE,999.9,0,0
0.207465,-75.7353,52.7023,-1.47646,1.70643,0.265596,0.453219,NONE,999.9,0,0
0.211447,-75.7333,52.6851,-1.47365,1.76523,0.308381,0.544363,NONE,999.9,0,0
0.215293,-75.7333,52.6851,-1.47365,1.76523,0.308381,0.544363,NONE,999.9,0,0
0.219979,-75.7312,52.6673,-1.47036,1.82123,0.334185,0.608628,NONE,999.9,0,0
0.223357,-75.7312,52.6673,-1.47036,1.82123,0.334185,0.608628,NONE,999.9,0,0
0.227329,-75.7312,52.6673,-1.47036,1.82123,0.334185,0.608628,NONE,999.9,0,0
0.231291,-75.7288,52.6489,-1.46694,1.87458,0.361131,0.676967,NONE,999.9,0,0
0.237873,-75.7288,52.6489,-1.46694,1.87458,0.361131,0.676967,NONE,999.9,0,0
0.240386,-75.7264,52.6301,-1.46318,1.92538,0.376882,0.725642,NONE,999.9,0,0
0.243846,-75.7264,52.6301,-1.46318,1.92538,0.376882,0.725642,NONE,999.9,0,0
0.247328,-75.7264,52.6301,-1.46318,1.92538,0.376882,0.725642,NONE,999.9,0,0
0.251322,-75.7238,52.6108,-1.45938,1.97377,0.396838,0.783268,NONE,999.9,0,0
0.255305,-75.7238,52.6108,-1.45938,1.97377,0.396838,0.783268,NONE,999.9,0,0
0.260072,-75.721,52.591,-1.45528,2.01986,0.407707,0.823511,NONE,999.9,0,0
0.263301,-75.721,52.591,-1.45528,2.01986,0.407707,0.823511,NONE,999.9,0,0
0.268706,-75.721,52.591,-1.45528,2.01986,0.407707,0.823511,NONE,999.9,0,0
0.271509,-75.7182,52.5708,-1.45119,2.06376,0.423934,0.874898,NONE,999.9,0,0
0.275406,-75.7182,52.5708,-1.45119,2.06376,0.423934,0.874898,NONE,999.9,0,0
0.280158,-75.7151,52.5502,-1.44684,2.10557,0.432044,0.909699,NONE,999.9,0,0
0.283336,-75.7151,52.5502,-1.44684,2.10557,0.432044,0.909699,NONE,999.9,0,0
0.287318,-75.7151,52.5502,-1.44684,2.10557,0.432044,0.909699,NONE,999.9,0,0
0.291301,-75.712,52.5291,-1.44252,2.14539,0.446021,0.95689,NONE,999.9,0,0
0.29532,-75.712,52.5291,-1.44252,2.14539,0.446021,0.95689,NONE,999.9,0,0
0.302581,-75.7086,52.5078,-1.43796,2.18332,0.4524,0.987733,NONE,999.9,0,0
0.303642,-75.7086,52.5078,-1.43796,2.18332,0.4524,0.987733,NONE,999.9,0,0
0.307488,-75.7086,52.5078,-1.43796,2.18332,0.4524,0.987733,NONE,999.9,0,0
0.311323,-75.7052,52.4859,-1.43347,2.23562,0.458271,1.02452,NONE,999.9,0,0
0.31536,-75.7052,52.4859,-1.43347,2.23562,0.458271,1.02452,NONE,999.9,0,0
0.319966,-75.7015,52.4636,-1.42881,2.28543,0.461451,1.05462,NONE,999.9,0,0
0.323406,-75.7015,52.4636,-1.42881,2.28543,0.461451,1.05462,NONE,999.9,0,0
0.327356,-75.7015,52.4636,-1.42881,2.28543,0.461451,1.05462,NONE,999.9,0,0
0.333136,-75.6977,52.4408,-1.42421,2.33288,0.472219,1.10163,NONE,999.9,0,0
0.335682,-75.6977,52.4408,-1.42421,2.33288,0.472219,1.10163,NONE,999.9,0,0
0.340923,-75.6937,52.4176,-1.41939,2.37806,0.477819,1.13628,NONE,999.9,0,0
0.343342,-75.6937,52.4176,-1.41939,2.37806,0.477819,1.13628,NONE,999.9,0,0
0.34736,-75.6937,52.4176,-1.41939,2.37806,0.477819,1.13628,NONE,999.9,0,0
0.35132,-75.6895,52.394,-1.41462,2.4211,0.489571,1.1853,NONE,999.9,0,0
0.355549,-75.6895,52.394,-1.41462,2.4211,0.489571,1.1853,NONE,999.9,0,0
0.360014,-75.6852,52.37,-1.40962,2.4621,0.49544,1.21982,NONE,999.9,0,0
0.364585,-75.6852,52.37,-1.40962,2.4621,0.49544,1.21982,NONE,999.9,0,0
0.367401,-75.6852,52.37,-1.40962,2.4621,0.49544,1.21982,NONE,999.9,0,0
0.37138,-75.6807,52.3456,-1.40468,2.50114,0.507011,1.2681,NONE,999.9,0,0
0.375429,-75.6807,52.3456,-1.40468,2.50114,0.507011,1.2681,NONE,999.9,0,0
0.380026,-75.676,52.3208,-1.39951,2.53833,0.512517,1.30094,NONE,999.9,0,0
0.383307,-75.676,52.3208,-1.39951,2.53833,0.512517,1.30094,NONE,999.9,0,0
0.387341,-75.676,52.3208,-1.39951,2.53833,0.512517,1.30094,NONE,999.9,0,0
0.391337,-75.6711,52.2957,-1.3944,2.57374,0.523586,1.34758,NONE,999.9,0,0
0.398249,-75.6711,52.2957,-1.3944,2.57374,0.523586,1.34758,NONE,999.9,0,0
0.400775,-75.666,52.2703,-1.38906,2.60748,0.528573,1.37824,NONE,999.9,0,0
0.403419,-75.666,52.2703,-1.38906,2.60748,0.528573,1.37824,NONE,999.9,0,0
0.407364,-75.666,52.2703,-1.38906,2.60748,0.528573,1.37824,NONE,999.9,0,0
0.411292,-75.6608,52.2446,-1.3838,2.63961,0.539084,1.42297,NONE,999.9,0,0
0.415332,-75.6608,52.2446,-1.3838,2.63961,0.539084,1.42297,NONE,999.9,0,0
0.420065,-75.6554,52.2186,-1.37831,2.67021,0.543541,1.45137,NONE,999.9,0,0
0.423386,-75.6554,52.2186,-1.37831,2.67021,0.543541,1.45137,NONE,999.9,0,0
0.429723,-75.6554,52.2186,-1.37831,2.67021,0.543541,1.45137,NONE,999.9,0,0
0.43245,-75.6498,52.1924,-1.3729,2.69936,0.553514,1.49413,NONE,999.9,0,0
0.436605,-75.6498,52.1924,-1.3729,2.69936,0.553514,1.49413,NONE,999.9,0,0
0.44003,-75.644,52.1659,-1.36727,2.72712,0.557469,1.52029,NONE,999.9,0,0
0.443356,-75.644,52.1659,-1.36727,2.72712,0.557469,1.52029,NONE,999.9,0,0
0.447312,-75.644,52.1659,-1.36727,2.72712,0.557469,1.52029,NONE,999.9,0,0
0.451642,-75.638,52.1391,-1.36172,2.75356,0.566944,1.56112,NONE,999.9,0,0
0.455319,-75.638,52.1391,-1.36172,2.75356,0.566944,1.56112,NONE,999.9,0,0
0.462573,-75.6318,52.1122,-1.35595,2.77875,0.570435,1.5851,NONE,999.9,0,0
0.463878,-75.6318,52.1122,-1.35595,2.77875,0.570435,1.5851,NONE,999.9,0,0
0.467406,-75.6318,52.1122,-1.35595,2.77875,0.570435,1.5851,NONE,999.9,0,0
0.471391,-75.6254,52.085,-1.35028,2.80273,0.57945,1.62405,NONE,999.9,0,0
0.475322,-75.6254,52.085,-1.35028,2.80273,0.57945,1.62405,NONE,999.9,0,0
0.479913,-75.6188,52.0576,-1.34445,2.83853,0.573781,1.62869,NONE,999.9,0,0
0.48331,-75.6188,52.0576,-1.34445,2.83853,0.573781,1.62869,NONE,999.9,0,0
0.48729,-75.6188,52.0576,-1.34445,2.83853,0.573781,1.62869,NONE,999.9,0,0
0.493938,-75.612,52.0298,-1.33876,2.87263,0.577248,1.65822,NONE,999.9,0,0
0.495757,-75.612,52.0298,-1.33876,2.87263,0.577248,1.65822,NONE,999.9,0,0
0.500078,-75.6049,52.0018,-1.33292,2.9051,0.577924,1.67893,NONE,999.9,0,0
0.503428,-75.6049,52.0018,-1.33292,2.9051,0.577924,1.67893,NONE,999.9,0,0
0.507344,-75.6049,52.0018,-1.33292,2.9051,0.577924,1.67893,NONE,999.9,0,0
0.511313,-75.5977,51.9735,-1.32717,2.93603,0.585339,1.71857,NONE,999.9,0,0
0.515311,-75.5977,51.9735,-1.32717,2.93603,0.585339,1.71857,NONE,999.9,0,0
0.519865,-75.5902,51.945,-1.32123,2.96549,0.588405,1.74491,NONE,999.9,0,0
0.525468,-75.5902,51.945,-1.32123,2.96549,0.588405,1.74491,NONE,999.9,0,0
0.527583,-75.5902,51.945,-1.32123,2.96549,0.588405,1.74491,NONE,999.9,0,0
0.531477,-75.5824,51.9162,-1.31537,2.99354,0.597184,1.7877,NONE,999.9,0,0
0.535341,-75.5824,51.9162,-1.31537,2.99354,0.597184,1.7877,NONE,999.9,0,0
0.53992,-75.5745,51.8872,-1.30931,3.02027,0.600954,1.81504,NONE,999.9,0,0
0.543312,-75.5745,51.8872,-1.30931,3.02027,0.600954,1.81504,NONE,999.9,0,0
0.547372,-75.5745,51.8872,-1.30931,3.02027,0.600954,1.81504,NONE,999.9,0,0
0.551333,-75.5663,51.858,-1.30333,3.04572,0.610005,1.85791,NONE,999.9,0,0
0.5569,-75.5663,51.858,-1.30333,3.04572,0.610005,1.85791,NONE,999.9,0,0
0.560064,-75.5579,51.8286,-1.29713,3.06996,0.613778,1.88428,NONE,999.9,0,0
0.564306,-75.5579,51.8286,-1.29713,3.06996,0.613778,1.88428,NONE,999.9,0,0
0.567338,-75.5579,51.8286,-1.29713,3.06996,0.613778,1.88428,NONE,999.9,0,0
0.571338,-75.5493,51.799,-1.29102,3.09305,0.622657,1.92591,NONE,999.9,0,0
0.575345,-75.5493,51.799,-1.29102,3.09305,0.622657,1.92591,NONE,999.9,0,0
0.580543,-75.5404,51.7693,-1.2847,3.11505,0.626154,1.9505,NONE,999.9,0,0
0.58331,-75.5404,51.7693,-1.2847,3.11505,0.626154,1.9505,NONE,999.9,0,0
0.590283,-75.5404,51.7693,-1.2847,3.11505,0.626154,1.9505,NONE,999.9,0,0
0.591897,-75.5313,51.7394,-1.27847,3.13599,0.634696,1.9904,NONE,999.9,0,0
0.595414,-75.5313,51.7394,-1.27847,3.13599,0.634696,1.9904,NONE,999.9,0,0
0.600077,-75.522,51.7094,-1.27203,3.15594,0.637825,2.01294,NONE,999.9,0,0
0.603328,-75.522,51.7094,-1.27203,3.15594,0.637825,2.01294,NONE,999.9,0,0
0.607332,-75.522,51.7094,-1.27203,3.15594,0.637825,2.01294,NONE,999.9,0,0
0.611336,-75.5124,51.6791,-1.26573,3.18454,0.637205,2.0292,NONE,999.9,0,0
0.615323,-75.5124,51.6791,-1.26573,3.18454,0.637205,2.0292,NONE,999.9,0,0
0.622544,-75.5025,51.6487,-1.2593,3.21177,0.634982,2.03942,NONE,999.9,0,0
0.623528,-75.5025,51.6487,-1.2593,3.21177,0.634982,2.03942,NONE,999.9,0,0
0.627429,-75.5025,51.6487,-1.2593,3.21177,0.634982,2.03942,NONE,999.9,0,0
0.631303,-75.4926,51.6185,-1.25259,3.14917,0.724102,2.28032,NONE,999.9,0,0
0.635442,-75.4926,51.6185,-1.25259,3.14917,0.724102,2.28032,NONE,999.9,0,0
0.639836,-75.4826,51.5889,-1.24502,3.09848,0.765746,2.37265,NONE,999.9,0,0
0.643398,-75.4826,51.5889,-1.24502,3.09848,0.765746,2.37265,NONE,999.9,0,0
0.647301,-75.4826,51.5889,-1.24502,3.09848,0.765746,2.37265,NONE,999.9,0,0
0.654452,-75.4726,51.5598,-1.2377,3.05743,0.682931,2.08801,NONE,999.9,0,0
0.655693,-75.4726,51.5598,-1.2377,3.05743,0.682931,2.08801,NONE,999.9,0,0
0.660381,-75.4626,51.5311,-1.23127,3.02418,0.624891,1.88979,NONE,999.9,0,0
0.663362,-75.4626,51.5311,-1.23127,3.02418,0.624891,1.88979,NONE,999.9,0,0
0.667384,-75.4626,51.5311,-1.23127,3.02418,0.624891,1.88979,NONE,999.9,0,0
0.671381,-75.4526,51.5027,-1.2252,2.99726,0.572302,1.71534,NONE,999.9,0,0
0.675371,-75.4526,51.5027,-1.2252,2.99726,0.572302,1.71534,NONE,999.9,0,0
0.680091,-75.4425,51.4746,-1.21976,2.97546,0.536756,1.5971,NONE,999.9,0,0
0.685814,-75.4425,51.4746,-1.21976,2.97546,0.536756,1.5971,NONE,999.9,0,0
0.687378,-75.4425,51.4746,-1.21976,2.97546,0.536756,1.5971,NONE,999.9,0,0
0.691452,-75.4324,51.4467,-1.21449,2.95781,0.502048,1.48496,NONE,999.9,0,0
0.695445,-75.4324,51.4467,-1.21449,2.95781,0.502048,1.48496,NONE,999.9,0,0
0.700015,-75.4222,51.419,-1.20967,2.94351,0.480607,1.41467,NONE,999.9,0,0
0.703364,-75.4222,51.419,-1.20967,2.94351,0.480607,1.41467,NONE,999.9,0,0
0.707365,-75.4222,51.419,-1.20967,2.94351,0.480607,1.41467,NONE,999.9,0,0
0.71136,-75.4118,51.3915,-1.2049,2.93194,0.457485,1.34132,NONE,999.9,0,0
0.718032,-75.4118,51.3915,-1.2049,2.93194,0.457485,1.34132,NONE,999.9,0,0
0.720102,-75.4014,51.3641,-1.20048,2.92256,0.445295,1.3014,NONE,999.9,0,0
0.723485,-75.4014,51.3641,-1.20048,2.92256,0.445295,1.3014,NONE,999.9,0,0
0.727399,-75.4014,51.3641,-1.20048,2.92256,0.445295,1.3014,NONE,999.9,0,0
0.731376,-75.3908,51.3369,-1.19602,2.91497,0.429764,1.25275,NONE,999.9,0,0
0.73537,-75.3908,51.3369,-1.19602,2.91497,0.429764,1.25275,NONE,999.9,0,0
0.739965,-75.3802,51.3098,-1.19184,2.90882,0.423585,1.23213,NONE,999.9,0,0
0.743358,-75.3802,51.3098,-1.19184,2.90882,0.423585,1.23213,NONE,999.9,0,0
0.750051,-75.3802,51.3098,-1.19184,2.90882,0.423585,1.23213,NONE,999.9,0,0
0.751804,-75.3694,51.2828,-1.18757,2.90385,0.412925,1.19907,NONE,999.9,0,0
0.756273,-75.3694,51.2828,-1.18757,2.90385,0.412925,1.19907,NONE,999.9,0,0
0.759983,-75.3586,51.2559,-1.18354,2.89981,0.410547,1.19051,NONE,999.9,0,0
0.763387,-75.3586,51.2559,-1.18354,2.89981,0.410547,1.19051,NONE,999.9,0,0
0.767379,-75.3586,51.2559,-1.18354,2.89981,0.410547,1.19051,NONE,999.9,0,0
0.772515,-75.3476,51.2291,-1.17939,2.89655,0.402928,1.1671,NONE,999.9,0,0
0.775386,-75.3476,51.2291,-1.17939,2.89655,0.402928,1.1671,NONE,999.9,0,0
0.782678,-75.3365,51.2024,-1.17545,2.8939,0.402887,1.16592,NONE,999.9,0,0
0.783653,-75.3365,51.2024,-1.17545,2.8939,0.402887,1.16592,NONE,999.9,0,0
0.787347,-75.3365,51.2024,-1.17545,2.8939,0.402887,1.16592,NONE,999.9,0,0
0.791349,-75.3253,51.1757,-1.17137,2.89176,0.397115,1.14836,NONE,999.9,0,0
0.795312,-75.3253,51.1757,-1.17137,2.89176,0.397115,1.14836,NONE,999.9,0,0
0.799845,-75.314,51.1491,-1.16747,2.89003,0.398475,1.15161,NONE,999.9,0,0
0.803295,-75.314,51.1491,-1.16747,2.89003,0.398475,1.15161,NONE,999.9,0,0
0.807292,-75.314,51.1491,-1.16747,2.89003,0.398475,1.15161,NONE,999.9,0,0
0.813263,-75.3025,51.1226,-1.16343,2.88863,0.393801,1.13754,NONE,999.9,0,0
0.81566,-75.3025,51.1226,-1.16343,2.88863,0.393801,1.13754,NONE,999.9,0,0
0.820203,-75.291,51.0961,-1.15956,2.88749,0.395984,1.1434,NONE,999.9,0,0
0.823315,-75.291,51.0961,-1.15956,2.88749,0.395984,1.1434,NONE,999.9,0,0
0.827312,-75.291,51.0961,-1.15956,2.88749,0.395984,1.1434,NONE,999.9,0,0
0.831337,-75.2794,51.0697,-1.15554,2.88657,0.391949,1.13139,NONE,999.9,0,0
0.835423,-75.2794,51.0697,-1.15554,2.88657,0.391949,1.13139,NONE,999.9,0,0
0.839875,-75.2676,51.0433,-1.15169,2.88582,0.394605,1.13876,NONE,999.9,0,0
0.84437,-75.2676,51.0433,-1.15169,2.88582,0.394605,1.13876,NONE,999.9,0,0
0.847672,-75.2676,51.0433,-1.15169,2.88582,0.394605,1.13876,NONE,999.9,0,0
0.852566,-75.2558,51.0169,-1.14771,2.89278,0.386803,1.11894,NONE,999.9,0,0
0.855359,-75.2558,51.0169,-1.14771,2.89278,0.386803,1.11894,NONE,999.9,0,0
0.859986,-75.2438,50.9906,-1.14407,2.89941,0.343563,0.996131,NONE,999.9,0,0
0.863359,-75.2438,50.9906,-1.14407,2.89941,0.343563,0.996131,NONE,999.9,0,0
0.868624,-75.2438,50.9906,-1.14407,2.89941,0.343563,0.996131,NONE,999.9,0,0
0.871359,-75.2317,50.9642,-1.14064,2.90573,0.358221,1.04089,NONE,999.9,0,0
0.877299,-75.2317,50.9642,-1.14064,2.90573,0.358221,1.04089,NONE,999.9,0,0
0.880069,-75.2195,50.9378,-1.13694,2.91174,0.36366,1.05888,NONE,999.9,0,0
0.884383,-75.2195,50.9378,-1.13694,2.91174,0.36366,1.05888,NONE,999.9,0,0
0.887443,-75.2195,50.9378,-1.13694,2.91174,0.36366,1.05888,NONE,999.9,0,0
0.891357,-75.2071,50.9114,-1.13334,2.91747,0.373107,1.08853,NONE,999.9,0,0
0.895337,-75.2071,50.9114,-1.13334,2.91747,0.373107,1.08853,NONE,999.9,0,0
0.899889,-75.1946,50.885,-1.12952,2.92292,0.374838,1.09562,NONE,999.9,0,0
0.903373,-75.1946,50.885,-1.12952,2.92292,0.374838,1.09562,NONE,999.9,0,0
0.909041,-75.1946,50.885,-1.12952,2.92292,0.374838,1.09562,NONE,999.9,0,0
0.911603,-75.182,50.8586,-1.12582,2.92812,0.381631,1.11746,NONE,999.9,0,0
0.915524,-75.182,50.8586,-1.12582,2.92812,0.381631,1.11746,NONE,999.9,0,0
0.919956,-75.1692,50.8322,-1.12192,2.93307,0.381457,1.11884,NONE,999.9,0,0
0.923382,-75.1692,50.8322,-1.12192,2.93307,0.381457,1.11884,NONE,999.9,0,0
0.927389,-75.1692,50.8322,-1.12192,2.93307,0.381457,1.11884,NONE,999.9,0,0
0.931379,-75.1564,50.8059,-1.11816,2.93778,0.386869,1.13654,NONE,999.9,0,0
0.935376,-75.1564,50.8059,-1.11816,2.93778,0.386869,1.13654,NONE,999.9,0,0
0.942048,-75.1434,50.7795,-1.11421,2.94227,0.385692,1.13481,NONE,999.9,0,0
0.943281,-75.1434,50.7795,-1.11421,2.94227,0.385692,1.13481,NONE,999.9,0,0
0.948785,-75.1434,50.7795,-1.11421,2.94227,0.385692,1.13481,NONE,999.9,0,0
0.951355,-75.1303,50.7531,-1.11057,2.94655,0.346079,1.01974,NONE,999.9,0,0
0.955369,-75.1303,50.7531,-1.11057,2.94655,0.346079,1.01974,NONE,999.9,0,0
0.959869,-75.1171,50.7266,-1.10743,2.9717,0.270631,0.804234,NONE,999.9,0,0
0.964865,-75.1171,50.7266,-1.10743,2.9717,0.270631,0.804234,NONE,999.9,0,0
0.967399,-75.1171,50.7266,-1.10743,2.9717,0.270631,0.804234,NONE,999.9,0,0
0.97336,-75.1037,50.7,-1.10505,2.99566,0.22381,0.670459,NONE,999.9,0,0
0.975477,-75.1037,50.7,-1.10505,2.99566,0.22381,0.670459,NONE,999.9,0,0
0.98055,-75.0902,50.6731,-1.10265,3.01848,0.269347,0.813018,NONE,999.9,0,0
0.983383,-75.0902,50.6731,-1.10265,3.01848,0.269347,0.813018,NONE,999.9,0,0
0.987367,-75.0902,50.6731,-1.10265,3.01848,0.269347,0.813018,NONE,999.9,0,0
0.991366,-75.0764,50.6461,-1.09945,3.04022,0.380502,1.15681,NONE,999.9,0,0
0.995333,-75.0764,50.6461,-1.09945,3.04022,0.380502,1.15681,NONE,999.9,0,0
0.999867,-75.0623,50.6191,-1.09488,3.06092,0.538545,1.64844,NONE,999.9,0,0
1.00517,-75.0623,50.6191,-1.09488,3.06092,0.538545,1.64844,NONE,999.9,0,0
1.00744,-75.0623,50.6191,-1.09488,3.06092,0.538545,1.64844,NONE,999.9,0,0
1.01145,-75.0479,50.5919,-1.08884,3.08064,0.647293,1.99407,NONE,999.9,0,0
1.01532,-75.0479,50.5919,-1.08884,3.08064,0.647293,1.99407,NONE,999.9,0,0
1.01987,-75.0332,50.5647,-1.08201,3.09941,0.730234,2.2633,NONE,999.9,0,0
1.02331,-75.0332,50.5647,-1.08201,3.09941,0.730234,2.2633,NONE,999.9,0,0
1.02821,-75.0332,50.5647,-1.08201,3.09941,0.730234,2.2633,NONE,999.9,0,0
1.03135,-75.0182,50.5375,-1.07434,3.1173,0.78571,2.44929,NONE,999.9,0,0
1.03693,-75.0182,50.5375,-1.07434,3.1173,0.78571,2.44929,NONE,999.9,0,0
1.04044,-75.003,50.5102,-1.06632,3.13434,0.830857,2.60419,NONE,999.9,0,0
1.04423,-75.003,50.5102,-1.06632,3.13434,0.830857,2.60419,NONE,999.9,0,0
1.04736,-75.003,50.5102,-1.06632,3.13434,0.830857,2.60419,NONE,999.9,0,0
1.05129,-74.9874,50.4829,-1.05764,3.15056,0.901819,2.84124,NONE,999.9,0,0
1.05534,-74.9874,50.4829,-1.05764,3.15056,0.901819,2.84124,NONE,999.9,0,0
1.06002,-74.9715,50.4557,-1.0482,3.16602,0.996028,3.15344,NONE,999.9,0,0
1.06333,-74.9715,50.4557,-1.0482,3.16602,0.996028,3.15344,NONE,999.9,0,0
1.06878,-74.9715,50.4557,-1.0482,3.16602,0.996028,3.15344,NONE,999.9,0,0
1.0714,-74.9552,50.4284,-1.03782,3.18074,1.05985,3.3711,NONE,999.9,0,0
1.07543,-74.9552,50.4284,-1.03782,3.18074,1.05985,3.3711,NONE,999.9,0,0
1.08005,-74.9386,50.4012,-1.02703,3.19476,1.11115,3.54986,NONE,999.9,0,0
1.08334,-74.9386,50.4012,-1.02703,3.19476,1.11115,3.54986,NONE,999.9,0,0
1.08734,-74.9386,50.4012,-1.02703,3.19476,1.11115,3.54986,NONE,999.9,0,0
1.09136,-74.9216,50.3741,-1.01566,3.20811,1.14437,3.67125,NONE,999.9,0,0
1.09534,-74.9216,50.3741,-1.01566,3.20811,1.14437,3.67125,NONE,999.9,0,0
1.10212,-74.9043,50.347,-1.00415,3.22083,1.17385,3.78078,NONE,999.9,0,0
1.10327,-74.9043,50.347,-1.00415,3.22083,1.17385,3.78078,NONE,999.9,0,0
1.10731,-74.9043,50.347,-1.00415,3.22083,1.17385,3.78078,NONE,999.9,0,0
1.11147,-74.8866,50.32,-0.992233,3.23294,1.19153,3.85214,NONE,999.9,0,0
1.11532,-74.8866,50.32,-0.992233,3.23294,1.19153,3.85214,NONE,999.9,0,0
1.11988,-74.8685,50.2931,-0.980302,3.24448,1.20995,3.92566,NONE,999.9,0,0
1.12339,-74.8685,50.2931,-0.980302,3.24448,1.20995,3.92566,NONE,999.9,0,0
1.12739,-74.8685,50.2931,-0.980302,3.24448,1.20995,3.92566,NONE,999.9,0,0
1.13339,-74.8501,50.2663,-0.968117,3.26041,1.2112,3.94902,NONE,999.9,0,0
1.13537,-74.8501,50.2663,-0.968117,3.26041,1.2112,3.94902,NONE,999.9,0,0
1.14009,-74.8313,50.2396,-0.956047,3.27558,1.21868,3.99189,NONE,999.9,0,0
1.14335,-74.8313,50.2396,-0.956047,3.27558,1.21868,3.99189,NONE,999.9,0,0
1.14736,-74.8313,50.2396,-0.956047,3.27558,1.21868,3.99189,NONE,999.9,0,0
1.15132,-74.8121,50.213,-0.943764,3.29003,1.22167,4.01932,NONE,999.9,0,0
1.15535,-74.8121,50.213,-0.943764,3.29003,1.22167,4.01932,NONE,999.9,0,0
1.15988,-74.7926,50.1864,-0.931876,3.30379,1.1443,3.78053,NONE,999.9,0,0
1.16614,-74.7926,50.1864,-0.931876,3.30379,1.1443,3.78053,NONE,999.9,0,0
1.16737,-74.7926,50.1864,-0.931876,3.30379,1.1443,3.78053,NONE,999.9,0,0
1.17193,-74.7728,50.1599,-0.92107,3.3169,1.00845,3.34492,NONE,999.9,0,0
1.17533,-74.7728,50.1599,-0.92107,3.3169,1.00845,3.34492,NONE,999.9,0,0
1.17997,-74.7527,50.1334,-0.911552,3.32939,0.916479,3.05131,NONE,999.9,0,0
1.18336,-74.7527,50.1334,-0.911552,3.32939,0.916479,3.05131,NONE,999.9,0,0
1.18736,-74.7527,50.1334,-0.911552,3.32939,0.916479,3.05131,NONE,999.9,0,0
1.19138,-74.7323,50.107,-0.902672,3.34128,0.84737,2.8313,NONE,999.9,0,0
1.19799,-74.7323,50.107,-0.902672,3.34128,0.84737,2.8313,NONE,999.9,0,0
1.20002,-74.7116,50.0807,-0.894511,3.3526,0.803695,2.69447,NONE,999.9,0,0
1.20426,-74.7116,50.0807,-0.894511,3.3526,0.803695,2.69447,NONE,999.9,0,0
1.20743,-74.7116,50.0807,-0.894511,3.3526,0.803695,2.69447,NONE,999.9,0,0
1.2114,-74.6907,50.0544,-0.886574,3.36339,0.769413,2.58784,NONE,999.9,0,0
1.21539,-74.6907,50.0544,-0.886574,3.36339,0.769413,2.58784,NONE,999.9,0,0
1.21992,-74.6695,50.0282,-0.879061,3.37367,0.750756,2.5328,NONE,999.9,0,0
1.22336,-74.6695,50.0282,-0.879061,3.37367,0.750756,2.5328,NONE,999.9,0,0
1.22985,-74.6695,50.0282,-0.879061,3.37367,0.750756,2.5328,NONE,999.9,0,0
1.23178,-74.6481,50.0021,-0.871559,3.38345,0.734361,2.48468,NONE,999.9,0,0
1.23544,-74.6481,50.0021,-0.871559,3.38345,0.734361,2.48468,NONE,999.9,0,0
1.23993,-74.6264,49.9761,-0.864329,3.39277,0.728419,2.47136,NONE,999.9,0,0
1.24332,-74.6264,49.9761,-0.864329,3.39277,0.728419,2.47136,NONE,999.9,0,0
1.24731,-74.6264,49.9761,-0.864329,3.39277,0.728419,2.47136,NONE,999.9,0,0
1.25134,-74.6044,49.9502,-0.857003,3.40165,0.720994,2.45257,NONE,999.9,0,0
1.2553,-74.6044,49.9502,-0.857003,3.40165,0.720994,2.45257,NONE,999.9,0,0
1.26246,-74.5822,49.9244,-0.849874,3.41011,0.721324,2.45979,NONE,999.9,0,0
1.26339,-74.5822,49.9244,-0.849874,3.41011,0.721324,2.45979,NONE,999.9,0,0
1.26755,-74.5822,49.9244,-0.849874,3.41011,0.721324,2.45979,NONE,999.9,0,0
1.27131,-74.5598,49.8986,-0.842595,3.41816,0.71823,2.45502,NONE,999.9,0,0
1.27532,-74.5598,49.8986,-0.842595,3.41816,0.71823,2.45502,NONE,999.9,0,0
1.27982,-74.5371,49.873,-0.835452,3.42161,0.726804,2.48684,NONE,999.9,0,0
1.28445,-74.5371,49.873,-0.835452,3.42161,0.726804,2.48684,NONE,999.9,0,0
1.28733,-74.5371,49.873,-0.835452,3.42161,0.726804,2.48684,NONE,999.9,0,0
1.2939,-74.5142,49.8476,-0.828089,3.42489,0.728824,2.49614,NONE,999.9,0,0
1.29534,-74.5142,49.8476,-0.828089,3.42489,0.728824,2.49614,NONE,999.9,0,0
1.30104,-74.4911,49.8223,-0.821159,3.42801,0.644804,2.2104,NONE,999.9,0,0
1.30338,-74.4911,49.8223,-0.821159,3.42801,0.644804,2.2104,NONE,999.9,0,0
1.30733,-74.4911,49.8223,-0.821159,3.42801,0.644804,2.2104,NONE,999.9,0,0
1.3113,-74.4679,49.797,-0.8154,3.43099,0.498221,1.70939,NONE,999.9,0,0
1.31534,-74.4679,49.797,-0.8154,3.43099,0.498221,1.70939,NONE,999.9,0,0
1.31984,-74.4447,49.7718,-0.811037,3.43383,0.396831,1.36265,NONE,999.9,0,0
1.32574,-74.4447,49.7718,-0.811037,3.43383,0.396831,1.36265,NONE,999.9,0,0
1.32744,-74.4447,49.7718,-0.811037,3.43383,0.396831,1.36265,NONE,999.9,0,0
1.33144,-74.4213,49.7466,-0.807393,3.43653,0.319273,1.09719,NONE,999.9,0,0
1.33543,-74.4213,49.7466,-0.807393,3.43653,0.319273,1.09719,NONE,999.9,0,0
1.33992,-74.3978,49.7215,-0.804554,3.4391,0.268305,0.92273,NONE,999.9,0,0
1.34337,-74.3978,49.7215,-0.804554,3.4391,0.268305,0.92273,NONE,999.9,0,0
1.34745,-74.3978,49.7215,-0.804554,3.4391,0.268305,0.92273,NONE,999.9,0,0
1.35133,-74.3742,49.6965,-0.802002,3.44155,0.227485,0.782903,NONE,999.9,0,0
1.35796,-74.3742,49.6965,-0.802002,3.44155,0.227485,0.782903,NONE,999.9,0,0
1.36,-74.3505,49.6715,-0.799941,3.44389,0.203206,0.69982,NONE,999.9,0,0
1.36407,-74.3505,49.6715,-0.799941,3.44389,0.203206,0.69982,NONE,999.9,0,0
1.36737,-74.3505,49.6715,-0.799941,3.44389,0.203206,0.69982,NONE,999.9,0,0
1.37134,-74.3267,49.6465,-0.797938,3.44611,0.181706,0.626179,NONE,999.9,0,0
1.37535,-74.3267,49.6465,-0.797938,3.44611,0.181706,0.626179,NONE,999.9,0,0
1.3813,-74.3029,49.6217,-0.796261,3.44823,0.171355,0.590872,NONE,999.9,0,0
1.38334,-74.3029,49.6217,-0.796261,3.44823,0.171355,0.590872,NONE,999.9,0,0
1.39015,-74.3029,49.6217,-0.796261,3.44823,0.171355,0.590872,NONE,999.9,0,0
1.39185,-74.2789,49.5968,-0.794539,3.45591,0.157423,0.544039,NONE,999.9,0,0
1.39539,-74.2789,49.5968,-0.794539,3.45591,0.157423,0.544039,NONE,999.9,0,0
1.39999,-74.2549,49.5719,-0.793073,3.46322,0.15263,0.528592,NONE,999.9,0,0
1.40333,-74.2549,49.5719,-0.793073,3.46322,0.15263,0.528592,NONE,999.9,0,0
1.40733,-74.2549,49.5719,-0.793073,3.46322,0.15263,0.528592,NONE,999.9,0,0
1.41131,-74.2307,49.5471,-0.791502,3.47019,0.145497,0.504901,NONE,999.9,0,0
1.41532,-74.2307,49.5471,-0.791502,3.47019,0.145497,0.504901,NONE,999.9,0,0
1.42185,-74.2064,49.5223,-0.790131,3.47683,0.145437,0.505659,NONE,999.9,0,0
1.42334,-74.2064,49.5223,-0.790131,3.47683,0.145437,0.505659,NONE,999.9,0,0
1.4275,-74.2064,49.5223,-0.790131,3.47683,0.145437,0.505659,NONE,999.9,0,0
1.43135,-74.182,49.4974,-0.788614,3.48315,0.141555,0.493058,NONE,999.9,0,0
1.43535,-74.182,49.4974,-0.788614,3.48315,0.141555,0.493058,NONE,999.9,0,0
1.43985,-74.1576,49.4726,-0.787271,3.48917,0.143693,0.501367,NONE,999.9,0,0
1.44341,-74.1576,49.4726,-0.787271,3.48917,0.143693,0.501367,NONE,999.9,0,0
1.44741,-74.1576,49.4726,-0.787271,3.48917,0.143693,0.501367,NONE,999.9,0,0
1.45295,-74.133,49.4478,-0.785764,3.4949,0.14126,0.493691,NONE,999.9,0,0
1.45553,-74.133,49.4478,-0.785764,3.4949,0.14126,0.493691,NONE,999.9,0,0
1.4603,-74.1084,49.4229,-0.784419,3.50036,0.144324,0.505185,NONE,999.9,0,0
1.46337,-74.1084,49.4229,-0.784419,3.50036,0.144324,0.505185,NONE,999.9,0,0
1.46735,-74.1084,49.4229,-0.784419,3.50036,0.144324,0.505185,NONE,999.9,0,0
1.47134,-74.0836,49.3981,-0.782902,3.50556,0.142453,0.499379,NONE,999.9,0,0
1.47688,-74.0836,49.3981,-0.782902,3.50556,0.142453,0.499379,NONE,999.9,0,0
1.47994,-74.0588,49.3733,-0.781544,3.51051,0.14583,0.511939,NONE,999.9,0,0
1.48523,-74.0588,49.3733,-0.781544,3.51051,0.14583,0.511939,NONE,999.9,0,0
1.48748,-74.0588,49.3733,-0.781544,3.51051,0.14583,0.511939,NONE,999.9,0,0
1.49141,-74.034,49.3485,-0.780011,3.51523,0.144106,0.506565,NONE,999.9,0,0
1.49545,-74.034,49.3485,-0.780011,3.51523,0.144106,0.506565,NONE,999.9,0,0
1.50003,-74.009,49.3237,-0.778636,3.51973,0.147519,0.519225,NONE,999.9,0,0
1.50331,-74.009,49.3237,-0.778636,3.51973,0.147519,0.519225,NONE,999.9,0,0
1.50737,-74.009,49.3237,-0.778636,3.51973,0.147519,0.519225,NONE,999.9,0,0
1.51136,-73.984,49.2989,-0.777086,3.52401,0.14576,0.513659,NONE,999.9,0,0
1.51722,-73.984,49.2989,-0.777086,3.52401,0.14576,0.513659,NONE,999.9,0,0
1.52006,-73.9589,49.2742,-0.775695,3.52808,0.149097,0.526028,NONE,999.9,0,0
1.52337,-73.9589,49.2742,-0.775695,3.52808,0.149097,0.526028,NONE,999.9,0,0
1.52748,-73.9589,49.2742,-0.775695,3.52808,0.149097,0.526028,NONE,999.9,0,0
1.53136,-73.9337,49.2494,-0.77413,3.53197,0.14724,0.520046,NONE,999.9,0,0
1.5354,-73.9337,49.2494,-0.77413,3.53197,0.14724,0.520046,NONE,999.9,0,0
1.5399,-73.9085,49.2247,-0.772725,3.53566,0.150468,0.532005,NONE,999.9,0,0
1.54336,-73.9085,49.2247,-0.772725,3.53566,0.150468,0.532005,NONE,999.9,0,0
1.54944,-73.9085,49.2247,-0.772725,3.53566,0.150468,0.532005,NONE,999.9,0,0
1.55188,-73.8832,49.1999,-0.771147,3.53919,0.148499,0.525566,NONE,999.9,0,0
1.55553,-73.8832,49.1999,-0.771147,3.53919,0.148499,0.525566,NONE,999.9,0,0
1.55992,-73.8579,49.1752,-0.769729,3.54254,0.15162,0.537119,NONE,999.9,0,0
1.56336,-73.8579,49.1752,-0.769729,3.54254,0.15162,0.537119,NONE,999.9,0,0
1.56729,-73.8579,49.1752,-0.769729,3.54254,0.15162,0.537119,NONE,999.9,0,0
1.57249,-73.8324,49.1505,-0.768149,3.55083,0.148234,0.526352,NONE,999.9,0,0
1.57533,-73.8324,49.1505,-0.768149,3.55083,0.148234,0.526352,NONE,999.9,0,0
1.58185,-73.8069,49.1257,-0.766738,3.55872,0.1503,0.534875,NONE,999.9,0,0
1.58333,-73.8069,49.1257,-0.766738,3.55872,0.1503,0.534875,NONE,999.9,0,0
1.58856,-73.8069,49.1257,-0.766738,3.55872,0.1503,0.534875,NONE,999.9,0,0
1.59133,-73.7813,49.101,-0.765166,3.56623,0.147712,0.526774,NONE,999.9,0,0
1.59534,-73.7813,49.101,-0.765166,3.56623,0.147712,0.526774,NONE,999.9,0,0
1.59983,-73.7556,49.0762,-0.763754,3.56948,0.151437,0.540553,NONE,999.9,0,0
1.60334,-73.7556,49.0762,-0.763754,3.56948,0.151437,0.540553,NONE,999.9,0,0
1.60731,-73.7556,49.0762,-0.763754,3.56948,0.151437,0.540553,NONE,999.9,0,0
1.61278,-73.7298,49.0515,-0.762164,3.57258,0.14982,0.535246,NONE,999.9,0,0
1.61547,-73.7298,49.0515,-0.762164,3.57258,0.14982,0.535246,NONE,999.9,0,0
1.62009,-73.704,49.0268,-0.761041,3.57553,0.0622562,0.222599,NONE,999.9,0,0
1.6233,-73.704,49.0268,-0.761041,3.57553,0.0622562,0.222599,NONE,999.9,0,0
1.62728,-73.704,49.0268,-0.761041,3.57553,0.0622562,0.222599,NONE,999.9,0,0
1.6313,-73.6782,49.002,-0.760819,3.57834,0.00236223,0.00845289,NONE,999.9,0,0
1.63547,-73.6782,49.002,-0.760819,3.57834,0.00236223,0.00845289,NONE,999.9,0,0
1.63991,-73.6524,48.9772,-0.760964,3.58102,-0.045888,-0.164326,NONE,999.9,0,0
1.64484,-73.6524,48.9772,-0.760964,3.58102,-0.045888,-0.164326,NONE,999.9,0,0
1.64741,-73.6524,48.9772,-0.760964,3.58102,-0.045888,-0.164326,NONE,999.9,0,0
1.65171,-73.6266,48.9524,-0.76167,3.58357,-0.0766238,-0.274587,NONE,999.9,0,0
1.65529,-73.6266,48.9524,-0.76167,3.58357,-0.0766238,-0.274587,NONE,999.9,0,0
1.65992,-73.6008,48.9275,-0.762492,3.586,-0.103303,-0.370444,NONE,999.9,0,0
1.66334,-73.6008,48.9275,-0.762492,3.586,-0.103303,-0.370444,NONE,999.9,0,0
1.6685,-73.6008,48.9275,-0.762492,3.586,-0.103303,-0.370444,NONE,999.9,0,0
1.67127,-73.575,48.9026,-0.763688,3.58831,-0.118126,-0.423871,NONE,999.9,0,0
1.67687,-73.575,48.9026,-0.763688,3.58831,-0.118126,-0.423871,NONE,999.9,0,0
1.68012,-73.5491,48.8777,-0.764864,3.59051,-0.133104,-0.477912,NONE,999.9,0,0
1.68436,-73.5491,48.8777,-0.764864,3.59051,-0.133104,-0.477912,NONE,999.9,0,0
1.68733,-73.5491,48.8777,-0.764864,3.59051,-0.133104,-0.477912,NONE,999.9,0,0
1.69134,-73.5233,48.8527,-0.766313,3.59261,-0.139355,-0.500649,NONE,999.9,0,0
1.69535,-73.5233,48.8527,-0.766313,3.59261,-0.139355,-0.500649,NONE,999.9,0,0
1.69995,-73.4975,48.8277,-0.767668,3.59461,-0.148082,-0.532298,NONE,999.9,0,0
1.70337,-73.4975,48.8277,-0.767668,3.59461,-0.148082,-0.532298,NONE,999.9,0,0
1.70919,-73.4975,48.8277,-0.767668,3.59461,-0.148082,-0.532298,NONE,999.9,0,0
1.71173,-73.4717,48.8027,-0.769243,3.59651,-0.149797,-0.538746,NONE,999.9,0,0
1.71538,-73.4717,48.8027,-0.769243,3.59651,-0.149797,-0.538746,NONE,999.9,0,0
1.72013,-73.4459,48.7776,-0.770685,3.59833,-0.155252,-0.558648,NONE,999.9,0,0
1.72336,-73.4459,48.7776,-0.770685,3.59833,-0.155252,-0.558648,NONE,999.9,0,0
1.72732,-73.4459,48.7776,-0.770685,3.59833,-0.155252,-0.558648,NONE,999.9,0,0
1.73133,-73.4201,48.7525,-0.772314,3.60349,-0.153999,-0.554934,NONE,999.9,0,0
1.73536,-73.4201,48.7525,-0.772314,3.60349,-0.153999,-0.554934,NONE,999.9,0,0
1.74117,-73.3943,48.7273,-0.773788,3.60842,-0.157278,-0.567524,NONE,999.9,0,0
1.74388,-73.3943,48.7273,-0.773788,3.60842,-0.157278,-0.567524,NONE,999.9,0,0
1.74753,-73.3943,48.7273,-0.773788,3.60842,-0.157278,-0.567524,NONE,999.9,0,0
1.75134,-73.3685,48.702,-0.775434,3.61311,-0.155241,-0.560904,NONE,999.9,0,0
1.75532,-73.3685,48.702,-0.775434,3.61311,-0.155241,-0.560904,NONE,999.9,0,0
1.75983,-73.3427,48.6767,-0.776917,3.61757,-0.158003,-0.571586,NONE,999.9,0,0
1.76457,-73.3427,48.6767,-0.776917,3.61757,-0.158003,-0.571586,NONE,999.9,0,0
1.76731,-73.3427,48.6767,-0.776917,3.61757,-0.158003,-0.571586,NONE,999.9,0,0
1.77317,-73.3169,48.6513,-0.778569,3.62182,-0.155633,-0.563677,NONE,999.9,0,0
1.77611,-73.3169,48.6513,-0.778569,3.62182,-0.155633,-0.563677,NONE,999.9,0,0
1.78046,-73.291,48.6259,-0.780055,3.62588,-0.158191,-0.573582,NONE,999.9,0,0
1.78336,-73.291,48.6259,-0.780055,3.62588,-0.158191,-0.573582,NONE,999.9,0,0
1.7873,-73.291,48.6259,-0.780055,3.62588,-0.158191,-0.573582,NONE,999.9,0,0
1.79133,-73.2652,48.6004,-0.781708,3.62973,-0.155706,-0.565172,NONE,999.9,0,0
1.79531,-73.2652,48.6004,-0.781708,3.62973,-0.155706,-0.565172,NONE,999.9,0,0
1.79991,-73.2395,48.5748,-0.783194,3.63341,-0.158208,-0.574834,NONE,999.9,0,0
1.8044,-73.2395,48.5748,-0.783194,3.63341,-0.158208,-0.574834,NONE,999.9,0,0
1.80752,-73.2395,48.5748,-0.783194,3.63341,-0.158208,-0.574834,NONE,999.9,0,0
1.81133,-73.2137,48.5492,-0.784847,3.63691,-0.155704,-0.566281,NONE,999.9,0,0
1.8155,-73.2137,48.5492,-0.784847,3.63691,-0.155704,-0.566281,NONE,999.9,0,0
1.81996,-73.1879,48.5235,-0.786333,3.64024,-0.158211,-0.575927,NONE,999.9,0,0
1.82338,-73.1879,48.5235,-0.786333,3.64024,-0.158211,-0.575927,NONE,999.9,0,0
1.82738,-73.1879,48.5235,-0.786333,3.64024,-0.158211,-0.575927,NONE,999.9,0,0
1.83138,-73.1622,48.4978,-0.787986,3.64342,-0.155726,-0.567374,NONE,999.9,0,0
1.83713,-73.1622,48.4978,-0.787986,3.64342,-0.155726,-0.567374,NONE,999.9,0,0
1.84021,-73.1364,48.472,-0.789473,3.64644,-0.158259,-0.577083,NONE,999.9,0,0
1.84355,-73.1364,48.472,-0.789473,3.64644,-0.158259,-0.577083,NONE,999.9,0,0
1.8474,-73.1364,48.472,-0.789473,3.64644,-0.158259,-0.577083,NONE,999.9,0,0
1.85137,-73.1107,48.4461,-0.791127,3.64932,-0.155802,-0.568573,NONE,999.9,0,0
1.85537,-73.1107,48.4461,-0.791127,3.64932,-0.155802,-0.568573,NONE,999.9,0,0
1.85999,-73.085,48.4202,-0.792614,3.65206,-0.158364,-0.578356,NONE,999.9,0,0
1.86339,-73.085,48.4202,-0.792614,3.65206,-0.158364,-0.578356,NONE,999.9,0,0
1.86923,-73.085,48.4202,-0.792614,3.65206,-0.158364,-0.578356,NONE,999.9,0,0
1.87172,-73.0593,48.3942,-0.794269,3.65468,-0.155933,-0.569885,NONE,999.9,0,0
1.87666,-73.0593,48.3942,-0.794269,3.65468,-0.155933,-0.569885,NONE,999.9,0,0
1.87996,-73.0336,48.3682,-0.795447,3.65717,-0.0672696,-0.246016,NONE,999.9,0,0
1.8834,-73.0336,48.3682,-0.795447,3.65717,-0.0672696,-0.246016,NONE,999.9,0,0
1.88737,-73.0336,48.3682,-0.795447,3.65717,-0.0672696,-0.246016,NONE,999.9,0,0
1.89154,-73.0079,48.3422,-0.795714,3.65954,-0.00604276,-0.0221137,NONE,999.9,0,0
1.89534,-73.0079,48.3422,-0.795714,3.65954,-0.00604276,-0.0221137,NONE,999.9,0,0
1.90228,-72.9822,48.3161,-0.795599,3.66179,0.0434151,0.158977,NONE,999.9,0,0
1.90338,-72.9822,48.3161,-0.795599,3.66179,0.0434151,0.158977,NONE,999.9,0,0
1.90749,-72.9822,48.3161,-0.795599,3.66179,0.0434151,0.158977,NONE,999.9,0,0
1.9115,-72.9564,48.2901,-0.794912,3.66394,0.0753506,0.27608,NONE,999.9,0,0
1.91547,-72.9564,48.2901,-0.794912,3.66394,0.0753506,0.27608,NONE,999.9,0,0
1.91994,-72.9306,48.2641,-0.794098,3.66694,0.102891,0.377293,NONE,999.9,0,0
1.92336,-72.9306,48.2641,-0.794098,3.66694,0.102891,0.377293,NONE,999.9,0,0
1.92736,-72.9306,48.2641,-0.794098,3.66694,0.102891,0.377293,NONE,999.9,0,0
1.93352,-72.9047,48.238,-0.792902,3.66979,0.11856,0.435091,NONE,999.9,0,0
1.93547,-72.9047,48.238,-0.792902,3.66979,0.11856,0.435091,NONE,999.9,0,0
1.93998,-72.8789,48.212,-0.791718,3.67251,0.134115,0.492538,NONE,999.9,0,0
1.94505,-72.8789,48.212,-0.791718,3.67251,0.134115,0.492538,NONE,999.9,0,0
1.94738,-72.8789,48.212,-0.791718,3.67251,0.134115,0.492538,NONE,999.9,0,0
1.95141,-72.853,48.1859,-0.790256,3.6751,0.140944,0.517981,NONE,999.9,0,0
1.95536,-72.853,48.1859,-0.790256,3.6751,0.140944,0.517981,NONE,999.9,0,0
1.95987,-72.827,48.1599,-0.788884,3.67756,0.150006,0.551658,NONE,999.9,0,0
1.96555,-72.827,48.1599,-0.788884,3.67756,0.150006,0.551658,NONE,999.9,0,0
1.96802,-72.827,48.1599,-0.788884,3.67756,0.150006,0.551658,NONE,999.9,0,0
1.97135,-72.801,48.1338,-0.787288,3.67991,0.152092,0.559686,NONE,999.9,0,0
1.97647,-72.801,48.1338,-0.787288,3.67991,0.152092,0.559686,NONE,999.9,0,0
1.97996,-72.775,48.1078,-0.785822,3.68214,0.157712,0.580719,NONE,999.9,0,0
1.98332,-72.775,48.1078,-0.785822,3.68214,0.157712,0.580719,NONE,999.9,0,0
1.98734,-72.775,48.1078,-0.785822,3.68214,0.157712,0.580719,NONE,999.9,0,0
1.99135,-72.7489,48.0818,-0.784162,3.68427,0.157316,0.579594,NONE,999.9,0,0
1.99724,-72.7489,48.0818,-0.784162,3.68427,0.157316,0.579594,NONE,999.9,0,0
2.00034,-72.7228,48.0558,-0.782808,3.6863,0.115414,0.42545,NONE,999.9,0,0
2.00346,-72.7228,48.0558,-0.782808,3.6863,0.115414,0.42545,NONE,999.9,0,0
2.00736,-72.7228,48.0558,-0.782808,3.6863,0.115414,0.42545,NONE,999.9,0,0
2.0113,-72.6967,48.0297,-0.781974,3.68823,0.0384064,0.141652,NONE,999.9,0,0
2.01531,-72.6967,48.0297,-0.781974,3.68823,0.0384064,0.141652,NONE,999.9,0,0
2.01994,-72.6706,48.0037,-0.781952,3.69007,-0.0144126,-0.0531834,NONE,999.9,0,0
2.02337,-72.6706,48.0037,-0.781952,3.69007,-0.0144126,-0.0531834,NONE,999.9,0,0
2.02872,-72.6706,48.0037,-0.781952,3.69007,-0.0144126,-0.0531834,NONE,999.9,0,0
2.03141,-72.6445,47.9776,-0.782239,3.69182,-0.0578015,-0.213393,NONE,999.9,0,0
2.03616,-72.6445,47.9776,-0.782239,3.69182,-0.0578015,-0.213393,NONE,999.9,0,0
2.03997,-72.6184,47.9514,-0.783045,3.69607,-0.0851789,-0.314827,NONE,999.9,0,0
2.04335,-72.6184,47.9514,-0.783045,3.69607,-0.0851789,-0.314827,NONE,999.9,0,0
2.04731,-72.6184,47.9514,-0.783045,3.69607,-0.0851789,-0.314827,NONE,999.9,0,0
2.05154,-72.5923,47.9252,-0.783941,3.70011,-0.109487,-0.405112,NONE,999.9,0,0
2.05534,-72.5923,47.9252,-0.783941,3.70011,-0.109487,-0.405112,NONE,999.9,0,0
2.06114,-72.5662,47.899,-0.785191,3.70395,-0.122958,-0.455432,NONE,999.9,0,0
2.06342,-72.5662,47.899,-0.785191,3.70395,-0.122958,-0.455432,NONE,999.9,0,0
2.0674,-72.5662,47.899,-0.785191,3.70395,-0.122958,-0.455432,NONE,999.9,0,0
2.0718,-72.54,47.8728,-0.786101,3.70762,-0.0460331,-0.170673,NONE,999.9,0,0
2.07536,-72.54,47.8728,-0.786101,3.70762,-0.0460331,-0.170673,NONE,999.9,0,0
2.07995,-72.5138,47.8465,-0.786198,3.71111,0.00718257,0.0266553,NONE,999.9,0,0
2.08336,-72.5138,47.8465,-0.786198,3.71111,0.00718257,0.0266553,NONE,999.9,0,0
2.08735,-72.5138,47.8465,-0.786198,3.71111,0.00718257,0.0266553,NONE,999.9,0,0
2.09213,-72.4876,47.8203,-0.78598,3.71443,0.0511129,0.189855,NONE,999.9,0,0
2.09556,-72.4876,47.8203,-0.78598,3.71443,0.0511129,0.189855,NONE,999.9,0,0
2.09997,-72.4613,47.794,-0.785236,3.7176,0.0794569,0.295389,NONE,999.9,0,0
2.10347,-72.4613,47.794,-0.785236,3.7176,0.0794569,0.295389,NONE,999.9,0,0
2.10733,-72.4613,47.794,-0.785236,3.7176,0.0794569,0.295389,NONE,999.9,0,0
2.1113,-72.4349,47.7678,-0.784393,3.72061,0.104682,0.389481,NONE,999.9,0,0
2.11531,-72.4349,47.7678,-0.784393,3.72061,0.104682,0.389481,NONE,999.9,0,0
2.11981,-72.4085,47.7415,-0.783186,3.72349,0.118992,0.443065,NONE,999.9,0,0
2.12476,-72.4085,47.7415,-0.783186,3.72349,0.118992,0.443065,NONE,999.9,0,0
2.12745,-72.4085,47.7415,-0.783186,3.72349,0.118992,0.443065,NONE,999.9,0,0
2.13147,-72.3821,47.7153,-0.782003,3.72622,0.133718,0.498264,NONE,999.9,0,0
2.13536,-72.3821,47.7153,-0.782003,3.72622,0.133718,0.498264,NONE,999.9,0,0
2.13988,-72.3556,47.6891,-0.780547,3.72883,0.140197,0.522771,NONE,999.9,0,0
2.14334,-72.3556,47.6891,-0.780547,3.72883,0.140197,0.522771,NONE,999.9,0,0
2.14736,-72.3556,47.6891,-0.780547,3.72883,0.140197,0.522771,NONE,999.9,0,0
2.15135,-72.329,47.6629,-0.779183,3.73131,0.149104,0.556353,NONE,999.9,0,0
2.15682,-72.329,47.6629,-0.779183,3.73131,0.149104,0.556353,NONE,999.9,0,0
2.16005,-72.3025,47.6367,-0.777596,3.73367,0.151275,0.564811,NONE,999.9,0,0
2.165,-72.3025,47.6367,-0.777596,3.73367,0.151275,0.564811,NONE,999.9,0,0
2.16729,-72.3025,47.6367,-0.777596,3.73367,0.151275,0.564811,NONE,999.9,0,0
2.17128,-72.2758,47.6105,-0.776448,3.73593,0.0654866,0.244653,NONE,999.9,0,0
2.1753,-72.2758,47.6105,-0.776448,3.73593,0.0654866,0.244653,NONE,999.9,0,0
2.17984,-72.2493,47.5842,-0.776192,3.73807,0.00575369,0.0215077,NONE,999.9,0,0
2.18336,-72.2493,47.5842,-0.776192,3.73807,0.00575369,0.0215077,NONE,999.9,0,0
2.18911,-72.2493,47.5842,-0.776192,3.73807,0.00575369,0.0215077,NONE,999.9,0,0
2.1919,-72.2227,47.5579,-0.776305,3.74011,-0.0429375,-0.160591,NONE,999.9,0,0
2.19551,-72.2227,47.5579,-0.776305,3.74011,-0.0429375,-0.160591,NONE,999.9,0,0
2.1999,-72.1961,47.5316,-0.776986,3.74206,-0.0747211,-0.279611,NONE,999.9,0,0
2.20334,-72.1961,47.5316,-0.776986,3.74206,-0.0747211,-0.279611,NONE,999.9,0,0
2.20733,-72.1961,47.5316,-0.776986,3.74206,-0.0747211,-0.279611,NONE,999.9,0,0
2.2114,-72.1695,47.5053,-0.777794,3.74391,-0.102405,-0.383397,NONE,999.9,0,0
2.21537,-72.1695,47.5053,-0.777794,3.74391,-0.102405,-0.383397,NONE,999.9,0,0
2.22319,-72.1429,47.4789,-0.778988,3.74567,-0.118441,-0.443643,NONE,999.9,0,0
2.22363,-72.1429,47.4789,-0.778988,3.74567,-0.118441,-0.443643,NONE,999.9,0,0
2.22743,-72.1429,47.4789,-0.778988,3.74567,-0.118441,-0.443643,NONE,999.9,0,0
2.23497,-72.1163,47.4525,-0.780171,3.74736,-0.134357,-0.503482,NONE,999.9,0,0
2.23566,-72.1163,47.4525,-0.780171,3.74736,-0.134357,-0.503482,NONE,999.9,0,0
2.23992,-72.0897,47.426,-0.781637,3.74964,-0.141529,-0.530681,NONE,999.9,0,0
2.24337,-72.0897,47.426,-0.781637,3.74964,-0.141529,-0.530681,NONE,999.9,0,0
2.24813,-72.0897,47.426,-0.781637,3.74964,-0.141529,-0.530681,NONE,999.9,0,0
2.25243,-72.0632,47.3996,-0.783017,3.75181,-0.150852,-0.565968,NONE,999.9,0,0
2.25553,-72.0632,47.3996,-0.783017,3.75181,-0.150852,-0.565968,NONE,999.9,0,0
2.26006,-72.0366,47.373,-0.784623,3.75388,-0.153273,-0.575371,NONE,999.9,0,0
2.26357,-72.0366,47.373,-0.784623,3.75388,-0.153273,-0.575371,NONE,999.9,0,0
2.26744,-72.0366,47.373,-0.784623,3.75388,-0.153273,-0.575371,NONE,999.9,0,0
2.27132,-72.0101,47.3465,-0.78579,3.75586,-0.0674343,-0.253273,NONE,999.9,0,0
2.27533,-72.0101,47.3465,-0.78579,3.75586,-0.0674343,-0.253273,NONE,999.9,0,0
2.28146,-71.9835,47.32,-0.786066,3.75773,-0.00750048,-0.0281848,NONE,999.9,0,0
2.28523,-71.9835,47.32,-0.786066,3.75773,-0.00750048,-0.0281848,NONE,999.9,0,0
2.28813,-71.9835,47.32,-0.786066,3.75773,-0.00750048,-0.0281848,NONE,999.9,0,0
2.29136,-71.9568,47.2934,-0.785969,3.75952,0.0414395,0.155793,NONE,999.9,0,0
2.29769,-71.9568,47.2934,-0.785969,3.75952,0.0414395,0.155793,NONE,999.9,0,0
2.29996,-71.9302,47.2669,-0.785301,3.76123,0.0735141,0.276503,NONE,999.9,0,0
2.30335,-71.9302,47.2669,-0.785301,3.76123,0.0735141,0.276503,NONE,999.9,0,0
2.30736,-71.9302,47.2669,-0.785301,3.76123,0.0735141,0.276503,NONE,999.9,0,0
2.31168,-71.9035,47.2404,-0.784504,3.76285,0.101469,0.381812,NONE,999.9,0,0
2.3174,-71.9035,47.2404,-0.784504,3.76285,0.101469,0.381812,NONE,999.9,0,0
2.32005,-71.8767,47.2139,-0.783318,3.7644,0.117775,0.443354,NONE,999.9,0,0
2.32337,-71.8767,47.2139,-0.783318,3.7644,0.117775,0.443354,NONE,999.9,0,0
2.3274,-71.8767,47.2139,-0.783318,3.7644,0.117775,0.443354,NONE,999.9,0,0
2.33147,-71.85,47.1874,-0.78214,3.76587,0.133917,0.504315,NONE,999.9,0,0
2.33539,-71.85,47.1874,-0.78214,3.76587,0.133917,0.504315,NONE,999.9,0,0
2.33991,-71.8232,47.161,-0.780677,3.76727,0.141402,0.532701,NONE,999.9,0,0
2.34438,-71.8232,47.161,-0.780677,3.76727,0.141402,0.532701,NONE,999.9,0,0
2.34918,-71.8232,47.161,-0.780677,3.76727,0.141402,0.532701,NONE,999.9,0,0
2.35167,-71.7964,47.1345,-0.779297,3.76861,0.150982,0.568991,NONE,999.9,0,0
2.35533,-71.7964,47.1345,-0.779297,3.76861,0.150982,0.568991,NONE,999.9,0,0
2.35992,-71.7695,47.108,-0.777688,3.76988,0.153605,0.579073,NONE,999.9,0,0
2.36424,-71.7695,47.108,-0.777688,3.76988,0.153605,0.579073,NONE,999.9,0,0
2.36736,-71.7695,47.108,-0.777688,3.76988,0.153605,0.579073,NONE,999.9,0,0
2.37134,-71.7426,47.0816,-0.776362,3.77109,0.113596,0.428382,NONE,999.9,0,0
2.37533,-71.7426,47.0816,-0.776362,3.77109,0.113596,0.428382,NONE,999.9,0,0
2.38272,-71.7158,47.0551,-0.775539,3.77417,0.037818,0.142732,NONE,999.9,0,0
2.38369,-71.7158,47.0551,-0.775539,3.77417,0.037818,0.142732,NONE,999.9,0,0
2.38754,-71.7158,47.0551,-0.775539,3.77417,0.037818,0.142732,NONE,999.9,0,0
2.39134,-71.6889,47.0286,-0.77552,3.77711,-0.014632,-0.0552665,NONE,999.9,0,0
2.39709,-71.6889,47.0286,-0.77552,3.77711,-0.014632,-0.0552665,NONE,999.9,0,0
2.39996,-71.662,47.0021,-0.775809,3.7799,-0.0579253,-0.218952,NONE,999.9,0,0
2.40331,-71.662,47.0021,-0.775809,3.7799,-0.0579253,-0.218952,NONE,999.9,0,0
2.4073,-71.662,47.0021,-0.775809,3.7799,-0.0579253,-0.218952,NONE,999.9,0,0
2.41351,-71.6351,46.9755,-0.77662,3.78257,-0.0858292,-0.324655,NONE,999.9,0,0
2.41605,-71.6351,46.9755,-0.77662,3.78257,-0.0858292,-0.324655,NONE,999.9,0,0
2.42,-71.6082,46.9489,-0.777524,3.7851,-0.110624,-0.418724,NONE,999.9,0,0
2.42339,-71.6082,46.9489,-0.777524,3.7851,-0.110624,-0.418724,NONE,999.9,0,0
2.42979,-71.6082,46.9489,-0.777524,3.7851,-0.110624,-0.418724,NONE,999.9,0,0
2.4315,-71.5813,46.9222,-0.778788,3.78752,-0.124626,-0.472024,NONE,999.9,0,0
2.43538,-71.5813,46.9222,-0.778788,3.78752,-0.124626,-0.472024,NONE,999.9,0,0
2.43992,-71.5544,46.8956,-0.780026,3.78982,-0.139008,-0.526816,NONE,999.9,0,0
2.4454,-71.5544,46.8956,-0.780026,3.78982,-0.139008,-0.526816,NONE,999.9,0,0
2.44796,-71.5544,46.8956,-0.780026,3.78982,-0.139008,-0.526816,NONE,999.9,0,0
2.45143,-71.5275,46.8688,-0.781534,3.79201,-0.145238,-0.550746,NONE,999.9,0,0
2.4554,-71.5275,46.8688,-0.781534,3.79201,-0.145238,-0.550746,NONE,999.9,0,0
2.46027,-71.5006,46.8421,-0.782947,3.7941,-0.153845,-0.583704,NONE,999.9,0,0
2.46433,-71.5006,46.8421,-0.782947,3.7941,-0.153845,-0.583704,NONE,999.9,0,0
2.46738,-71.5006,46.8421,-0.782947,3.7941,-0.153845,-0.583704,NONE,999.9,0,0
2.4713,-71.4738,46.8153,-0.78458,3.79609,-0.155803,-0.591443,NONE,999.9,0,0
2.47663,-71.4738,46.8153,-0.78458,3.79609,-0.155803,-0.591443,NONE,999.9,0,0
2.48114,-71.4469,46.7884,-0.785771,3.79798,-0.0694689,-0.263842,NONE,999.9,0,0
2.48375,-71.4469,46.7884,-0.785771,3.79798,-0.0694689,-0.263842,NONE,999.9,0,0
2.48742,-71.4469,46.7884,-0.785771,3.79798,-0.0694689,-0.263842,NONE,999.9,0,0
2.49136,-71.42,46.7616,-0.786063,3.79978,-0.00893311,-0.0339439,NONE,999.9,0,0
2.49655,-71.42,46.7616,-0.786063,3.79978,-0.00893311,-0.0339439,NONE,999.9,0,0
2.49999,-71.3931,46.7348,-0.785978,3.8015,0.0405453,0.154133,NONE,999.9,0,0
2.50332,-71.3931,46.7348,-0.785978,3.8015,0.0405453,0.154133,NONE,999.9,0,0
2.50944,-71.3931,46.7348,-0.785978,3.8015,0.0405453,0.154133,NONE,999.9,0,0
2.512,-71.3661,46.708,-0.785316,3.80314,0.0731626,0.278247,NONE,999.9,0,0
2.51538,-71.3661,46.708,-0.785316,3.80314,0.0731626,0.278247,NONE,999.9,0,0
2.5199,-71.3391,46.6812,-0.78452,3.80469,0.101542,0.386338,NONE,999.9,0,0
2.52333,-71.3391,46.6812,-0.78452,3.80469,0.101542,0.386338,NONE,999.9,0,0
2.52736,-71.3391,46.6812,-0.78452,3.80469,0.101542,0.386338,NONE,999.9,0,0
2.53144,-71.3121,46.6544,-0.783332,3.80618,0.118256,0.450103,NONE,999.9,0,0
2.53536,-71.3121,46.6544,-0.783332,3.80618,0.118256,0.450103,NONE,999.9,0,0
2.54241,-71.285,46.6276,-0.782148,3.80759,0.134683,0.512819,NONE,999.9,0,0
2.54355,-71.285,46.6276,-0.782148,3.80759,0.134683,0.512819,NONE,999.9,0,0
2.54737,-71.285,46.6276,-0.782148,3.80759,0.134683,0.512819,NONE,999.9,0,0
2.55132,-71.2579,46.6009,-0.780675,3.80894,0.142443,0.542557,NONE,999.9,0,0
2.55533,-71.2579,46.6009,-0.780675,3.80894,0.142443,0.542557,NONE,999.9,0,0
2.55988,-71.2308,46.5741,-0.779284,3.81022,0.15219,0.579876,NONE,999.9,0,0
2.56356,-71.2308,46.5741,-0.779284,3.81022,0.15219,0.579876,NONE,999.9,0,0
2.56733,-71.2308,46.5741,-0.779284,3.81022,0.15219,0.579876,NONE,999.9,0,0
2.57333,-71.2037,46.5474,-0.777663,3.81192,0.154899,0.590464,NONE,999.9,0,0
2.57556,-71.2037,46.5474,-0.777663,3.81192,0.154899,0.590464,NONE,999.9,0,0
2.58031,-71.1765,46.5206,-0.776167,3.81354,0.160903,0.613611,NONE,999.9,0,0
2.58332,-71.1765,46.5206,-0.776167,3.81354,0.160903,0.613611,NONE,999.9,0,0
2.58729,-71.1765,46.5206,-0.776167,3.81354,0.160903,0.613611,NONE,999.9,0,0
2.59132,-71.1492,46.4939,-0.774473,3.81508,0.160965,0.614093,NONE,999.9,0,0
2.59537,-71.1492,46.4939,-0.774473,3.81508,0.160965,0.614093,NONE,999.9,0,0
2.59989,-71.122,46.4672,-0.773239,3.81655,0.0730312,0.278728,NONE,999.9,0,0
2.60477,-71.122,46.4672,-0.773239,3.81655,0.0730312,0.278728,NONE,999.9,0,0
2.60738,-71.122,46.4672,-0.773239,3.81655,0.0730312,0.278728,NONE,999.9,0,0
2.61155,-71.0947,46.4405,-0.772918,3.81795,0.0112507,0.0429548,NONE,999.9,0,0
2.61533,-71.0947,46.4405,-0.772918,3.81795,0.0112507,0.0429548,NONE,999.9,0,0
2.6199,-71.0675,46.4137,-0.772985,3.81929,-0.0391695,-0.1496,NONE,999.9,0,0
2.62332,-71.0675,46.4137,-0.772985,3.81929,-0.0391695,-0.1496,NONE,999.9,0,0
2.62763,-71.0675,46.4137,-0.772985,3.81929,-0.0391695,-0.1496,NONE,999.9,0,0
2.63128,-71.0402,46.3869,-0.773636,3.82056,-0.0725101,-0.277029,NONE,999.9,0,0
2.63738,-71.0402,46.3869,-0.773636,3.82056,-0.0725101,-0.277029,NONE,999.9,0,0
2.64002,-71.013,46.3601,-0.774428,3.82177,-0.10142,-0.387604,NONE,999.9,0,0
2.64454,-71.013,46.3601,-0.774428,3.82177,-0.10142,-0.387604,NONE,999.9,0,0
2.64735,-71.013,46.3601,-0.774428,3.82177,-0.10142,-0.387604,NONE,999.9,0,0
2.65133,-70.9858,46.3333,-0.775618,3.82292,-0.118533,-0.453144,NONE,999.9,0,0
2.65534,-70.9858,46.3333,-0.775618,3.82292,-0.118533,-0.453144,NONE,999.9,0,0
2.65984,-70.9586,46.3064,-0.776806,3.82402,-0.135239,-0.517155,NONE,999.9,0,0
2.66383,-70.9586,46.3064,-0.776806,3.82402,-0.135239,-0.517155,NONE,999.9,0,0
2.66868,-70.9586,46.3064,-0.776806,3.82402,-0.135239,-0.517155,NONE,999.9,0,0
2.6714,-70.9314,46.2795,-0.778285,3.82506,-0.143203,-0.547761,NONE,999.9,0,0
2.67535,-70.9314,46.2795,-0.778285,3.82506,-0.143203,-0.547761,NONE,999.9,0,0
2.68009,-70.9042,46.2526,-0.779684,3.82606,-0.153077,-0.585682,NONE,999.9,0,0
2.68331,-70.9042,46.2526,-0.779684,3.82606,-0.153077,-0.585682,NONE,999.9,0,0
2.68729,-70.9042,46.2526,-0.779684,3.82606,-0.153077,-0.585682,NONE,999.9,0,0
2.69135,-70.8771,46.2257,-0.781316,3.827,-0.155963,-0.596871,NONE,999.9,0,0
2.69537,-70.8771,46.2257,-0.781316,3.827,-0.155963,-0.596871,NONE,999.9,0,0
2.70221,-70.8499,46.1987,-0.782823,3.82791,-0.162081,-0.620433,NONE,999.9,0,0
2.70371,-70.8499,46.1987,-0.782823,3.82791,-0.162081,-0.620433,NONE,999.9,0,0
2.70754,-70.8499,46.1987,-0.782823,3.82791,-0.162081,-0.620433,NONE,999.9,0,0
2.71138,-70.8228,46.1717,-0.784527,3.83022,-0.161911,-0.620155,NONE,999.9,0,0
2.71535,-70.8228,46.1717,-0.784527,3.83022,-0.161911,-0.620155,NONE,999.9,0,0
2.71983,-70.7957,46.1446,-0.786082,3.83242,-0.165772,-0.635308,NONE,999.9,0,0
2.72344,-70.7957,46.1446,-0.786082,3.83242,-0.165772,-0.635308,NONE,999.9,0,0
2.72738,-70.7957,46.1446,-0.786082,3.83242,-0.165772,-0.635308,NONE,999.9,0,0
2.73273,-70.7686,46.1175,-0.787817,3.83451,-0.164313,-0.630061,NONE,999.9,0,0
2.73546,-70.7686,46.1175,-0.787817,3.83451,-0.164313,-0.630061,NONE,999.9,0,0
2.74136,-70.7415,46.0903,-0.789391,3.83651,-0.167262,-0.641702,NONE,999.9,0,0
2.74334,-70.7415,46.0903,-0.789391,3.83651,-0.167262,-0.641702,NONE,999.9,0,0
2.74738,-70.7415,46.0903,-0.789391,3.83651,-0.167262,-0.641702,NONE,999.9,0,0
2.75133,-70.7145,46.0631,-0.791138,3.83841,-0.165167,-0.633978,NONE,999.9,0,0
2.75568,-70.7145,46.0631,-0.791138,3.83841,-0.165167,-0.633978,NONE,999.9,0,0
2.75989,-70.6874,46.0358,-0.792406,3.84022,-0.0757594,-0.290933,NONE,999.9,0,0
2.76482,-70.6874,46.0358,-0.792406,3.84022,-0.0757594,-0.290933,NONE,999.9,0,0
2.76742,-70.6874,46.0358,-0.792406,3.84022,-0.0757594,-0.290933,NONE,999.9,0,0
2.77142,-70.6604,46.0086,-0.792748,3.84195,-0.0127969,-0.049165,NONE,999.9,0,0
2.77551,-70.6604,46.0086,-0.792748,3.84195,-0.0127969,-0.049165,NONE,999.9,0,0
2.77997,-70.6333,45.9813,-0.792692,3.84359,0.0384917,0.147946,NONE,999.9,0,0
2.78337,-70.6333,45.9813,-0.792692,3.84359,0.0384917,0.147946,NONE,999.9,0,0
2.78738,-70.6333,45.9813,-0.792692,3.84359,0.0384917,0.147946,NONE,999.9,0,0
2.79134,-70.6061,45.9541,-0.792044,3.84516,0.0725174,0.278841,NONE,999.9,0,0
2.79721,-70.6061,45.9541,-0.792044,3.84516,0.0725174,0.278841,NONE,999.9,0,0
2.80023,-70.579,45.9268,-0.791249,3.84665,0.101895,0.391955,NONE,999.9,0,0
2.8035,-70.579,45.9268,-0.791249,3.84665,0.101895,0.391955,NONE,999.9,0,0
2.8074,-70.579,45.9268,-0.791249,3.84665,0.101895,0.391955,NONE,999.9,0,0
2.81135,-70.5518,45.8996,-0.790053,3.84807,0.119376,0.459366,NONE,999.9,0,0
2.81538,-70.5518,45.8996,-0.790053,3.84807,0.119376,0.459366,NONE,999.9,0,0
2.82035,-70.5246,45.8724,-0.788855,3.84942,0.1363,0.524675,NONE,999.9,0,0
2.82338,-70.5246,45.8724,-0.788855,3.84942,0.1363,0.524675,NONE,999.9,0,0
2.82922,-70.5246,45.8724,-0.788855,3.84942,0.1363,0.524675,NONE,999.9,0,0
2.83168,-70.4974,45.8451,-0.787364,3.85071,0.14444,0.556195,NONE,999.9,0,0
2.83647,-70.4974,45.8451,-0.787364,3.85071,0.14444,0.556195,NONE,999.9,0,0
2.83999,-70.4701,45.8179,-0.785952,3.85193,0.154387,0.594689,NONE,999.9,0,0
2.84342,-70.4701,45.8179,-0.785952,3.85193,0.154387,0.594689,NONE,999.9,0,0
2.84739,-70.4701,45.8179,-0.785952,3.85193,0.154387,0.594689,NONE,999.9,0,0
2.85139,-70.4429,45.7907,-0.784308,3.8531,0.15734,0.606248,NONE,999.9,0,0
2.85541,-70.4429,45.7907,-0.784308,3.8531,0.15734,0.606248,NONE,999.9,0,0
2.86193,-70.4155,45.7636,-0.782787,3.85421,0.163454,0.629985,NONE,999.9,0,0
2.86333,-70.4155,45.7636,-0.782787,3.85421,0.163454,0.629985,NONE,999.9,0,0
2.86742,-70.4155,45.7636,-0.782787,3.85421,0.163454,0.629985,NONE,999.9,0,0
2.87143,-70.3882,45.7364,-0.781067,3.85527,0.16359,0.630685,NONE,999.9,0,0
2.8754,-70.3882,45.7364,-0.781067,3.85527,0.16359,0.630685,NONE,999.9,0,0
2.87993,-70.3608,45.7092,-0.779808,3.85628,0.0753762,0.290672,NONE,999.9,0,0
2.88336,-70.3608,45.7092,-0.779808,3.85628,0.0753762,0.290672,NONE,999.9,0,0
2.88737,-70.3608,45.7092,-0.779808,3.85628,0.0753762,0.290672,NONE,999.9,0,0
2.89313,-70.3335,45.6821,-0.779465,3.85761,0.0131826,0.0508532,NONE,999.9,0,0
2.89553,-70.3335,45.6821,-0.779465,3.85761,0.0131826,0.0508532,NONE,999.9,0,0
2.90017,-70.3061,45.6548,-0.779514,3.85888,-0.0376689,-0.14536,NONE,999.9,0,0
2.90339,-70.3061,45.6548,-0.779514,3.85888,-0.0376689,-0.14536,NONE,999.9,0,0
2.90734,-70.3061,45.6548,-0.779514,3.85888,-0.0376689,-0.14536,NONE,999.9,0,0
2.91137,-70.2788,45.6276,-0.780154,3.86009,-0.0714966,-0.275983,NONE,999.9,0,0
2.91539,-70.2788,45.6276,-0.780154,3.86009,-0.0714966,-0.275983,NONE,999.9,0,0
2.9199,-70.2514,45.6003,-0.780938,3.86124,-0.10082,-0.389288,NONE,999.9,0,0
2.92482,-70.2514,45.6003,-0.780938,3.86124,-0.10082,-0.389288,NONE,999.9,0,0
2.92737,-70.2514,45.6003,-0.780938,3.86124,-0.10082,-0.389288,NONE,999.9,0,0
2.93234,-70.2241,45.573,-0.782123,3.86233,-0.11835,-0.457107,NONE,999.9,0,0
2.93535,-70.2241,45.573,-0.782123,3.86233,-0.11835,-0.457107,NONE,999.9,0,0
2.93988,-70.1968,45.5457,-0.783311,3.86337,-0.135372,-0.522995,NONE,999.9,0,0
2.94331,-70.1968,45.5457,-0.783311,3.86337,-0.135372,-0.522995,NONE,999.9,0,0
2.94732,-70.1968,45.5457,-0.783311,3.86337,-0.135372,-0.522995,NONE,999.9,0,0
2.95134,-70.1695,45.5184,-0.784793,3.86437,-0.143649,-0.555114,NONE,999.9,0,0
2.95687,-70.1695,45.5184,-0.784793,3.86437,-0.143649,-0.555114,NONE,999.9,0,0
2.96013,-70.1422,45.491,-0.786198,3.86531,-0.153738,-0.594244,NONE,999.9,0,0
2.96342,-70.1422,45.491,-0.786198,3.86531,-0.153738,-0.594244,NONE,999.9,0,0
2.96731,-70.1422,45.491,-0.786198,3.86531,-0.153738,-0.594244,NONE,999.9,0,0
2.97133,-70.1149,45.4636,-0.787837,3.86621,-0.15684,-0.606379,NONE,999.9,0,0
2.9753,-70.1149,45.4636,-0.787837,3.86621,-0.15684,-0.606379,NONE,999.9,0,0
2.981,-70.0877,45.4362,-0.789353,3.86707,-0.163088,-0.630673,NONE,999.9,0,0
2.98334,-70.0877,45.4362,-0.789353,3.86707,-0.163088,-0.630673,NONE,999.9,0,0
2.98859,-70.0877,45.4362,-0.789353,3.86707,-0.163088,-0.630673,NONE,999.9,0,0
2.99145,-70.0605,45.4087,-0.791071,3.86789,-0.163356,-0.631844,NONE,999.9,0,0
2.99609,-70.0605,45.4087,-0.791071,3.86789,-0.163356,-0.631844,NONE,999.9,0,0
2.99992,-70.0333,45.3812,-0.792641,3.86867,-0.167527,-0.648107,NONE,999.9,0,0
3.00334,-70.0333,45.3812,-0.792641,3.86867,-0.167527,-0.648107,NONE,999.9,0,0
3.00734,-70.0333,45.3812,-0.792641,3.86867,-0.167527,-0.648107,NONE,999.9,0,0
3.01155,-70.0061,45.3536,-0.794396,3.86941,-0.166287,-0.643432,NONE,999.9,0,0
3.0153,-70.0061,45.3536,-0.794396,3.86941,-0.166287,-0.643432,NONE,999.9,0,0
3.02177,-69.979,45.326,-0.79599,3.87012,-0.169374,-0.655496,NONE,999.9,0,0
3.02365,-69.979,45.326,-0.79599,3.87012,-0.169374,-0.655496,NONE,999.9,0,0
3.02847,-69.979,45.326,-0.79599,3.87012,-0.169374,-0.655496,NONE,999.9,0,0
3.03137,-69.9519,45.2984,-0.797758,3.87079,-0.167364,-0.647831,NONE,999.9,0,0
3.03536,-69.9519,45.2984,-0.797758,3.87079,-0.167364,-0.647831,NONE,999.9,0,0
3.03985,-69.9248,45.2708,-0.799046,3.87252,-0.0775781,-0.300423,NONE,999.9,0,0
3.04333,-69.9248,45.2708,-0.799046,3.87252,-0.0775781,-0.300423,NONE,999.9,0,0
3.04736,-69.9248,45.2708,-0.799046,3.87252,-0.0775781,-0.300423,NONE,999.9,0,0
3.0532,-69.8977,45.2431,-0.799405,3.87417,-0.0141455,-0.054802,NONE,999.9,0,0
3.05542,-69.8977,45.2431,-0.799405,3.87417,-0.0141455,-0.054802,NONE,999.9,0,0
3.05996,-69.8705,45.2155,-0.79936,3.87574,0.0375748,0.14563,NONE,999.9,0,0
3.06346,-69.8705,45.2155,-0.79936,3.87574,0.0375748,0.14563,NONE,999.9,0,0
3.06731,-69.8705,45.2155,-0.79936,3.87574,0.0375748,0.14563,NONE,999.9,0,0
3.07131,-69.8433,45.1878,-0.798719,3.87723,0.0720384,0.27931,NONE,999.9,0,0
3.07529,-69.8433,45.1878,-0.798719,3.87723,0.0720384,0.27931,NONE,999.9,0,0
3.07978,-69.8161,45.1602,-0.797927,3.87866,0.101768,0.394725,NONE,999.9,0,0
3.08523,-69.8161,45.1602,-0.797927,3.87866,0.101768,0.394725,NONE,999.9,0,0
3.08766,-69.8161,45.1602,-0.797927,3.87866,0.101768,0.394725,NONE,999.9,0,0
3.09156,-69.7889,45.1325,-0.796731,3.88002,0.119585,0.463993,NONE,999.9,0,0
3.09536,-69.7889,45.1325,-0.796731,3.88002,0.119585,0.463993,NONE,999.9,0,0
3.0999,-69.7617,45.1049,-0.795529,3.88131,0.136754,0.530785,NONE,999.9,0,0
3.10333,-69.7617,45.1049,-0.795529,3.88131,0.136754,0.530785,NONE,999.9,0,0
3.10737,-69.7617,45.1049,-0.795529,3.88131,0.136754,0.530785,NONE,999.9,0,0
3.11134,-69.7344,45.0773,-0.794033,3.88254,0.145127,0.563459,NONE,999.9,0,0
3.11727,-69.7344,45.0773,-0.794033,3.88254,0.145127,0.563459,NONE,999.9,0,0
3.12025,-69.7071,45.0496,-0.792613,3.88371,0.155224,0.602845,NONE,999.9,0,0
3.12423,-69.7071,45.0496,-0.792613,3.88371,0.155224,0.602845,NONE,999.9,0,0
3.12731,-69.7071,45.0496,-0.792613,3.88371,0.155224,0.602845,NONE,999.9,0,0
3.13133,-69.6798,45.022,-0.790959,3.88483,0.158326,0.615068,NONE,999.9,0,0
3.13536,-69.6798,45.022,-0.790959,3.88483,0.158326,0.615068,NONE,999.9,0,0
3.14207,-69.6524,44.9944,-0.789428,3.88589,0.164518,0.639297,NONE,999.9,0,0
3.14336,-69.6524,44.9944,-0.789428,3.88589,0.164518,0.639297,NONE,999.9,0,0
3.14889,-69.6524,44.9944,-0.789428,3.88589,0.164518,0.639297,NONE,999.9,0,0
3.15154,-69.625,44.9669,-0.787697,3.8869,0.164743,0.640342,NONE,999.9,0,0
3.15545,-69.625,44.9669,-0.787697,3.8869,0.164743,0.640342,NONE,999.9,0,0
3.16008,-69.5976,44.9393,-0.786113,3.88787,0.168834,0.656406,NONE,999.9,0,0
3.16335,-69.5976,44.9393,-0.786113,3.88787,0.168834,0.656406,NONE,999.9,0,0
3.16734,-69.5976,44.9393,-0.786113,3.88787,0.168834,0.656406,NONE,999.9,0,0
3.17131,-69.5701,44.9118,-0.784346,3.88879,0.16754,0.651526,NONE,999.9,0,0
3.1755,-69.5701,44.9118,-0.784346,3.88879,0.16754,0.651526,NONE,999.9,0,0
3.18249,-69.5426,44.8843,-0.783053,3.88966,0.0781447,0.303956,NONE,999.9,0,0
3.18366,-69.5426,44.8843,-0.783053,3.88966,0.0781447,0.303956,NONE,999.9,0,0
3.18734,-69.5426,44.8843,-0.783053,3.88966,0.0781447,0.303956,NONE,999.9,0,0
3.19183,-69.5152,44.8568,-0.782688,3.8905,0.0148866,0.0579161,NONE,999.9,0,0
3.19532,-69.5152,44.8568,-0.782688,3.8905,0.0148866,0.0579161,NONE,999.9,0,0
3.19987,-69.4877,44.8292,-0.782725,3.89129,-0.0368064,-0.143224,NONE,999.9,0,0
3.20332,-69.4877,44.8292,-0.782725,3.89129,-0.0368064,-0.143224,NONE,999.9,0,0
3.20731,-69.4877,44.8292,-0.782725,3.89129,-0.0368064,-0.143224,NONE,999.9,0,0
3.21326,-69.4602,44.8017,-0.783359,3.89229,-0.0713136,-0.277573,NONE,999.9,0,0
3.21541,-69.4602,44.8017,-0.783359,3.89229,-0.0713136,-0.277573,NONE,999.9,0,0
3.2201,-69.4328,44.7741,-0.784144,3.89324,-0.10114,-0.393761,NONE,999.9,0,0
3.22333,-69.4328,44.7741,-0.784144,3.89324,-0.10114,-0.393761,NONE,999.9,0,0
3.22732,-69.4328,44.7741,-0.784144,3.89324,-0.10114,-0.393761,NONE,999.9,0,0
3.23131,-69.4053,44.7464,-0.785335,3.89414,-0.119087,-0.463742,NONE,999.9,0,0
3.23533,-69.4053,44.7464,-0.785335,3.89414,-0.119087,-0.463742,NONE,999.9,0,0
3.23982,-69.3779,44.7188,-0.786532,3.895,-0.136393,-0.53125,NONE,999.9,0,0
3.24488,-69.3779,44.7188,-0.786532,3.895,-0.136393,-0.53125,NONE,999.9,0,0
3.24741,-69.3779,44.7188,-0.786532,3.895,-0.136393,-0.53125,NONE,999.9,0,0
3.25247,-69.3504,44.6911,-0.788026,3.89582,-0.144905,-0.564524,NONE,999.9,0,0
3.25544,-69.3504,44.6911,-0.788026,3.89582,-0.144905,-0.564524,NONE,999.9,0,0
3.25995,-69.323,44.6635,-0.789443,3.8966,-0.155129,-0.604477,NONE,999.9,0,0
3.2634,-69.323,44.6635,-0.789443,3.8966,-0.155129,-0.604477,NONE,999.9,0,0
3.26881,-69.323,44.6635,-0.789443,3.8966,-0.155129,-0.604477,NONE,999.9,0,0
3.27136,-69.2957,44.6357,-0.791097,3.89735,-0.15835,-0.617146,NONE,999.9,0,0
3.27682,-69.2957,44.6357,-0.791097,3.89735,-0.15835,-0.617146,NONE,999.9,0,0
3.2801,-69.2683,44.608,-0.792629,3.89806,-0.164642,-0.641783,NONE,999.9,0,0
3.28337,-69.2683,44.608,-0.792629,3.89806,-0.164642,-0.641783,NONE,999.9,0,0
3.28747,-69.2683,44.608,-0.792629,3.89806,-0.164642,-0.641783,NONE,999.9,0,0
3.2913,-69.2409,44.5802,-0.794362,3.89873,-0.164957,-0.643125,NONE,999.9,0,0
3.29538,-69.2409,44.5802,-0.794362,3.89873,-0.164957,-0.643125,NONE,999.9,0,0
3.29986,-69.2136,44.5524,-0.795949,3.89938,-0.169119,-0.659457,NONE,999.9,0,0
3.30338,-69.2136,44.5524,-0.795949,3.89938,-0.169119,-0.659457,NONE,999.9,0,0
3.30877,-69.2136,44.5524,-0.795949,3.89938,-0.169119,-0.659457,NONE,999.9,0,0
3.31148,-69.1863,44.5245,-0.797719,3.89999,-0.167886,-0.654753,NONE,999.9,0,0
3.3155,-69.1863,44.5245,-0.797719,3.89999,-0.167886,-0.654753,NONE,999.9,0,0
3.3199,-69.1591,44.4966,-0.799014,3.90057,-0.0783968,-0.305792,NONE,999.9,0,0
3.32331,-69.1591,44.4966,-0.799014,3.90057,-0.0783968,-0.305792,NONE,999.9,0,0
3.32731,-69.1591,44.4966,-0.799014,3.90057,-0.0783968,-0.305792,NONE,999.9,0,0
3.33137,-69.1318,44.4688,-0.799381,3.90113,-0.015024,-0.0586107,NONE,999.9,0,0
3.33532,-69.1318,44.4688,-0.799381,3.90113,-0.015024,-0.0586107,NONE,999.9,0,0
3.3425,-69.1044,44.4409,-0.799345,3.90166,0.0367799,0.143502,NONE,999.9,0,0
3.34351,-69.1044,44.4409,-0.799345,3.90166,0.0367799,0.143502,NONE,999.9,0,0
3.34872,-69.1044,44.4409,-0.799345,3.90166,0.0367799,0.143502,NONE,999.9,0,0
3.35133,-69.0771,44.4131,-0.79871,3.90216,0.0714136,0.278667,NONE,999.9,0,0
3.35534,-69.0771,44.4131,-0.79871,3.90216,0.0714136,0.278667,NONE,999.9,0,0
3.35983,-69.0498,44.3852,-0.797924,3.90347,0.101266,0.395287,NONE,999.9,0,0
3.36467,-69.0498,44.3852,-0.797924,3.90347,0.101266,0.395287,NONE,999.9,0,0
3.36735,-69.0498,44.3852,-0.797924,3.90347,0.101266,0.395287,NONE,999.9,0,0
3.37323,-69.0224,44.3574,-0.796732,3.90471,0.119259,0.465672,NONE,999.9,0,0
3.37549,-69.0224,44.3574,-0.796732,3.90471,0.119259,0.465672,NONE,999.9,0,0
3.38004,-68.995,44.3296,-0.795533,3.9059,0.136584,0.533483,NONE,999.9,0,0
3.3834,-68.995,44.3296,-0.795533,3.9059,0.136584,0.533483,NONE,999.9,0,0
3.38736,-68.995,44.3296,-0.795533,3.9059,0.136584,0.533483,NONE,999.9,0,0
3.39135,-68.9675,44.3018,-0.794038,3.90703,0.145133,0.567038,NONE,999.9,0,0
3.39534,-68.9675,44.3018,-0.794038,3.90703,0.145133,0.567038,NONE,999.9,0,0
3.39982,-68.9401,44.274,-0.792617,3.9081,0.155366,0.607187,NONE,999.9,0,0
3.40505,-68.9401,44.274,-0.792617,3.9081,0.155366,0.607187,NONE,999.9,0,0
3.40767,-68.9401,44.274,-0.792617,3.9081,0.155366,0.607187,NONE,999.9,0,0
3.41186,-68.9126,44.2462,-0.790961,3.90912,0.158614,0.620042,NONE,999.9,0,0
3.41563,-68.9126,44.2462,-0.790961,3.90912,0.158614,0.620042,NONE,999.9,0,0
3.42036,-68.8851,44.2184,-0.789427,3.9101,0.164907,0.644801,NONE,999.9,0,0
3.42365,-68.8851,44.2184,-0.789427,3.9101,0.164907,0.644801,NONE,999.9,0,0
3.428,-68.8851,44.2184,-0.789427,3.9101,0.164907,0.644801,NONE,999.9,0,0
3.43166,-68.8575,44.1907,-0.787691,3.91103,0.165242,0.646268,NONE,999.9,0,0
3.43838,-68.8575,44.1907,-0.787691,3.91103,0.165242,0.646268,NONE,999.9,0,0
3.4407,-68.8299,44.163,-0.786101,3.91191,0.1694,0.662677,NONE,999.9,0,0
3.44468,-68.8299,44.163,-0.786101,3.91191,0.1694,0.662677,NONE,999.9,0,0
3.44767,-68.8299,44.163,-0.786101,3.91191,0.1694,0.662677,NONE,999.9,0,0
3.45167,-68.8022,44.1353,-0.784328,3.91276,0.168183,0.658061,NONE,999.9,0,0
3.45567,-68.8022,44.1353,-0.784328,3.91276,0.168183,0.658061,NONE,999.9,0,0
3.46042,-68.7746,44.1076,-0.78303,3.91356,0.0787485,0.308187,NONE,999.9,0,0
3.46366,-68.7746,44.1076,-0.78303,3.91356,0.0787485,0.308187,NONE,999.9,0,0
3.46869,-68.7746,44.1076,-0.78303,3.91356,0.0787485,0.308187,NONE,999.9,0,0
3.47138,-68.7469,44.0799,-0.782659,3.91432,0.0153292,0.0600033,NONE,999.9,0,0
3.47536,-68.7469,44.0799,-0.782659,3.91432,0.0153292,0.0600033,NONE,999.9,0,0
3.48011,-68.7193,44.0522,-0.782693,3.91505,-0.0365406,-0.143059,NONE,999.9,0,0
3.48332,-68.7193,44.0522,-0.782693,3.91505,-0.0365406,-0.143059,NONE,999.9,0,0
3.4873,-68.7193,44.0522,-0.782693,3.91505,-0.0365406,-0.143059,NONE,999.9,0,0
3.4913,-68.6917,44.0244,-0.783326,3.91575,-0.0712794,-0.279112,NONE,999.9,0,0
3.4953,-68.6917,44.0244,-0.783326,3.91575,-0.0712794,-0.279112,NONE,999.9,0,0
3.50214,-68.664,43.9967,-0.784111,3.91641,-0.101304,-0.396746,NONE,999.9,0,0
3.50336,-68.664,43.9967,-0.784111,3.91641,-0.101304,-0.396746,NONE,999.9,0,0
3.5075,-68.664,43.9967,-0.784111,3.91641,-0.101304,-0.396746,NONE,999.9,0,0
3.51129,-68.6364,43.9689,-0.785304,3.91704,-0.119447,-0.467877,NONE,999.9,0,0
3.5153,-68.6364,43.9689,-0.785304,3.91704,-0.119447,-0.467877,NONE,999.9,0,0
3.51983,-68.6088,43.9411,-0.786505,3.91763,-0.136901,-0.536328,NONE,999.9,0,0
3.52337,-68.6088,43.9411,-0.786505,3.91763,-0.136901,-0.536328,NONE,999.9,0,0
3.52734,-68.6088,43.9411,-0.786505,3.91763,-0.136901,-0.536328,NONE,999.9,0,0
3.53267,-68.5813,43.9133,-0.788005,3.91821,-0.145555,-0.570314,NONE,999.9,0,0
3.53538,-68.5813,43.9133,-0.788005,3.91821,-0.145555,-0.570314,NONE,999.9,0,0
3.54067,-68.5537,43.8854,-0.78943,3.91894,-0.155841,-0.610733,NONE,999.9,0,0
3.54336,-68.5537,43.8854,-0.78943,3.91894,-0.155841,-0.610733,NONE,999.9,0,0
3.54737,-68.5537,43.8854,-0.78943,3.91894,-0.155841,-0.610733,NONE,999.9,0,0
3.55135,-68.5262,43.8575,-0.791091,3.91963,-0.159134,-0.623748,NONE,999.9,0,0
3.55635,-68.5262,43.8575,-0.791091,3.91963,-0.159134,-0.623748,NONE,999.9,0,0
3.55993,-68.4986,43.8296,-0.792631,3.92029,-0.165458,-0.648642,NONE,999.9,0,0
3.56337,-68.4986,43.8296,-0.792631,3.92029,-0.165458,-0.648642,NONE,999.9,0,0
3.56795,-68.4986,43.8296,-0.792631,3.92029,-0.165458,-0.648642,NONE,999.9,0,0
3.5714,-68.4711,43.8017,-0.794372,3.92092,-0.165818,-0.65016,NONE,999.9,0,0
3.57547,-68.4711,43.8017,-0.794372,3.92092,-0.165818,-0.65016,NONE,999.9,0,0
3.57994,-68.4437,43.7737,-0.795968,3.92152,-0.169988,-0.666611,NONE,999.9,0,0
3.58334,-68.4437,43.7737,-0.795968,3.92152,-0.169988,-0.666611,NONE,999.9,0,0
3.58737,-68.4437,43.7737,-0.795968,3.92152,-0.169988,-0.666611,NONE,999.9,0,0
3.59132,-68.4162,43.7457,-0.797747,3.9221,-0.168781,-0.661974,NONE,999.9,0,0
3.59681,-68.4162,43.7457,-0.797747,3.9221,-0.168781,-0.661974,NONE,999.9,0,0
3.60007,-68.3888,43.7176,-0.799365,3.92264,-0.171822,-0.673996,NONE,999.9,0,0
3.60335,-68.3888,43.7176,-0.799365,3.92264,-0.171822,-0.673996,NONE,999.9,0,0
3.60752,-68.3888,43.7176,-0.799365,3.92264,-0.171822,-0.673996,NONE,999.9,0,0
3.61135,-68.3614,43.6895,-0.801158,3.92316,-0.169814,-0.666205,NONE,999.9,0,0
3.6153,-68.3614,43.6895,-0.801158,3.92316,-0.169814,-0.666205,NONE,999.9,0,0
3.61981,-68.3341,43.6614,-0.80247,3.92365,-0.0796755,-0.312619,NONE,999.9,0,0
3.62331,-68.3341,43.6614,-0.80247,3.92365,-0.0796755,-0.312619,NONE,999.9,0,0
3.62846,-68.3341,43.6614,-0.80247,3.92365,-0.0796755,-0.312619,NONE,999.9,0,0
3.63147,-68.3067,43.6333,-0.802846,3.92412,-0.0157236,-0.0617014,NONE,999.9,0,0
3.63549,-68.3067,43.6333,-0.802846,3.92412,-0.0157236,-0.0617014,NONE,999.9,0,0
3.63988,-68.2793,43.6052,-0.802815,3.92457,0.0365384,0.143398,NONE,999.9,0,0
3.64331,-68.2793,43.6052,-0.802815,3.92457,0.0365384,0.143398,NONE,999.9,0,0
3.6473,-68.2793,43.6052,-0.802815,3.92457,0.0365384,0.143398,NONE,999.9,0,0
3.65132,-68.2519,43.5771,-0.802181,3.925,0.0715667,0.280899,NONE,999.9,0,0
3.65533,-68.2519,43.5771,-0.802181,3.925,0.0715667,0.280899,NONE,999.9,0,0
3.66229,-68.2244,43.549,-0.801392,3.92541,0.101794,0.399582,NONE,999.9,0,0
3.66332,-68.2244,43.549,-0.801392,3.92541,0.101794,0.399582,NONE,999.9,0,0

--- Experiment Summary ---
Scenario,Spielberg_SPD4.5_TGT4.5_ACC5.0_CRV0.8
Mode,FRENET
Finish Reason,MANUAL_ABORT (Force Quit)
Duration (s),3.66
Total Dist (m),12.25
Max Speed (m/s),3.93
Max Lat Acc (m/s^2),4.02
Collision,NO
FRENET Usage (%),0.00
FGM Usage (%),0.00
Min Dist (m),999.90
Unsafe Time (s),0.00
Unsafe Ratio,0.00
Track Error RMS (m),0.00
Lat Acc RMS (m/s^2),1.17
